organisationunitid,organisationunitname,MOH 731 Positive_Total (Sum HV01-18 to HV01-25) HV01-26,burden_category,MOH 731 Infected_24mths HV02-47,MOH 731 Uninfected_24mths HV02-48,MOH 731 Net cohort_HEI_24 months HV02-50,transmission_rate
SlmxDUIybki,Abidha Health Centre,4.0,Low/Moderate,,10.0,10.0,
tpmeDcmWQWf,Aboloi Dispensary,1.0,Low/Moderate,,1.0,1.0,
VsK11IQUWdd,Acef Ena Health Centre,4.0,Low/Moderate,,4.0,4.0,
E0sp9SbtPJo,Adiedo Health Centre,6.0,High,,4.0,4.0,
cQB8Va1pD81,Administration Police Dispensary (Kisumu),18.0,Very High,,1.0,1.0,
pkKPZUYXl5l,Adu Dispensary,1.0,Low/Moderate,,2.0,2.0,
qIuHbZDmYPX,Agawo Health Centre,1.0,Low/Moderate,,5.0,5.0,
orKDpItM56v,Agenga Dispensary,8.0,High,,5.0,7.0,
iPKeTl8lSAZ,Ahero County Hospital,34.0,Severe,2.0,39.0,43.0,4.651162790697675
TYKsuf1A6HB,Ahero Medical Centre,2.0,Low/Moderate,1.0,5.0,6.0,16.666666666666664
Hz0YZaxawTo,Ahmadiya Hospital,3.0,Low/Moderate,,1.0,3.0,
AawtXdUefwb,AIC Litein Mission Hospital,11.0,High,,13.0,13.0,
Q4h7yLoLe0G,Ainamoi Health Centre,7.0,High,,1.0,2.0,
oEWhqoUHkvt,Airport Health Centre (Kisumu),9.0,High,,12.0,12.0,
KuftRocWEh1,Ajam Mission Health Centre,5.0,Low/Moderate,,4.0,4.0,
ngzYEraCr33,Akala Health Centre,14.0,Very High,,10.0,10.0,
p88Dp0k1GH3,Alum Beach Health Centre,1.0,Low/Moderate,,6.0,6.0,
wmUX4Xf6mHU,Alupe Sub County Referral Hospital,22.0,Severe,,6.0,6.0,
cjPwf2Grgo9,Alwalidayn Dispensary,10.0,High,,5.0,5.0,
cPDS7MOxcm9,Amaase Dispensary,4.0,Low/Moderate,1.0,5.0,6.0,16.666666666666664
QRZj3gcahYE,Ambira Sub-County Hospital,29.0,Severe,,20.0,25.0,
dzlUVt1ajq1,Amoyo Health Center,1.0,Low/Moderate,,7.0,7.0,
L9EJeHLBG1b,Amukura Health Centre,14.0,Very High,1.0,6.0,7.0,14.285714285714285
ps5w3QhjIM7,Amurt Health Centre,12.0,Very High,1.0,1.0,2.0,50.0
c5gNJhUz9rg,Andersen Medical Centre,4.0,Low/Moderate,,2.0,3.0,
lfs5qignpT4,Anding'o Opanga Dispensary,2.0,Low/Moderate,,6.0,6.0,
m7VVNB6yflG,Ang'iya Health Centre,1.0,Low/Moderate,,5.0,5.0,
dWATcMI6XJL,Angaga Dispensary,3.0,Low/Moderate,,2.0,2.0,
VRRLwQpnKfY,Angata Health Centre,5.0,Low/Moderate,,1.0,1.0,
allzILkIelH,Angurai Sub County Hospital,4.0,Low/Moderate,,,2.0,
xaQ9Z2jrxRM,Anjego Dispensary,1.0,Low/Moderate,,7.0,9.0,
ETYKLHaZtuG,Annex Hospital (Nakuru),4.0,Low/Moderate,,1.0,1.0,
Tkgo1tPTOv2,Anyuongi Dispensary,4.0,Low/Moderate,,8.0,8.0,
tmOunpxPDt9,AP Line Dispensary,17.0,Very High,1.0,10.0,11.0,9.090909090909092
wP6cPKxmPwl,Approved Dispensary,10.0,High,,2.0,6.0,
yjdx3bVwjJP,Approved School Dispensary (Machakos),3.0,Low/Moderate,,1.0,1.0,
eGSDTRaBYvN,Aptc Health Centre,11.0,High,1.0,1.0,2.0,50.0
Ssbkr9jzWWk,Archers Post Catholic Health Centre,1.0,Low/Moderate,,2.0,2.0,
kOFBpSMhe9h,Arito Langi Health Centre,4.0,Low/Moderate,,3.0,3.0,
QiXeOXMmlX0,Arombe Dispensary,19.0,Severe,,15.0,15.0,
GiQGODA5NZB,Asat Beach Dispensary,4.0,Low/Moderate,,3.0,3.0,
GqpnFjeQXTM,Ashburn Ohuru Nursing Home,1.0,Low/Moderate,,2.0,2.0,
FPGtNGfdSlZ,Asumbi Mission Hospital,15.0,Very High,,16.0,16.0,
mubdg2NphtL,Atela Health Centre,5.0,Low/Moderate,,5.0,5.0,
bxtsV3tmxZi,Atemo Health Centre,3.0,Low/Moderate,,2.0,2.0,
u8TCfCqeQpJ,Athi Kamunyuni Health Centre,4.0,Low/Moderate,,1.0,1.0,
ISsRMwepdm7,Awasi Mission Health Center,10.0,High,,10.0,10.0,
ZBtoRProc6e,Awendo Sub County Hospital,18.0,Very High,,23.0,23.0,
CzGqegvtcf5,Babadogo (EDARP),23.0,Severe,,18.0,18.0,
obSn4iRC7wn,Babadogo Health Centre,20.0,Severe,,13.0,13.0,
X7szCNmxLXn,Bahai Dispensary,1.0,Low/Moderate,,,1.0,
cQa0PvCvbxM,Bahati District Hospital,19.0,Severe,,9.0,16.0,
emnI9dqORPt,Bahati Hospital,20.0,Severe,1.0,17.0,24.0,4.166666666666666
hHFDDKwv5UN,Bahati Rural Health Centre,2.0,Low/Moderate,,,2.0,
kZP86ulsOJr,Bama Hospital,10.0,High,,5.0,6.0,
IKdUHYliWr5,Bamboo Health Centre,18.0,Very High,,4.0,4.0,
dO93Ue6OwRr,Bamburi Dispensary,21.0,Severe,,7.0,10.0,
hLMDMOsAv6Y,Bande Dispensary,2.0,Low/Moderate,,5.0,5.0,
oYc9S0YvbLH,Banja Health Centre,6.0,High,,1.0,1.0,
RrxywQuOoio,Baolala Dispensary,2.0,Low/Moderate,,1.0,2.0,
DqwooToZ1N9,Bar Achuth Dispensary,5.0,Low/Moderate,,8.0,8.0,
gFFdF6hGiFe,Bar Agulu Dispensary,2.0,Low/Moderate,,11.0,11.0,
yonouRgu7l7,Bar Aluru Dispensary (Rarieda),7.0,High,,8.0,8.0,
lq9mb305HDu,Bar Korwa Health Centre,6.0,High,,7.0,7.0,
bhfD7RGs2gk,Bar Ndege Dispensary,4.0,Low/Moderate,,9.0,9.0,
sK3DDy5tVCy,Bar Olengo Dispensary,5.0,Low/Moderate,,9.0,9.0,
ZL7FkyG3uwc,Bar Sauri Health Centre,5.0,Low/Moderate,,2.0,2.0,
tBD7EcDrqR8,Baraka Dispensary (Nairobi),59.0,Critical,,13.0,17.0,
jetCZf5Uzd1,Barding Dispensary,2.0,Low/Moderate,,1.0,1.0,
yQujnfNnzQJ,Baricho Subcounty Hospital,2.0,Low/Moderate,,1.0,1.0,
NcCkDlIqJuM,Baringo County Referral Hospital,8.0,High,1.0,9.0,11.0,9.090909090909092
vG1iOKniT2c,Beacon of Hope Clinic (Ongata Rongai),28.0,Severe,,4.0,4.0,
YjzBFHmaVTv,Benga Dispensary,1.0,Low/Moderate,,2.0,2.0,
m1CfptepCVX,Bennedict XVI Hospital,5.0,Low/Moderate,,1.0,1.0,
PaKMtCzMDnk,Biafra Lions Dispensary,7.0,High,,3.0,3.0,
dzY2ptkmDAC,Bishop Kioko Catholic Hospital,12.0,Very High,,4.0,4.0,
aZCS6UZRpdL,Bitare Dispensary,5.0,Low/Moderate,,2.0,2.0,
Jzb6ev63ccp,Blue House (AHF) Dispensary,17.0,Very High,,5.0,12.0,
gYaEWAxDwbL,Bodi Health Centre,2.0,Low/Moderate,,11.0,11.0,
a6KR1c7QXeL,Bokole CDF Dispensary,10.0,High,,2.0,5.0,
L7s7lF6nv95,Bokoli  Sub-County Hospital,8.0,High,,1.0,5.0,
J92hsLeBV21,Bomet Health Centre,15.0,Very High,,1.0,1.0,
OtnHULC4QwB,Bomu Medical Centre (Likoni),17.0,Very High,,20.0,21.0,
w5udNAfZvrb,Bomu Medical Centre (Mariakani),7.0,High,,8.0,9.0,
BsbMOs77eO2,Bomu Medical Hospital (Changamwe),31.0,Severe,,36.0,38.0,
vPGUu3uwSan,Bondeni Dispensary (Nakuru Central),15.0,Very High,,3.0,3.0,
kF4aaglTa6T,Bondeni Health Centre (Trans Nzoia - Saboti),5.0,Low/Moderate,,1.0,3.0,
BxIp7V5DU9D,Bondeni Sub County Hospital,9.0,High,2.0,11.0,16.0,12.5
Z6fKUbscAbZ,Bondo County Referral Hospital,35.0,Severe,16.0,30.0,49.0,32.6530612244898
xHviPII2Tc3,Boro Dispensary,7.0,High,,6.0,6.0,
mZ5dBUXvXqh,Bosiango Health Centre,1.0,Low/Moderate,,1.0,1.0,
X43Tf1LIRXh,Brother Andre Medial Centre,2.0,Low/Moderate,,3.0,4.0,
WYaAkILOP16,Buchangu Dispensary,1.0,Low/Moderate,,1.0,1.0,
Y1wbtycY0V8,Budalangi Dispensary,4.0,Low/Moderate,,4.0,4.0,
gkvsBoZvbH1,Bugina Health Centre,5.0,Low/Moderate,2.0,,2.0,100.0
OQUMus9IsA1,Bugumbe Health Centre,11.0,High,1.0,4.0,5.0,20.0
ndBnE6yUjoy,Bukaya Health Centre,3.0,Low/Moderate,,5.0,6.0,
lSB8vsporuH,Bukembe Dispensary,9.0,High,,5.0,5.0,
wcM6pww7h2a,Bukura Health Centre,10.0,High,,6.0,7.0,
VIFQ1jyMX4e,Bulondo Dispensary,1.0,Low/Moderate,,2.0,2.0,
aMTxgqDmizK,Bumala A Health Centre,14.0,Very High,,21.0,25.0,
nuEpF1eboYN,Bumala B Sub County Hospital,6.0,High,,8.0,10.0,
Gci6fQrejup,Bumula Sub County Hospital,13.0,Very High,1.0,3.0,5.0,20.0
mSjyGBo4Rqu,Bumutiru Dispensary,2.0,Low/Moderate,,2.0,2.0,
OaksTvWzoaf,Bunde Health Centre,3.0,Low/Moderate,,9.0,9.0,
wXYxrsjOc8d,Bungasi Health Centre,6.0,High,,3.0,5.0,
WDJtmgLjGD8,Bungoma County Referral Hospital,70.0,Critical,,25.0,38.0,
SWfFxTZ0VGG,Bura Subcounty Hospital,2.0,Low/Moderate,,4.0,4.0,
d23vOh36Pqw,Burumba Dispensary,2.0,Low/Moderate,,2.0,2.0,
vxKshylcIW5,Busagwa Dispensary,1.0,Low/Moderate,,2.0,2.0,
ih3vU3AXadk,Busembe Dispensary,2.0,Low/Moderate,,1.0,1.0,
dI28kasf8Jj,Bushiri Health Centre,10.0,High,,1.0,3.0,
XsRFIn0FhzA,Busia County Referral Hospital,68.0,Critical,,32.0,36.0,
OVV0fHS7fux,Butere Sub County Hospital,19.0,Severe,,10.0,17.0,
Tns72Eh3EfT,Butingo Dispensary,2.0,Low/Moderate,,1.0,1.0,
yFrzItHccVH,Butula Mission Health Centre,5.0,Low/Moderate,,6.0,6.0,
wd25QXppWr2,Bware Health Center,2.0,Low/Moderate,,2.0,,
Ch9QLIX4Lv4,Cana Family Life Clinic,3.0,Low/Moderate,,2.0,2.0,
HOvK1bxRsNF,Catholic Hospital Wamba,2.0,Low/Moderate,1.0,1.0,2.0,50.0
tvYS6hl4l6l,Cdc Ganjoni Dispensary,16.0,Very High,,3.0,5.0,
ZeHU0vtmrVW,Chaani Catholic Dispensary,1.0,Low/Moderate,,3.0,3.0,
RUBAdXhzucO,Chamuka Dispensary,5.0,Low/Moderate,,4.0,4.0,
CckiDj0RzXx,Chandaria Health Centre,16.0,Very High,,2.0,2.0,
oGBXTwGNwBb,Chasimba Health Centre,2.0,Low/Moderate,,2.0,2.0,
Va4NxnOtD4e,Chebangang Health Centre,11.0,High,,2.0,2.0,
E30aVzHdBRU,Chebunyo Dispensary,10.0,High,,,1.0,
JTL8OVhlUqF,Chebwai Mission Dispensary,1.0,Low/Moderate,,1.0,1.0,
Ci1bld843vy,Chekalini Health Centre,3.0,Low/Moderate,,4.0,4.0,
vVYa9Lb6bZ5,Chemelil Health Centre (Muhoroni),3.0,Low/Moderate,,5.0,11.0,
PeEVPAKDbaC,Chemelil Sugar Health Centre,1.0,Low/Moderate,,1.0,2.0,
hqPkw34FUAM,Chemosot Health Centre,12.0,Very High,,3.0,3.0,
w2kedceJwpf,Chepareria Sub County Hospital,7.0,High,,5.0,5.0,
ZXeCbiargkA,Chepchoina Dispensary,10.0,High,,3.0,5.0,
qCpPJL5V2m1,Cheptais Sub County Hospital,6.0,High,,2.0,2.0,
ULWedqfO8cB,Cheptalal Sub County Hospital,6.0,High,,1.0,2.0,
wZn5GUHSpIZ,Chepterwai Sub-County Hospital,3.0,Low/Moderate,1.0,1.0,3.0,33.33333333333333
xmCIA3BSudt,Cherangany Sub County Hospital,5.0,Low/Moderate,,6.0,7.0,
TFTsjlwBeca,Chianda Dispensary (Rarieda),6.0,High,,1.0,1.0,
cMV2EgW6Tza,Chief Milimu Dispensary,8.0,High,,2.0,3.0,
qNO02IGD3yn,Chiga Sub County Hospital,9.0,High,,3.0,3.0,
kUsA28Yefik,Child Doctor Kenya,5.0,Low/Moderate,,4.0,4.0,
kVVmxGZKCfA,Chinato Health Centre,2.0,Low/Moderate,,2.0,2.0,
Q1cLTOTQ8i7,Christamarianne Mission Hospital,15.0,Very High,,20.0,20.0,
sD0C4mSXA4H,Chuka County Refferal Hospital,19.0,Severe,1.0,7.0,10.0,10.0
aRWvqnCMOEN,Chulaimbo County Hospital,26.0,Severe,,45.0,47.0,
S2nFt5STJyM,Chuowe Health centre,2.0,Low/Moderate,,2.0,2.0,
PjJrujKwMvY,Chuthber Health Centre,2.0,Low/Moderate,,2.0,2.0,
fUo2NrKCikw,Chwele Friends Dispensary,9.0,High,,,1.0,
qZCaWe683G3,Chwele Sub County Hospital,11.0,High,,3.0,12.0,
ZLKeFpFXbAQ,Cmf Aitong Health Centre,4.0,Low/Moderate,,1.0,1.0,
WQBUBXxXVe5,Coast General Teaching and Referral Hospital,82.0,Critical,,14.0,16.0,
kJ5MjZkaoSP,Coast General Teaching and Referral Hospital (Chaani Outreach Centre),15.0,Very High,,4.0,5.0,
wi1we3OlD7A,Coast General Teaching and Referral Hospital Vikwatani Outreach Centre,6.0,High,,15.0,15.0,
amP1kWytNm2,Consolata Kyeni Hospital,10.0,High,,10.0,10.0,
Aqw6Dbpsjk6,Consolata Mission Hospital (Mathari),11.0,High,1.0,10.0,13.0,7.6923076923076925
fMexRJbQRAw,Consolata Mission Hospital Nkubu,26.0,Severe,1.0,12.0,21.0,4.761904761904762
LtGa9hWTpLy,Coptic Hospital,57.0,Critical,,36.0,50.0,
izA6A7pqMPN,Coptic Medical Clinic,8.0,High,,13.0,21.0,
oic5beVUm72,Coptic Nursing Home,16.0,Very High,,3.0,13.0,
fMMxisqLyA8,Cottolengo Mission Hospital,21.0,Severe,,4.0,4.0,
UtipAc6rtV6,Dagoretti Sub-County Hospital Mutuini,16.0,Very High,,6.0,10.0,
NXlTHAroEmk,Dallas Health Centre,3.0,Low/Moderate,,6.0,6.0,
VV18KDaWASs,Dandelion Medical Centre,3.0,Low/Moderate,,2.0,2.0,
FXzBJIjcAZ5,Dandora (EDARP) Clinic,15.0,Very High,2.0,11.0,20.0,10.0
zQh2n2JcWtl,Dandora I Health Centre,16.0,Very High,,16.0,19.0,
DBROL4dIIzA,Dandora II Health Centre,27.0,Severe,,17.0,24.0,
WG7O02P8x4T,Dede Health Centre,8.0,High,,11.0,15.0,
uhuTgMdpGDx,Diani Health Centre,13.0,Very High,,12.0,15.0,
yjW8519Mkn2,Dienya Health Centre,6.0,High,,7.0,7.0,
WP7J5im3gDh,Difathas Health Centre,4.0,Low/Moderate,,1.0,3.0,
LYR8fhhFOaQ,Diruma Dispensary,3.0,Low/Moderate,,1.0,1.0,
H2T8SxOU1zP,Disciples of Mercy Clinic,11.0,High,6.0,3.0,9.0,66.66666666666666
p7wCM1JfI5d,Divine Mercy Aluor Health Centre,5.0,Low/Moderate,,6.0,10.0,
iQqQPaktVMP,Dolphil Nursing & Maternity Home,5.0,Low/Moderate,,2.0,2.0,
rGgw3l0bHEI,Dreams Center Dispensary,17.0,Very High,,7.0,7.0,
x2ByD5QP18B,Dundori Health Centre,7.0,High,,4.0,4.0,
y66tzv9tspm,Eagle Health Care,3.0,Low/Moderate,,5.0,5.0,
OkCML3CEtNi,Eastleigh Health Centre,11.0,High,,6.0,7.0,
t8pVCEXnij3,Ebusiratsi Health Centre,8.0,High,,3.0,9.0,
QiAHGmf0031,Ebusyubi Dispensary,4.0,Low/Moderate,,1.0,1.0,
hVTJp5M0cGz,EDARP Donholm Clinic,31.0,Severe,,28.0,34.0,
u0gDQ38iF5S,EDARP Huruma Clinic,14.0,Very High,,5.0,15.0,
r13EdOxFc92,EDARP Komarock Health Centre,19.0,Severe,,25.0,31.0,
RVQtRwy75Wt,EDARP Soweto Health Centre,29.0,Severe,,17.0,25.0,
Sbo33DobMUY,Egerton University,1.0,Low/Moderate,,1.0,1.0,
PqsRn07KCKv,Ekalakala Health Centre,6.0,High,,6.0,7.0,
hYlQ9bF0BNY,Ekerenyo Sub-District Hospital,20.0,Severe,,4.0,4.0,
KvcLdBE3Qar,Ekwanda Health Centre,10.0,High,,4.0,4.0,
agm4CQgIwuf,Elburgon Sub County Hospital,12.0,Very High,2.0,9.0,12.0,16.666666666666664
nvSVIH9Vnhg,Elgon View Medical Cottage,7.0,High,,,2.0,
iWFObHTUbzT,Eluche Dispensary,1.0,Low/Moderate,,1.0,3.0,
PMtDVZGDXRv,Elwangale Health Centre,3.0,Low/Moderate,,1.0,1.0,
sKHkoTOfodh,Elwasambi Dispensary,2.0,Low/Moderate,,3.0,5.0,
fVYB9g9ByWU,Elwesero Model Health Centre,13.0,Very High,,9.0,11.0,
Lbsm3keaoKp,Emali Sub County Hospital,15.0,Very High,,8.0,8.0,
RILlb5RVEkC,Ematsuli Dispensary,3.0,Low/Moderate,,1.0,2.0,
fqT44AXXEda,Embakasi Health Centre,24.0,Severe,,19.0,21.0,
wvzZZaYO0Fm,Embonga Health Centre,1.0,Low/Moderate,,1.0,1.0,
ubYSAHlGbvb,Embu Level 5 Hospital,18.0,Very High,1.0,15.0,18.0,5.555555555555555
KI0xDaiHbXY,Emurua Dikirr   Sub county Hospital,3.0,Low/Moderate,1.0,,1.0,100.0
DkcS7mBduV7,Emusanda Health Centre,4.0,Low/Moderate,,2.0,5.0,
bdcsVP2hS8A,Emusire Sub County Hospital,5.0,Low/Moderate,,,2.0,
PnwtJbax3ac,Enabelbel Health Centre,10.0,High,,2.0,2.0,
I4AiM5QGOvq,Endarasha Rural Health Centre,5.0,Low/Moderate,,3.0,3.0,
CwoN2my0ByS,Endebess Sub- County Hospital,17.0,Very High,1.0,7.0,8.0,12.5
ZQT01wKQqiS,Endiba Health Centre,3.0,Low/Moderate,,1.0,2.0,
UzyDMLPCc1K,Engashura Health Centre,5.0,Low/Moderate,1.0,5.0,6.0,16.666666666666664
fS76SN2mDYs,Engineer County Hospital,6.0,High,,10.0,10.0,
iOaejculBnN,Entarara Health Centre,2.0,Low/Moderate,,1.0,1.0,
TebstKvirIl,Enzaro Health Centre,3.0,Low/Moderate,11.0,,11.0,100.0
YFxkxX3dyJ0,Esani Sub-County  Hospital,6.0,High,,4.0,4.0,
WKpi4HTOfa6,Eshiabwali Health Centre,1.0,Low/Moderate,,,1.0,
rEKNga4CgFK,Eshikhuyu Dispensary,3.0,Low/Moderate,,3.0,3.0,
hVOEvLLuWx6,Eshimukoko Health Centre,2.0,Low/Moderate,,3.0,3.0,
dAnPb1AZoKy,Eshinutsa Health Centre,4.0,Low/Moderate,,1.0,1.0,
kH3yXjFQi6C,Esikulu Dispensary,2.0,Low/Moderate,,1.0,1.0,
FHYf7mQFpOT,Etago Sub-county Hospital,3.0,Low/Moderate,,3.0,3.0,
u5q6JCLA4SL,Ewaso Ngiro Health Centre,6.0,High,,2.0,3.0,
xxV4wmw5vPj,Ewuaso Kedong Health Centre,11.0,High,,,1.0,
dGGuPEx55Jl,FHOK - Family Care Medical Centre - Nakuru,2.0,Low/Moderate,,5.0,5.0,
obZQ6vqwYzN,Fitc Dispensary,8.0,High,,8.0,9.0,
BlfBnS88vK8,Flamingo Medical Centre,11.0,High,,1.0,3.0,
Q9N0D3AoEOJ,Forttenan Sub County Hospital,4.0,Low/Moderate,,3.0,3.0,
rvY6Idb4l9H,Fremo Medical Centre,1.0,Low/Moderate,1.0,,1.0,100.0
NhqbIqtewwY,Future Life Community Nursing  and Maternity Home,1.0,Low/Moderate,,3.0,3.0,
lHuuAQl16rT,Gachororo Health Centre,20.0,Severe,,7.0,7.0,
tCDh3rEYIVj,Gachuriri Dispensary,4.0,Low/Moderate,,,1.0,
fvnBMGJT2Sb,Gaichanjiru Hospital,1.0,Low/Moderate,,3.0,3.0,
LcbKtIpSxFP,Ganda Dispensary,6.0,High,,,1.0,
OZzaTu0NyK2,Ganze Health Centre,8.0,High,,1.0,3.0,
eOwcPUHIpgE,Garissa Level 5 Teaching and Referral Hospital,18.0,Very High,,2.0,3.0,
JfanPlPxNKE,Gategi Health Centre,6.0,High,,3.0,3.0,
ZcNH8iNquIL,Gathambi Health Centre,1.0,Low/Moderate,,1.0,1.0,
AagM6cS5ef7,Gatimbi Health Centre,1.0,Low/Moderate,,3.0,3.0,
RPNI2yciVPb,Gatimu Health Centre,1.0,Low/Moderate,,1.0,1.0,
WrZYJH3y1Fh,Gatundu Level 5 Hospital,19.0,Severe,,10.0,14.0,
dUO3G9O89X7,Gatunyu Dispensary,3.0,Low/Moderate,,4.0,4.0,
KKndGuWgx1c,Gatura Healh Centre,5.0,Low/Moderate,,1.0,1.0,
FkB4lcoQfnz,Gede Sub County Hospital,12.0,Very High,,10.0,11.0,
EaAOtVISoLP,Gesusu Sub-County Referral Hospital,11.0,High,,8.0,8.0,
La4FiUTG0Ed,Geta Bush Health Centre,2.0,Low/Moderate,,2.0,2.0,
TjAizB1Q3zr,Getare Health Centre,6.0,High,,4.0,6.0,
JWSHmk8XVoB,Gichiche Health Centre,6.0,High,,3.0,3.0,
suwoJuHlA2b,Gichira Health Centre,2.0,Low/Moderate,,3.0,4.0,
HdbugkfTIcQ,Gichuru Dispensary,7.0,High,,,9.0,
pUcL23obDlW,Gikono Dispensary,5.0,Low/Moderate,2.0,2.0,4.0,50.0
dx6XwBdUB2q,Gilgil Sub County Hospital,18.0,Very High,1.0,11.0,15.0,6.666666666666667
xa8ZMxIarv6,Giribe Dispensary,10.0,High,,4.0,5.0,
ngqqwzhuvjL,Gita Sub County Hospital,8.0,High,1.0,9.0,11.0,9.090909090909092
SZgImyX0tp9,Githiga Health Centre,1.0,Low/Moderate,,3.0,4.0,
bGUaAhlsRqp,Githogoro Runda Baptist Clinic (Getrudes Nairobi),14.0,Very High,,3.0,3.0,
XFmkizVkihs,Githongo Sub-County Hospital,2.0,Low/Moderate,,2.0,5.0,
oau2wlYZlO3,Githumu Hospital,10.0,High,,2.0,2.0,
rg99yzExwVO,Githunguri Health Centre,16.0,Very High,,12.0,15.0,
oywqPDtNrTb,Githunguri Health Centre (Ruiru),4.0,Low/Moderate,,5.0,7.0,
LeATvvxVKcP,Givudimbuli Health Centre,2.0,Low/Moderate,,1.0,3.0,
hcWdD9jFQQf,GK Farm Prisons Health Centre,18.0,Very High,,1.0,1.0,
yfk4umSvayX,GK Prison Dispensary (Magarini),9.0,High,1.0,5.0,6.0,16.666666666666664
kIKjM5pMTat,GK Prisons Dispensary (Busia),15.0,Very High,,4.0,4.0,
yanWZpO1esQ,GK Prisons Dispensary (Kakamega Central),13.0,Very High,,2.0,2.0,
XdmsyjZT77E,GK Prisons Dispensary (Kibos),13.0,Very High,,1.0,1.0,
APRSsUJAVrP,Gobei Health Centre,9.0,High,,13.0,13.0,
G44EhGVs2FX,God Jope Dispensary,7.0,High,,9.0,9.0,
Dp9uga9zfqH,God Kwer Dispensary,16.0,Very High,,14.0,16.0,
IlPlC1wPLOt,Godber Health Centre,2.0,Low/Moderate,,1.0,1.0,
KRC06WZHgOL,Gongo Health Centre,5.0,Low/Moderate,,2.0,2.0,
AzOEyXz9Alb,Gongo Health Centre,2.0,Low/Moderate,,6.0,6.0,
hRvE0UfQ1LZ,Gongoni Health Centre,12.0,Very High,,7.0,7.0,
DPmbpX7Npsj,Good Shepherd Ang'iya,3.0,Low/Moderate,,18.0,18.0,
DVnHWnAZOjR,Got Agulu Sub-District Hospital,7.0,High,,14.0,14.0,
Wd7fRx7kIDT,Got Kojowi Health Centre,4.0,Low/Moderate,,12.0,14.0,
LUgqcwSvTS4,Got Matar Health Centre,6.0,High,,2.0,2.0,
M6pRVexaXwC,Got Osimbo Dispensary,6.0,High,,2.0,2.0,
S3nhzDadRjF,Got Oyaro Health Centre,1.0,Low/Moderate,,7.0,7.0,
dDUH3HhyOUc,Got Regea Dispensary,3.0,Low/Moderate,,4.0,4.0,
Y87ZGSAcivK,Gucha Sub County Referral Hospital,23.0,Severe,,17.0,17.0,
zwnu6Pa5gLi,Hamisi Sub County Hospital,7.0,High,1.0,3.0,4.0,25.0
zYY0B4vnqpE,Hamundia Health Centre,1.0,Low/Moderate,,4.0,4.0,
GrfDMFELnO0,Hawinga Health Centre,2.0,Low/Moderate,,11.0,11.0,
wgZ2mHu3aX9,Holo Dispensary,2.0,Low/Moderate,,5.0,5.0,
g9QbZTBk5sC,Holy Cross Dispensary,5.0,Low/Moderate,,1.0,1.0,
CmIEKqOW8Lg,Holy family Catholic Hospital (Githunguri),8.0,High,,4.0,4.0,
qZqNL79w8Zg,Holy Family Nangina Mission Hospital,8.0,High,,18.0,18.0,
yYUcfesOy2t,Holy Family Oriang Health Centre   3A,8.0,High,1.0,18.0,20.0,5.0
q1W718UMFWK,Homa Bay County Teaching and Referral Hospital,36.0,Severe,2.0,51.0,55.0,3.6363636363636362
N6Z5RiN7cJl,Homa Hills Health Centre,2.0,Low/Moderate,,8.0,8.0,
NkqwenLKRZh,Homa Lime Health Centre,1.0,Low/Moderate,,6.0,6.0,
sL4A85fJAXA,Hongo Ogosa Health Centre,9.0,High,,11.0,14.0,
AHVXluh93vZ,Hope Compassionate (ACK) Dispensary,1.0,Low/Moderate,,5.0,5.0,
Q4d8psx1iAH,House of Hope Medical Centre,1.0,Low/Moderate,,2.0,2.0,
m0NMs35zjQP,Huruma Lions Health Centre,34.0,Severe,1.0,22.0,23.0,4.3478260869565215
eu57gimZRDs,Huruma Nursing Home and Maternity,2.0,Low/Moderate,,2.0,2.0,
F5HtXiaPY8b,Ibeno Sub County Hospital,1.0,Low/Moderate,,1.0,2.0,
hgYuumviWXp,Igara Dispensary,1.0,Low/Moderate,,2.0,2.0,
hpI6fI0SMxI,Igare Medical Clinic,3.0,Low/Moderate,,1.0,1.0,
I0kQUozVjhZ,Igegania Level 4 Hospital,6.0,High,,6.0,6.0,
WVQA3Ztjy6t,Iguhu Sub County Hospital,15.0,Very High,,4.0,4.0,
uBIn3KIzOjH,Ikanga Sub county Hospital,6.0,High,,5.0,6.0,
eDnqMm7SRAg,Ikombe Health Centre,4.0,Low/Moderate,,5.0,5.0,
PotVOfmjlUJ,Ikonzo Model Health Centre,4.0,Low/Moderate,,3.0,4.0,
I3Z2QMRd8GN,Ikutha Sub County Hospital,13.0,Very High,,6.0,6.0,
d4U4gk3e0uD,Ileho Health Centre,5.0,Low/Moderate,,7.0,,
UV4fccuhV0R,Imanga Health Centre,2.0,Low/Moderate,,,1.0,
rVLDPAPrFsC,Imulama Dispensary,1.0,Low/Moderate,,1.0,1.0,
FqsoLjbSI9A,Indangalasia Dispensary,3.0,Low/Moderate,,,1.0,
d01gae2jWRL,Industrial Area Dispensary,4.0,Low/Moderate,,2.0,2.0,
NJ9UDodbyoQ,Inuka Hospital & Maternity Home,4.0,Low/Moderate,,5.0,5.0,
y8Mv4FOBkUn,IOM Wellness Clinic,15.0,Very High,,7.0,7.0,
Xm3UkkgGu65,Ipali Health Centre,7.0,High,,9.0,10.0,
Ww8j3aByxSP,Iranda Sub-County Referral Hospital,1.0,Low/Moderate,,7.0,7.0,
gFC5kCFDDqG,Isebania Sub County Hospital,23.0,Severe,,14.0,15.0,
kgwPDqMydjo,Ishiara Sub-County Hospital,4.0,Low/Moderate,,2.0,2.0,
xbZUlr9VgCK,Isinet Health Centre,17.0,Very High,,2.0,3.0,
zDGztuhkhx7,Isinya Health Centre,25.0,Severe,,11.0,11.0,
Q5AJ6hof4bq,Iten County Referral Hospital,6.0,High,,5.0,7.0,
w6so9GSaap0,Ithanga Health Centre,12.0,Very High,,7.0,7.0,
TK5G8AnqHxV,Itibo Eramani Dispensary,1.0,Low/Moderate,1.0,,1.0,100.0
oCSNlBnL6p2,Iyabe Sub County Hospital,13.0,Very High,,4.0,4.0,
FvG8gxqqOvf,Jamaa Mission Hospital,2.0,Low/Moderate,,4.0,4.0,
IPuJB69xbia,Jamia Medical Centre,2.0,Low/Moderate,,1.0,1.0,
UZlFjPJGpjz,Jaramogi Oginga Odinga Teaching & Referral Hospital,89.0,Critical,3.0,70.0,84.0,3.571428571428571
JM72QVwNQhk,Jera Dispensary,1.0,Low/Moderate,,6.0,6.0,
XN6yIZhe3bj,Jericho Health Centre,10.0,High,,10.0,11.0,
tH4jWfv5j99,Jerusalem Dispensary,1.0,Low/Moderate,,3.0,3.0,
naa6PTuNZM4,Jevros Clinic,1.0,Low/Moderate,,2.0,2.0,
INawALMkXAS,JKUAT Hospital,1.0,Low/Moderate,,2.0,2.0,
SiFad15yKhZ,JM Kariuki Memorial County Referral Hospital,18.0,Very High,,15.0,19.0,
MP8fPGLlphd,Jomvu Model Health Centre,14.0,Very High,,6.0,6.0,
s660dO8z7o6,Juja Farm Health Centre,7.0,High,,2.0,2.0,
y0kyyERURWh,Jumuia Mission Hospital Kaimosi,12.0,Very High,,8.0,8.0,
lR6W5tK8hAq,Junda Dispensary,13.0,Very High,1.0,,2.0,50.0
l6jqUUJvImb,Kabarak Health Centre,9.0,High,,3.0,3.0,
ciJFdty24Uw,Kabatini Health Centre,3.0,Low/Moderate,1.0,1.0,2.0,50.0
KmYG2XJfp6W,Kabianga Health Centre,7.0,High,,2.0,2.0,
Zzn7r9ALZIk,Kabiemit Health Centre (Mosop),1.0,Low/Moderate,,1.0,2.0,
XzKZTSICokw,Kabiyet Sub County Hospital,3.0,Low/Moderate,1.0,3.0,4.0,25.0
IpxTP5z54Zq,Kaborom Dispensary,1.0,Low/Moderate,,1.0,2.0,
OOXFr1NfIlA,Kabuchai Health Centre,6.0,High,,1.0,1.0,
S1i3cmxCbgX,Kabula Health Centre,8.0,High,,7.0,7.0,
FeUHA7ixSA6,Kabura Uhuyi Dispensary,2.0,Low/Moderate,,3.0,3.0,
WLvYlxbdgy7,Kabutii-Matiret Dispensary,18.0,Very High,,13.0,14.0,
wUI5w5hVFXn,Kachuth Health Center,1.0,Low/Moderate,,7.0,7.0,
Z7ruKy2DyTa,Kadem Tb & Leprosy Dispensary,17.0,Very High,,16.0,17.0,
iAuQRWVoRpK,Kadenge Ratuoro Health Centre,3.0,Low/Moderate,,8.0,8.0,
i6oyLBSxWfZ,Kadhola Health Center,7.0,High,,12.0,12.0,
My0xFBJaM5c,Kadinda Health Centre,2.0,Low/Moderate,,9.0,9.0,
k1gDvwc81yh,Kadzinuni Dispensary,5.0,Low/Moderate,,1.0,1.0,
BuKsUiPIIkt,Kagaa Health Centre,1.0,Low/Moderate,,1.0,1.0,
CUCTqzLEY0L,Kager Dispensary,1.0,Low/Moderate,,5.0,5.0,
UUbhK0ZeTTz,Kagio Catholic Dispensary (Mary Immucate Catholic Dispensary),1.0,Low/Moderate,,3.0,3.0,
L3Cj0eucYCp,Kagumo Health Centre,2.0,Low/Moderate,,2.0,2.0,
T9MIrcv0VeS,Kagwa Health Centre,2.0,Low/Moderate,,5.0,5.0,
dtRiIn99llQ,Kahawa West Health Centre,18.0,Very High,1.0,13.0,16.0,6.25
q6NwSRm7CoV,Kahembe Health Centre,1.0,Low/Moderate,,1.0,1.0,
xNQuM1wTWrJ,Kaiboi Mission Health Centre,4.0,Low/Moderate,1.0,2.0,3.0,33.33333333333333
LBDUxvoZSdI,Kaikor Sub County Hospital,3.0,Low/Moderate,,2.0,2.0,
lkXTcVtB8kE,Kainuk Health Centre,2.0,Low/Moderate,,1.0,1.0,
tGLKciw2MGf,Kajiado County Referral Hospital,34.0,Severe,,6.0,10.0,
Hz3BwMUktOJ,Kakamega County General Hospital,37.0,Severe,,19.0,20.0,
kWzAmRGUHal,Kakamega Forest Dispensary,2.0,Low/Moderate,,1.0,1.0,
RUhEEE3keZi,Kakeani Health Centre,2.0,Low/Moderate,,1.0,1.0,
Wj1gBKsF1lB,Kakuma Mission Hospital,12.0,Very High,,5.0,7.0,
yFeGs5Liwzi,Kalawa Sub County Hospital,9.0,High,,3.0,5.0,
JeuBdNUUREJ,Kalimoni Mission Hospital (Juja),4.0,Low/Moderate,,4.0,4.0,
N636nMR9Hsh,Kalokol (AIC) Health Centre,10.0,High,,2.0,5.0,
h30PQ7TRRWD,Kaloleni Dispensary,17.0,Very High,,3.0,4.0,
xhfTwAI9TDu,Kalulini Health Centre (Kibwezi),4.0,Low/Moderate,,3.0,3.0,
SaC88wqvxMt,Kaluo Health Centre,5.0,Low/Moderate,,11.0,11.0,
cgGKqOQ5YLB,Kambajo Dispensary,7.0,High,,10.0,10.0,
BEJQPDKe2Mo,Kambare Dispensary,3.0,Low/Moderate,,4.0,4.0,
Qv92hTqycLz,Kambi Ya Waya Dispensary,2.0,Low/Moderate,,3.0,3.0,
QUEf4kJAS00,Kambu Catholic Dispensary,3.0,Low/Moderate,,3.0,3.0,
ec7ckAJP9J8,Kambu Sub County Hospital,13.0,Very High,,4.0,4.0,
NGH1by3UZpG,Kamiti Prison Hospital,24.0,Severe,,2.0,3.0,
ZAIMQkZn08B,Kamolo Dispensary,2.0,Low/Moderate,,1.0,1.0,
BpupuJNnQGM,Kamukuywa Dispensary,6.0,High,,6.0,7.0,
oT7VzeRbscK,Kamutei Health Centre,1.0,Low/Moderate,,1.0,1.0,
JW0Lexz7zKS,Kanamai Health Care,3.0,Low/Moderate,,5.0,5.0,
VdAAkjhq6Fk,Kandara sub county hospital,9.0,High,,3.0,3.0,
xAqqRiXjUW3,Kandiege Sub-District Hospital,2.0,Low/Moderate,,6.0,6.0,
hxBXSpghyOY,Kangaita Health Centre,1.0,Low/Moderate,,2.0,2.0,
Lpc3U99ALpL,Kangari Health Centre,3.0,Low/Moderate,,1.0,1.0,
RmX34fyMVB3,Kangema Sub-County Hospital,8.0,High,,3.0,3.0,
y42Usl6TdyJ,Kangemi Health Centre,35.0,Severe,1.0,20.0,31.0,3.225806451612903
HOt2sRVZXbG,Kangu Dispensary,5.0,Low/Moderate,1.0,,1.0,100.0
F9IW97vowsp,Kangundo Sub county Hospital,27.0,Severe,,10.0,10.0,
R43KcJMZGP3,Kaningo Health Centre,3.0,Low/Moderate,,,1.0,
OhVOBYmtprM,Kanyagwal Dispensary,4.0,Low/Moderate,,7.0,7.0,
fKR3N7cmgQl,Kanyakine Sub County Hospital,10.0,High,3.0,5.0,9.0,33.33333333333333
lYQGgd4vdRL,Kanyangi Sub County Hospital,7.0,High,,1.0,1.0,
zUR10GhV7xz,Kanyenyaini Health Centre,3.0,Low/Moderate,,1.0,1.0,
pKwQQQX1kLw,Kanziku Health Centre,2.0,Low/Moderate,,1.0,1.0,
nw9YVA9Tx6R,Kapiyo Health Centre,5.0,Low/Moderate,,9.0,9.0,
cqhuJyqvQEI,Kapkangani Health Centre,7.0,High,,1.0,3.0,
xq0lRpKYnEm,Kapkateny Dispensary,4.0,Low/Moderate,,1.0,1.0,
GOhRziVaDUw,Kapkatet Sub County Hospital,37.0,Severe,,18.0,18.0,
O7dzFmz0Df7,Kapkoi Health Center,8.0,High,,4.0,6.0,
SofFIp5ILCw,Kapkoros Sub-county hospital,10.0,High,,6.0,6.0,
BsRAEfmFfM3,Kapkures Health Centre (Nakuru west),6.0,High,,4.0,8.0,
DZ6jQqCN4Zo,Kaplamai Health Centre,9.0,High,,3.0,3.0,
Epg5CqAuaHn,Kaplong Hospital,9.0,High,,6.0,6.0,
CCtjKGD19ba,Kapsabet County Referral Hospital,23.0,Severe,,15.0,40.0,
P4bWQeI57XU,Kapsara Sub County Hospital,12.0,Very High,1.0,1.0,4.0,25.0
i8iYlkT3T2S,Kapsisiywo Dispensary,1.0,Low/Moderate,,1.0,3.0,
T4xwbinQdKG,Kapsitwet Dispensary,9.0,High,,2.0,2.0,
pIRUamww2Tr,Kaptama Health Centre,10.0,High,,1.0,1.0,
hqiyXj3Cfxz,Kaptech Dispensary,3.0,Low/Moderate,,1.0,3.0,
x7ruP7fXiZQ,Kapteren Health Centre,4.0,Low/Moderate,,,1.0,
u1GwmEW9bNo,Kaptumo Sub-County Hospital,2.0,Low/Moderate,,,8.0,
QMdjmr0246S,Karagita Health Centre,9.0,High,,12.0,12.0,
bLeCBUFM3wP,Karatina Sub-county Hospital,13.0,Very High,,16.0,19.0,
vzZ53lAMdJp,Karatu level 4 hospital,2.0,Low/Moderate,2.0,,3.0,66.66666666666666
T0QCTzRDCcr,Karen Health Centre,9.0,High,,12.0,13.0,
Waoec9qt8ol,Karima Health Centre,9.0,High,,,1.0,
EEKdchSCqh9,Kariobangi EDARP,17.0,Very High,1.0,12.0,16.0,6.25
iBcBmbBexUS,Kariobangi Health Centre,26.0,Severe,,19.0,20.0,
tlOLq1sNrig,Kariobangi South Dispensary,6.0,High,,5.0,6.0,
g653XuQUVyj,Karumandi Health Centre,2.0,Low/Moderate,,1.0,1.0,
NRf14PUD9xc,Karungu Sub-County Hospital,21.0,Severe,,25.0,25.0,
Pa9tT2RsExD,Karuoth Dispensary,5.0,Low/Moderate,,7.0,7.0,
JQnQJCpt8av,Karura Health Centre,11.0,High,,2.0,2.0,
zYFy90m10i1,Karuri Level 4 Hospital,15.0,Very High,1.0,9.0,12.0,8.333333333333332
oaUZAfsPmoJ,Karurumo Rhtc,6.0,High,,2.0,3.0,
tgcsqKSppEP,Kasaala Health Centre,1.0,Low/Moderate,,1.0,1.0,
FGeEpfWlpMJ,Kasarani Health Centre,16.0,Very High,,10.0,13.0,
GJda6nR1YiA,Kasigau Rdch,1.0,Low/Moderate,,1.0,1.0,
D1sNaKhXlyS,Kasongo Dispensary,4.0,Low/Moderate,,2.0,2.0,
GPXXnUS62UB,Katangi Health Centre,13.0,Very High,,2.0,3.0,
p6OOqwGbiA0,Kathiani Sub County Hospital,8.0,High,,4.0,4.0,
G9Fbh4fc5zU,Kathonzweni Health Centre,8.0,High,,1.0,1.0,
BAtfedDlU9v,Katilini Health Centre,1.0,Low/Moderate,1.0,,2.0,50.0
LXsaR9BQim1,Katilu Sub County Hospital,2.0,Low/Moderate,,3.0,4.0,
jlWXLaZNtbr,Katito Sub County Hospital,12.0,Very High,,26.0,26.0,
CZEFya4R7Q9,Katolo-Manyatta Dispensary,2.0,Low/Moderate,,2.0,2.0,
VgkdbpChtIJ,Katulani Sub County Hospital (Kitui),8.0,High,,3.0,4.0,
AP3Z7jKwro7,Kauma Health Centre (Rachuonyo),4.0,Low/Moderate,,7.0,7.0,
nLISoUBRUAF,Kauwi Sub County Hospital,15.0,Very High,,2.0,2.0,
P3f1rMxZYHL,Kaviani Health Centre,2.0,Low/Moderate,,2.0,2.0,
lCVPvilzEK3,Kayaya Dispensary,2.0,Low/Moderate,,1.0,3.0,
wWnSMqLNWOk,Kayole I Health Centre,27.0,Severe,1.0,16.0,24.0,4.166666666666666
xvrQsmtAQsS,Kayole II Sub County Hospital,35.0,Severe,,34.0,44.0,
W9Yb3HlYhsB,Kedowa Dispensary,9.0,High,,1.0,1.0,
KvnMTF9ACOd,Kegogi Health Centre,3.0,Low/Moderate,1.0,2.0,3.0,33.33333333333333
X2FnCxPnyEH,Kegondi Health Centre,11.0,High,,1.0,1.0,
NoZjHcIDHGW,Kegonga Sub County Hospital,3.0,Low/Moderate,,2.0,2.0,
dwu3NQizNkT,Kehancha Sub-County Hospital,15.0,Very High,,7.0,10.0,
ide1oUojpWU,Kemri VCT,1.0,Low/Moderate,,1.0,1.0,
EhJ2SBfPRSW,Kendu Adventist Hospital,18.0,Very High,,30.0,30.0,
lobiB7sMHcN,Kendu Sub-District Hospital,18.0,Very High,,10.0,10.0,
brSpidcNdoF,Kenyambi Health Centre (Nyamira),2.0,Low/Moderate,,1.0,1.0,
ZWwPSTkiLWX,Kenyatta National Hospital,123.0,Critical,,33.0,36.0,
tKlvNnIuqxp,Kenyatta University Dispensary,2.0,Low/Moderate,,,1.0,
B6t2Uc0FqSP,Kenyenya Health Centre (Nyamira),1.0,Low/Moderate,,1.0,1.0,
a1KIkjd2PRa,Kenyenya Sub County Referral Hospital,4.0,Low/Moderate,1.0,7.0,8.0,12.5
PRImqKybQ8n,Kenyerere Sub County Hospital,2.0,Low/Moderate,,1.0,1.0,
IgrMpQRUx5y,Kericho County Referral Hospital,67.0,Critical,3.0,43.0,51.0,5.88235294117647
lqtFpfrMOcJ,Keringet Sub County Hospital,14.0,Very High,,4.0,6.0,
EqyJ3aErOqW,Kerio Health Centre,1.0,Low/Moderate,,1.0,1.0,
GqJwyzb70oA,Kerugoya County Refferal Hospital,10.0,High,,12.0,14.0,
sgKiVsxPcyB,Keumbu Sub County Hospital,15.0,Very High,,5.0,5.0,
r5bAjjkOcRq,Khalaba Health Centre,4.0,Low/Moderate,,2.0,6.0,
hbWUwbyiJhb,Khaunga Health centre,6.0,High,,,2.0,
TJnBh1U3GEs,Khunyangu Sub County Hospital,11.0,High,,20.0,23.0,
kyuG50xCh7R,Khwisero Level IV Hospital,2.0,Low/Moderate,,6.0,6.0,
fyiHrh4tOpQ,Kiamabara Health Centre,3.0,Low/Moderate,,1.0,1.0,
X3m67s9fYES,Kiambu County Referal Hospital,61.0,Critical,,33.0,37.0,
gUMUKtsdh8z,Kiamutugu Health Centre,4.0,Low/Moderate,,1.0,1.0,
ba63sP0ArOy,Kiandutu Health Centre,21.0,Severe,1.0,11.0,19.0,5.263157894736842
MxxUSfpmXEr,Kianjokoma Health Centre,4.0,Low/Moderate,,1.0,1.0,
fi4t3iRQ5Ng,Kianyaga Sub-County Hospital,8.0,High,1.0,2.0,5.0,20.0
bcUwAhP3wRu,Kiaruta Dispensary,1.0,Low/Moderate,,5.0,5.0,
E7Y4bV5AjJV,Kiasa Health Center,1.0,Low/Moderate,,11.0,12.0,
PZKXP2PYFKX,Kibera Community Health Centre (Amref),29.0,Severe,1.0,35.0,40.0,2.5
mi7ORwgRy3S,Kibera D.O. Dispensary,12.0,Very High,,5.0,5.0,
SXegfern6PF,Kibigori Dispensary,11.0,High,,9.0,9.0,
CbWO3Te8Tut,Kibirichia Sub-District Hospital,1.0,Low/Moderate,,3.0,3.0,
xlpkJEXcIDZ,Kibisi Dispensary,3.0,Low/Moderate,,,3.0,
tWQw1jmjWO4,Kibogo Dispensary,4.0,Low/Moderate,,10.0,10.0,
rVDOiFMpHlD,Kibugu Health Centre,5.0,Low/Moderate,,2.0,3.0,
WCjUg04KkUY,Kibung'a Sub County Hospital,1.0,Low/Moderate,,1.0,1.0,
dzNztOh9T5P,Kibwezi Sub County Hospital,18.0,Very High,,5.0,11.0,
F7WS5lx7cG9,Kiganjo Health Centre,4.0,Low/Moderate,,4.0,4.0,
GdJBEHyjtcF,Kigumo Sub County Hospital,4.0,Low/Moderate,,2.0,5.0,
bxheWBppb9H,Kihara Sub County Hospital,12.0,Very High,,13.0,14.0,
HVOJPKtJhsG,Kijabe (AIC) Hospital,14.0,Very High,,1.0,1.0,
IIw7XjguWks,Kijabe (AIC) Hospital Marira Medical Clinic,5.0,Low/Moderate,,9.0,9.0,
OQ9TVd3E10r,Kijani (Mirera) Dispensary,5.0,Low/Moderate,,1.0,2.0,
toOGtwnm0oz,Kijauri Sub County Hospital,14.0,Very High,,6.0,5.0,
L5vghcuxIpC,Kijawa Health Centre,4.0,Low/Moderate,,5.0,5.0,
ZbuU0YQiDug,Kikesa Health Centre,3.0,Low/Moderate,,1.0,1.0,
pjoG55x2KMq,Kikoko Mission Hospital,3.0,Low/Moderate,,1.0,1.0,
UrRsO2NsxHZ,Kikoneni Health Centre,2.0,Low/Moderate,,3.0,3.0,
HO8XXXER1ZS,Kikuyu (PCEA) Hospital,20.0,Severe,,8.0,8.0,
OjwX5IrpWkM,Kilala Health Centre,3.0,Low/Moderate,,4.0,4.0,
nyNZg4aC19J,Kilibwoni Health Centre,4.0,Low/Moderate,,1.0,1.0,
HVsXeh7EatU,Kilifi County Hospital,58.0,Critical,,18.0,24.0,
uGkRT5JzUwe,Kilili Health Centre,1.0,Low/Moderate,,1.0,1.0,
DdPmglUPme3,Kilingili Health Centre,7.0,High,,2.0,4.0,
HKuDiBH4yTb,Kilungu Sub County Hospital,15.0,Very High,,12.0,6.0,
OwA3FdxjmkQ,Kima Mission Hospital,1.0,Low/Moderate,,2.0,2.0,
XbRB4QvjEBy,Kimaeti Health centre,7.0,High,1.0,3.0,5.0,20.0
yUxuh0HkWnr,Kimalewa Health Centre,1.0,Low/Moderate,,1.0,1.0,
Y9qucizTmZG,Kimana Health Centre,17.0,Very High,,6.0,7.0,
ZAp1tGmL6oO,Kimbimbi Sub-County Hospital,34.0,Severe,,12.0,12.0,
Bs89THDd5QL,Kimilili Subcounty Hospital,20.0,Severe,,6.0,9.0,
KgRIBuqUqbj,Kiminini Cottage Mission Hospital,11.0,High,1.0,3.0,4.0,25.0
JBUB73WGzNi,Kimondi Forest Dispensary,1.0,Low/Moderate,,1.0,1.0,
p0zbkFwLKIu,Kimonge Health Centre,1.0,Low/Moderate,,4.0,4.0,
trxPkQIiUSK,Kina Dispensary,7.0,High,,4.0,4.0,
KT34EaG36YR,Kinango Sub County Hospital,16.0,Very High,,6.0,6.0,
aSPafr5E6SG,Kinasia Dispensary,1.0,Low/Moderate,,1.0,1.0,
vycaQ7VRJxH,Kineni Dispensary,4.0,Low/Moderate,,,1.0,
wEmj5Y6nGNJ,Kinondo Kwetu Community Clinic,9.0,High,,10.0,10.0,
F0Uf3SJ6y5k,Kinoru Dispensary,2.0,Low/Moderate,,2.0,2.0,
psJYcZgeJQ6,Kiobegi Dispensary (Bobasi),1.0,Low/Moderate,,2.0,2.0,
FWlciiBqhQn,Kiogoro Sub County Hospital,8.0,High,,6.0,6.0,
LPKh4nXw3jE,Kipingi Dispensary,2.0,Low/Moderate,,1.0,1.0,
rDsVgG318og,Kipkelion Sub County Hospital,7.0,High,,1.0,3.0,
OTu4xNrbdX0,Kipsonoi Health Centre,8.0,High,,,1.0,
bnQePNfUZB8,Kiptere Dispensary,11.0,High,,1.0,1.0,
jlIvgmGm0gR,Kipwastuiyo Health Centre,1.0,Low/Moderate,,,2.0,
l1J71xfA3v7,Kiria-Ini Mission Hospital,6.0,High,,7.0,8.0,
dzPtnXVHu7C,Kiritiri Health Centre,9.0,High,,8.0,9.0,
XIQZfo5zeey,Kisasi Health Centre (Kitui Rural),11.0,High,,1.0,3.0,
RztzXSmM6Zu,Kisau Sub County Hospital,3.0,Low/Moderate,,3.0,4.0,
YJtzYxZ8W75,Kisauni Health Centre,12.0,Very High,,6.0,6.0,
SAca0wPRzA8,Kisii Teaching And Referral Hospital (Level 6),50.0,Critical,8.0,11.0,19.0,42.10526315789473
CSFHkngjmkK,Kisiiki Health Centre,6.0,High,,1.0,2.0,
uBfCuhllvg3,Kisumu County Hospital,62.0,Critical,,64.0,64.0,
Lhf5atPasou,Kitalale Dispensary,6.0,High,1.0,1.0,2.0,50.0
zPojcAQtw2L,Kitale County Referral Hospital,109.0,Critical,1.0,54.0,62.0,1.6129032258064515
WqgsRsVlbaG,Kitengela GK Prison Dispensary,9.0,High,,3.0,5.0,
PHJHqpSpfRc,Kitengela Medical Services,18.0,Very High,,10.0,11.0,
AW4Fs3TsAtO,Kitengela Sub-County Hospital,93.0,Critical,,25.0,25.0,
f3XukP1v8uT,Kitere Health Centre,6.0,High,,3.0,3.0,
p6yj2NscPQ5,Kithimani Health Centre,10.0,High,,10.0,11.0,
MtUXQriAX6H,Kithimu Health Centre,4.0,Low/Moderate,,1.0,1.0,
G5ftbR0paKv,Kithyoko Health Centre,10.0,High,,1.0,1.0,
dtWdw8ogYzJ,Kitui County Referral Hospital,37.0,Severe,,6.0,7.0,
syMX95GoW0g,Kituka Dispensary,6.0,High,,6.0,6.0,
AuletUO24bE,Kitutu Chache North Sub County Referral Hospital,2.0,Low/Moderate,,4.0,6.0,
w0QBLXNdhK1,Kiumbu Health Centre,5.0,Low/Moderate,,1.0,1.0,
Og5UEnRkvyU,Kivaa Health Centre,7.0,High,,4.0,4.0,
CUebFxNlAzb,Kivaani Health Centre,1.0,Low/Moderate,,3.0,3.0,
ekQxVaIMErv,Kivuli Dispensary,5.0,Low/Moderate,,2.0,2.0,
WQRkoXjzOCr,Kiwamu Health Centre,1.0,Low/Moderate,,2.0,2.0,
FYGO2TZZWuq,Kiwandani Dispensary,4.0,Low/Moderate,,4.0,5.0,
xfNWSEyv3de,Kobodo Health Center,8.0,High,,5.0,5.0,
Q4XkYFvskeI,Kodiaga Prison Health Centre,20.0,Severe,,4.0,5.0,
KPgXAJQ4rkD,Kodingo Health Centre,4.0,Low/Moderate,,5.0,5.0,
KgZZAFbhdee,Koduogo Health Centre,5.0,Low/Moderate,,10.0,10.0,
XZwiXe6lGnE,Kogelo Dispensary,3.0,Low/Moderate,,18.0,18.0,
J645cFsNOCM,Koilot Health Centre,1.0,Low/Moderate,,1.0,1.0,
uXqhVeVab1Y,Koiwa Sub County Hospital,8.0,High,,2.0,2.0,
LYay7WMzdXz,Kokech Mirondo Health Center,1.0,Low/Moderate,,3.0,3.0,
DICdQoX6MX6,Kokuro Health Centre,2.0,Low/Moderate,,,2.0,
Eiae4BkyI7w,Kokwanyo Health Centre,4.0,Low/Moderate,,5.0,5.0,
tHIuPy0T8F8,Kolenyo Health Centre,4.0,Low/Moderate,,1.0,1.0,
iX9MCYrhHOP,Koloo Dispensary,3.0,Low/Moderate,,11.0,12.0,
UMrj6jMVGcj,Kolunga Health Centre,2.0,Low/Moderate,1.0,4.0,5.0,20.0
Cm5Cyjgr17X,Kolwal Dispensary,2.0,Low/Moderate,,1.0,,
WPhMyqa7tMP,Kombato Dispensary,5.0,Low/Moderate,,6.0,6.0,
tMymqzXY5dg,Kombewa County Referral Hospital,34.0,Severe,,42.0,43.0,
clZmNWCEkGG,Kome Health Center,1.0,Low/Moderate,1.0,,1.0,100.0
iIngX6G2Ezq,Kongoni Health Centre,4.0,Low/Moderate,,4.0,4.0,
f7VNgpLhVwW,Kongowea Health Centre,19.0,Severe,,4.0,7.0,
MQcFGwW1QsE,Kopanga Dispensary (CHAK),3.0,Low/Moderate,,5.0,4.0,
UF9HJO258Yp,Korogocho Health Centre,4.0,Low/Moderate,1.0,2.0,9.0,11.11111111111111
UnUk7uMZeBz,Koru Mission Health Centre,9.0,High,,3.0,3.0,
j6QLHcTeO6f,Korwenje Dispensary,2.0,Low/Moderate,,4.0,5.0,
guIhLrHfgZq,Kory Family HospitaI (Kimilili),1.0,Low/Moderate,,6.0,9.0,
KYUD8eEHcCn,Kosele Health Centre,1.0,Low/Moderate,1.0,1.0,2.0,50.0
DNnvCXUMH4v,Kowino Dispensary,5.0,Low/Moderate,,7.0,7.0,
tgRwAp3Oey9,Kunya Dispensary,3.0,Low/Moderate,,4.0,4.0,
kVf9NYAIaiL,Kunyak Dispensary,0.0,Low/Moderate,,1.0,1.0,
TAPp4w4qSDy,Kuoyo Kaila Health Centre,2.0,Low/Moderate,,1.0,1.0,
zeoRrDlbcNF,Kurangurik Health Centre,5.0,Low/Moderate,1.0,5.0,7.0,14.285714285714285
ZQBkmrdOpuC,Kuresoi Health Centre,1.0,Low/Moderate,,1.0,2.0,
wWCwq9j5JFU,Kutus Dispensary,8.0,High,,1.0,2.0,
gbQw8OQtjpj,Kwale Sub County Hospital,11.0,High,,2.0,2.0,
mzBw4T72sa5,Kwamo Health Center,3.0,Low/Moderate,,2.0,2.0,
kbdzFwfqYb8,Kwanza Sub County Hospital,9.0,High,1.0,6.0,12.0,8.333333333333332
vshyHFPS1Mo,Kware Dispensary,6.0,High,,,1.0,
FH1lPSOnK9z,Kwoyo Kodalo Dispensary,7.0,High,,3.0,3.0,
kUoL1ezN7NN,KYC Transmara,1.0,Low/Moderate,,4.0,4.0,
Qpyxl9nhTo8,Kyumbi Health centre,7.0,High,,4.0,4.0,
YZuzvi5zGPy,Kyuso Sub County Hospital,8.0,High,,4.0,4.0,
f1mpqnM6p8W,Laare Health Centre,7.0,High,,5.0,9.0,
MGXReb42dmA,Lambwe Health Centre,5.0,Low/Moderate,,5.0,5.0,
xMrLIAS6Y17,Lanet Health Centre,9.0,High,,15.0,15.0,
KyonjDmOEi9,Lang'ata Health Centre (Ruiru),18.0,Very High,,15.0,25.0,
dPEyAJaDVPX,Langalanga Sub County Hospital,20.0,Severe,2.0,10.0,14.0,14.285714285714285
m516aDmFUUI,Langata Subcounty Hospital (Mugumoini),26.0,Severe,,9.0,12.0,
QTbpZ8fdTZG,Langi Kawino Dispensary,1.0,Low/Moderate,,3.0,3.0,
Ku5nAnBOjpw,Langi Kodera Dispensary,2.0,Low/Moderate,,8.0,8.0,
QPi8HppUeQL,Lare Health Centre,7.0,High,,3.0,3.0,
v7AyMzU9144,Lari Level 4 Hospital,7.0,High,,2.0,2.0,
QW6vvfY5L0U,Lela community Health Centre,5.0,Low/Moderate,,3.0,3.0,
RmvqxZei2rD,Lemotit Dispensary,3.0,Low/Moderate,,2.0,2.0,
U6cuWLDIg1T,Lessos Comprehensive Health Centre,2.0,Low/Moderate,,4.0,4.0,
zKDQjMY6KLK,Lidha Dispensary,6.0,High,,4.0,4.0,
XedKlZAN2O9,Ligala Dispensary,6.0,High,1.0,6.0,7.0,14.285714285714285
AlQczmsgUJn,Ligega Health Centre,2.0,Low/Moderate,3.0,6.0,9.0,33.33333333333333
NE6kXJlu9lG,Lihanda Health Centre,4.0,Low/Moderate,,3.0,3.0,
EOwZKRgVff8,Likii Dispensary,3.0,Low/Moderate,,2.0,1.0,
GwLVDDMCfyU,Likindu Dispensary,3.0,Low/Moderate,,2.0,2.0,
bvUg2vPkLWw,Likoni Subcounty Hospital,33.0,Severe,,13.0,13.0,
AbSJUr5oge2,Likuyani Sub-County Hospital,2.0,Low/Moderate,,3.0,7.0,
DoFGg4toGRt,Limuru Health Centre,2.0,Low/Moderate,,7.0,7.0,
Y4WPy8CHdAl,Lipton Central Hospital,6.0,High,,5.0,5.0,
cydsug5htZ9,Live With Hope Dispensary,33.0,Severe,,48.0,48.0,
B9XQn7IBaMW,Loco Dispensary,14.0,Very High,,6.0,6.0,
IDGEt81zZin,Lodwar County Referral Hospital,74.0,Critical,,16.0,18.0,
Cx6s78Ev9QT,Loitokitok Sub County Hospital,32.0,Severe,,6.0,7.0,
aKjGXxIWmX3,Lokichar (RCEA) Health Centre,4.0,Low/Moderate,,3.0,4.0,
Qxt1FTtPDX9,Lolgorian Sub County Hospital,25.0,Severe,,,1.0,
ttSQ3WmIuow,Lolwe Health Centre,2.0,Low/Moderate,,2.0,2.0,
feqZZjDHYmo,Londiani Sub County Hospital,28.0,Severe,,8.0,11.0,
SuxAmnVfsiA,Longisa County Referral Hospital,24.0,Severe,2.0,9.0,7.0,28.57142857142857
qIGDrvFNv3H,Luanda Town Dispensary,7.0,High,,2.0,3.0,
QwmMZVZSkRy,Lugari Forest Dispensary,1.0,Low/Moderate,,1.0,1.0,
GzJU2wkfa30,Lugulu Friends Mission Hospital,13.0,Very High,,11.0,12.0,
H0082HeDWgo,Lukhome Dispensary (Kabuchai),0.0,Low/Moderate,,1.0,2.0,
IrL6Uu2RpKO,Lukhome Health Centre,8.0,High,,1.0,2.0,
dJlnXGDCdFE,Lukhuna Dispensary,2.0,Low/Moderate,,1.0,2.0,
Uzbi7NX6aVo,Lukolis Model Health Centre,6.0,High,,1.0,1.0,
k0yug2XqYRT,Lumakanda County Hospital,11.0,High,1.0,2.0,8.0,12.5
r8z0MeOdroa,Lumani Dispensary,2.0,Low/Moderate,,,2.0,
Z65JvisTm4o,Lumino Dispensary,1.0,Low/Moderate,,1.0,1.0,
qa07L6R8UeS,Lumumba Sub County Hospital,61.0,Critical,,46.0,47.0,
V4mRikko5vW,Lung'anyiro Health Centre,3.0,Low/Moderate,,2.0,4.0,
oveetILWJK3,Lunga Lunga Health Centre,20.0,Severe,,17.0,17.0,
mz64odxfFPq,Lungalunga Sub County Hospital,14.0,Very High,,2.0,2.0,
VuP1KLi79Bn,Lupida sub county hospital,13.0,Very High,,5.0,5.0,
kODtFznDC4N,Lurare Dispensary,6.0,High,,1.0,,
vlaFA7e0Boh,Lusheya Health Centre,9.0,High,,3.0,4.0,
AKhVrrqumM6,Lusigetti sub-county hospital,8.0,High,,4.0,7.0,
Z4h8itV1gpt,Lwala Community Hospital,10.0,High,2.0,21.0,23.0,8.695652173913043
lkn5DPoeGjs,Lwala Kadawa Health Centre,2.0,Low/Moderate,,3.0,3.0,
enFogPQF7aZ,Lwanda Awiti Health Center,3.0,Low/Moderate,,5.0,5.0,
YFSNlKvGVDj,Lwanda Dispensary,2.0,Low/Moderate,1.0,9.0,11.0,9.090909090909092
UK55eWU12tC,Lwanda Gwassi Health Centre,2.0,Low/Moderate,,3.0,3.0,
EhyrEz0u06R,Lwanda Kobita Health Center,6.0,High,,6.0,6.0,
fCqYyRV7PKi,Lwandanyi Dispensary,5.0,Low/Moderate,,1.0,1.0,
QPgGjJSA4pB,Lyanaginga Model Health Centre,8.0,High,,,1.0,
PJpy4XMrHPm,Mabinju Dispensary,1.0,Low/Moderate,,11.0,11.0,
dkDsAHgijLc,Mabole Health Centre,9.0,High,,2.0,4.0,
aTrw18DrKW1,Mabusi Health Centre,1.0,Low/Moderate,,6.0,7.0,
BXOrXdOZoWE,Macalder Sub-County Hospital,13.0,Very High,,16.0,16.0,
fG07wRWF4mw,Machakos Level 5 Hospital,63.0,Critical,,22.0,28.0,
AitdgAZ8GD5,Madende Model Health Centre,11.0,High,,3.0,3.0,
NFVVCDVuAkk,Madiany Sub County  Hospital,19.0,Severe,,22.0,22.0,
RELmuAM0tcj,Madunguni Dispensary,3.0,Low/Moderate,,,1.0,
hnveIA9HE5L,Magadi Hospital,4.0,Low/Moderate,1.0,1.0,2.0,50.0
eZ1lHxSAjET,Magena Health Centre,8.0,High,,5.0,5.0,
CSHDsXBlP7m,Magenche Health Centre,1.0,Low/Moderate,,2.0,2.0,
gpUX2gUBsc9,Mageta Health Centre,5.0,Low/Moderate,,6.0,6.0,
IsPfFl0jTyA,Magina Health Center,5.0,Low/Moderate,,4.0,5.0,
XfoCce2vn0n,Magina Health Centre,3.0,Low/Moderate,,8.0,8.0,
sgK5aw8tN1y,Mago Care Health Centre,2.0,Low/Moderate,,1.0,1.0,
FcIvchcbwUH,Magombo Community Dispensary,2.0,Low/Moderate,,1.0,1.0,
nrZfcIAiyRx,Magombo Health Centre,1.0,Low/Moderate,,1.0,1.0,
ThT4PxgmYQL,Magongo (MCM) Dispensary,21.0,Severe,1.0,8.0,9.0,11.11111111111111
vBqYUbQHTyR,Magunga Level IV Hospital,5.0,Low/Moderate,1.0,13.0,14.0,7.142857142857142
fXf88nqZeKn,Magutuni Sub County Hospital,7.0,High,,5.0,5.0,
t0zCVxe2wkB,Mahaya Health Centre (Rarieda),5.0,Low/Moderate,,7.0,7.0,
D1MRmsEeJs8,Mai Mahiu Health Centre,9.0,High,,4.0,8.0,
fdUe86MgnlP,Maiela Health Centre,3.0,Low/Moderate,,2.0,2.0,
dzOCj3AlCqe,Mailisaba Dispensary,5.0,Low/Moderate,1.0,,2.0,50.0
PuE4XHg3mFm,Maina Village Dispensary,5.0,Low/Moderate,,3.0,3.0,
DsOK1u3aO6G,Mainga Health Centre,129.0,Critical,,2.0,2.0,
qmZ0gpAyEdq,Makadara Hospital,27.0,Severe,,20.0,24.0,
ENCv690Yryw,Makadara Mercy Sisters Dispensary,7.0,High,,10.0,10.0,
MWWddpdCM6G,Makengi Dispensary (Embu),2.0,Low/Moderate,,1.0,1.0,
BDrlSp3SHoq,Makhonge Health Centre,1.0,Low/Moderate,,4.0,4.0,
NQrGfGGhV0g,Makindu Dispensary,3.0,Low/Moderate,,1.0,1.0,
aA0u9LbIY9e,Makindu Sub County Hospital,31.0,Severe,,11.0,11.0,
aQqBjPqT0jU,Makongeni Dispensary,13.0,Very High,,7.0,9.0,
Bhr4Rlyp4dt,Makongeni Level 4,6.0,High,1.0,4.0,5.0,20.0
YgHyNJOU8hs,Makueni County Referral Hospital,20.0,Severe,,8.0,8.0,
WHog7fSSmKt,Makunga Sub-County Hospital,15.0,Very High,1.0,4.0,8.0,12.5
OochC7lpTbO,Makutano Health Centre,8.0,High,,1.0,3.0,
ZHKA6zNeUk2,Makuyu Health Centre,10.0,High,,8.0,8.0,
a0qvQ3FrCD8,Malaba Health center,14.0,Very High,,5.0,7.0,
sS7IzDF2Tm1,Malaha Dispensary,3.0,Low/Moderate,,1.0,1.0,
HAD4hll0ALY,Malakisi Health Centre,8.0,High,,3.0,3.0,
LG4e3brI9u7,Malanga Health Centre,16.0,Very High,,10.0,10.0,
pxlVNltvIME,Malava County Hospital,21.0,Severe,,8.0,12.0,
J7EO2t0VKCs,Malela Level 4 Hospital,3.0,Low/Moderate,,4.0,4.0,
qqhDXan6YY4,Maliera SDA Dispensary,3.0,Low/Moderate,,1.0,1.0,
vzRh9ON9ZsM,Malindi Sub-County Hospital,49.0,Critical,,17.0,23.0,
CQFAYq3arhb,Mama Anns Odede Community Health Centre,1.0,Low/Moderate,1.0,3.0,4.0,25.0
EmMu340uBVZ,Mama Lucy Kibaki Hospital (Embakasi),89.0,Critical,6.0,18.0,34.0,17.647058823529413
ZSjZcx0lxrz,Mama Plister Blair Health Centre,4.0,Low/Moderate,,17.0,17.0,
O8cO0JfUo2l,Mambrui Dispensary,2.0,Low/Moderate,,2.0,2.0,
S0pNUj8UTsw,Manda Dispensary,5.0,Low/Moderate,,1.0,1.0,
jqrGlRD2MbV,Mandera County Refferal Hospital,7.0,High,,2.0,2.0,
gO4F9cwk5WB,Manga Sub County Hospital,4.0,Low/Moderate,,2.0,2.0,
KysFcG0IQYZ,Manunga Health Centre,3.0,Low/Moderate,,2.0,2.0,
Jq3sWm3tMJy,Manyala Sub County Hospital,8.0,High,,7.0,9.0,
Nkbsp23UkM3,Manyatta (SDA) Dispensary,3.0,Low/Moderate,,6.0,7.0,
EZCHSlG09NE,Manyuanda Health Centre (Rarieda),7.0,High,1.0,14.0,15.0,6.666666666666667
gzocEzWT73W,Manyuanda Sub county Hospital,7.0,High,,22.0,22.0,
kKVNAgtxsgI,Marafa Sub County Hospital,4.0,Low/Moderate,,3.0,3.0,
WMjR7Dtk7aj,Maragua Sub County Hospital,20.0,Severe,,16.0,18.0,
dsaHh6LxrRQ,Maram Health Center,4.0,Low/Moderate,,33.0,34.0,
Jm2yFzjQT78,Marenyo Health Centre,2.0,Low/Moderate,,10.0,10.0,
xFk3GI5SCCl,Marereni Dispensary,15.0,Very High,,4.0,5.0,
TXorfZmnbmS,Maria Immaculate Hospital Lavington,4.0,Low/Moderate,,2.0,2.0,
mITAGtWnWEK,Mariakani Sub County Hospital,14.0,Very High,,16.0,16.0,
tLVjdEE6IX2,Marimanti Sub County Hospital,4.0,Low/Moderate,,3.0,3.0,
t0xZjkBr5NR,Marindi Sub County Hospital,22.0,Severe,,28.0,35.0,
LGgFPRuWpws,Mariwa Health Centre,3.0,Low/Moderate,,7.0,7.0,
FzCzyHnlX47,Marurui Health Centre,13.0,Very High,6.0,3.0,4.0,150.0
hMj9Y1CRfLV,Mary Help of The Sick Hospital,6.0,High,1.0,3.0,4.0,25.0
gQOARcEQVeO,Mary Immaculate Hospital (Nyeri North),2.0,Low/Moderate,,2.0,2.0,
sSoQItUt4xV,Masaba Hospital Kisumu,3.0,Low/Moderate,,2.0,3.0,
Kp2Kfseofdd,Masaba Sub-County  Hospital,15.0,Very High,1.0,6.0,9.0,11.11111111111111
ltcUO2beWif,Masala Dispensary,1.0,Low/Moderate,1.0,2.0,3.0,33.33333333333333
gEEJqBQ2vqX,Maseno Mission Hospital,22.0,Severe,,15.0,15.0,
PjStrCd2jns,Mashambani Health Centre,3.0,Low/Moderate,,1.0,1.0,
RFhDgy6Fjq4,Mashuuru Sub County Hospital,5.0,Low/Moderate,,2.0,2.0,
eVIeDQ3j9kW,Masii Health Centre,7.0,High,,6.0,6.0,
QicfgXP0eIq,Masinga Sub County Hospital,7.0,High,,1.0,2.0,
w8NTKsoCH8b,Masogo Dispensary (Gem),5.0,Low/Moderate,,3.0,3.0,
FDrUcAP4Sn4,Masogo Sub County Hospital,20.0,Severe,,12.0,12.0,
hwIHYJWkZ6t,Masongaleni Health Centre,5.0,Low/Moderate,,2.0,2.0,
UVAVSmgmLgj,Masongo Dispensary,1.0,Low/Moderate,,1.0,1.0,
eBEloHL6afC,Mata Dispensary (Taveta),1.0,Low/Moderate,,1.0,1.0,
Ox532fak7j5,Matangwe Community Health Centre,3.0,Low/Moderate,,5.0,5.0,
FXOdrZAa7bo,Matanya Dispensary,6.0,High,,11.0,,
GSBiP2fM5zp,Matata Nursing Hospital,6.0,High,8.0,8.0,16.0,50.0
Ki3E4GNuj27,Matayos Sub County Hospital,18.0,Very High,,6.0,8.0,
rxOzjXrbCkg,Matete Level 4 Hospital,14.0,Very High,,3.0,4.0,
QyiacDkIae3,Mathare 3A (EDARP),8.0,High,1.0,13.0,16.0,6.25
Ea0rQYGCbYx,Mathare North Hospital,20.0,Severe,1.0,27.0,29.0,3.4482758620689653
bT26O2JfFSB,Mathare Police Depot,5.0,Low/Moderate,1.0,,,
YaNze2Y77ss,Mathari Hospital,10.0,High,,3.0,3.0,
YdthQZVh45c,Matibabu Ukwala Clinic,9.0,High,,4.0,4.0,
YBUNnyEh8fI,Matiliku Sub County Hospital,6.0,High,,1.0,2.0,
VdppIFvYta4,Matongo Health Centre,1.0,Low/Moderate,,7.0,7.0,
bi747puqsrA,Matoso Health Clinic,4.0,Low/Moderate,,1.0,1.0,
ttGIIqGqFOt,Matsangoni Model Health Centre,11.0,High,,4.0,4.0,
ofrW88rUDJw,Matunda Sub County Hospital,20.0,Severe,,4.0,4.0,
iuatmqJAf90,Matunda Sub County Hospital,3.0,Low/Moderate,,4.0,4.0,
MdJ4Zb1k9o6,Matungu Sub County Hospital,19.0,Severe,,8.0,10.0,
KKCH0q292Wz,Matungulu Health Centre,2.0,Low/Moderate,1.0,2.0,3.0,33.33333333333333
ilI3ROaTEuf,Maturu Dispensary,5.0,Low/Moderate,,,4.0,
ZYwmqGDRgY5,Matuu Level 4 Hospital,26.0,Severe,1.0,14.0,15.0,6.666666666666667
evV553fu7J8,Matuu Mission Health Centre,8.0,High,,1.0,4.0,
FJLwPzKpxiy,Mau Narok Health Centre,17.0,Very High,,2.0,8.0,
pnELrefcHxQ,Maua Methodist Hospital,20.0,Severe,,17.0,22.0,
s7kF3iHFhmi,Mautuma Sub County Hospital,2.0,Low/Moderate,1.0,4.0,6.0,16.666666666666664
N41yfPxtAlL,Mavivye Model Health Centre,2.0,Low/Moderate,,3.0,3.0,
bHv5fWNPV64,Mavoko Level 4 Hospital,26.0,Severe,,18.0,25.0,
q2YkoU00i0A,Mawere Dispensary,3.0,Low/Moderate,,2.0,2.0,
Lmx5JKQupiP,Mayanja Dispensary,13.0,Very High,,4.0,5.0,
JtllB0zMEYx,Mayenje Dispensary,1.0,Low/Moderate,,1.0,2.0,
pnHduTXb4hB,Mazeras Health centre,1.0,Low/Moderate,,2.0,2.0,
HG5fUsbdzk6,Mbaga Health Centre,11.0,High,,7.0,7.0,
mu9d9jNXA6Y,Mbagathi County Referral Hospital,57.0,Critical,,18.0,23.0,
DbCCiO4AXdh,Mbale Rural Health Training Centre,13.0,Very High,1.0,7.0,10.0,10.0
Kr5Vxuz1yLl,Mbeere Sub-County Hospital,11.0,High,,1.0,1.0,
LNxAuLQveoD,Mbenuu H Centre,1.0,Low/Moderate,,1.0,1.0,
x8kNXLmgEDu,Mbitini Health Centre,7.0,High,,6.0,6.0,
V0TLwliVcEl,Mbiuni Health Centre,6.0,High,,1.0,1.0,
pCUabLDKcQM,Mbooni Sub County Hospital,18.0,Very High,,6.0,6.0,
hJ2Hv8MfMKI,Mbungoni Catholic Dispensary (CBHC),20.0,Severe,,12.0,16.0,
DkqZGBy1IPy,Mbuta Model Health Centre,5.0,Low/Moderate,,1.0,2.0,
C5PLq7spOnB,Mechimeru Model Health Center,11.0,High,,2.0,2.0,
WNMTHpw5zHA,Med 25 International Kenya,4.0,Low/Moderate,,6.0,12.0,
iuldhpF2IHo,Menengai Dispensary,8.0,High,,3.0,3.0,
aL5ylUzJokH,Merigi Health Centre,3.0,Low/Moderate,,6.0,6.0,
uwvOG2N2Cmt,Meru Teaching And Referral Hospital,27.0,Severe,1.0,25.0,31.0,3.225806451612903
h3ZRAclZqK8,Meteitei Sub-District Hospital,5.0,Low/Moderate,1.0,3.0,5.0,20.0
Hu1BwBlNLr6,Metropolitan Hospital Nairobi,5.0,Low/Moderate,,4.0,4.0,
r1TbCZwi10y,Mewa Hospital,2.0,Low/Moderate,,1.0,1.0,
ZSphtl0DYFq,Miambani Health Centre,1.0,Low/Moderate,,1.0,3.0,
pP9chFqKMHb,Miathene District Hospital,5.0,Low/Moderate,1.0,,2.0,50.0
UlOy160zonh,Midida Dispensary,1.0,Low/Moderate,,5.0,8.0,
q3Hiw70svzH,Midoti Dispensary,10.0,High,,5.0,5.0,
dOTpdQwrYeN,Migori County Referral Hospital,48.0,Critical,,35.0,45.0,
zZdbrp6Tyiv,Migosi Sub County Hospital,19.0,Severe,,26.0,31.0,
Mi0pnaEXWh2,Migwani Sub County Hospital,10.0,High,,7.0,7.0,
Zbiixb1PWrk,Mikindani (MCM) Dispensary,11.0,High,1.0,4.0,5.0,20.0
FdzyWE8bSST,Mikindani Catholic Dispensary,13.0,Very High,,12.0,12.0,
jobx0qAOpoC,Mikinduri Sub-District Hospial,5.0,Low/Moderate,,4.0,4.0,
fkW2AtRyW2I,Mikumbune Sub-District Hospital,2.0,Low/Moderate,1.0,,2.0,50.0
kPQ0eHv8sXA,Milo Health Centre,5.0,Low/Moderate,,1.0,1.0,
Myq1ZTOEgEg,Miluki Dispensary,2.0,Low/Moderate,,2.0,2.0,
PIXoJMTOosr,Mindhine Dispensary,3.0,Low/Moderate,,2.0,3.0,
bMTnmUmmVzc,Miniambo Health Centre,12.0,Very High,1.0,12.0,13.0,7.6923076923076925
RuVa3z3qxpv,Minyenya Health Centre,3.0,Low/Moderate,,3.0,3.0,
ibwx3O2yztO,Miranga Sub County Hospital,8.0,High,2.0,8.0,16.0,12.5
ClfJQm3Docv,Mirangine Health Centre,1.0,Low/Moderate,,,1.0,
wTvF9os0GY9,Mirere Health Centre,5.0,Low/Moderate,,1.0,1.0,
WF04P1pRp2f,Miritini CDF Health Centre,5.0,Low/Moderate,,6.0,8.0,
DJbGPQhE93o,Miriu Health Centre,10.0,High,1.0,21.0,22.0,4.545454545454546
FL59pgqDXol,Mirogi Health Centre,7.0,High,1.0,25.0,26.0,3.8461538461538463
h01C8P5M7cJ,Mirugi Kariuki Sub County Hospital,7.0,High,,3.0,4.0,
ttjlT9tfGCj,Misori Dispensary,9.0,High,,5.0,5.0,
WK5p6zkEhfX,Mitaboni Health Centre,9.0,High,,4.0,6.0,
I4rhKKyqMjo,Mitume Dispensary,6.0,High,,1.0,1.0,
Z5NeINoTgxS,Miwani Health Centre,2.0,Low/Moderate,,3.0,3.0,
THNDq8DTAhT,Mkongani Health Centre,5.0,Low/Moderate,,1.0,1.0,
ebxBpxNXZP1,Mlaleo CDF Health Centre,21.0,Severe,,11.0,11.0,
JLycfrnh9yB,Mlaleo Medical Clinic,2.0,Low/Moderate,,10.0,10.0,
oFxoGR6nj0P,Mlolongo Health Centre,9.0,High,1.0,8.0,10.0,10.0
U5xbK4LZeYP,Mnara Dispensary,2.0,Low/Moderate,,,1.0,
oXSYWYUv3SN,Modambogho Dispensary,4.0,Low/Moderate,,2.0,2.0,
O2EIvcf2efM,Mogogosiek Health Centre,9.0,High,,6.0,6.0,
sDgMJ46sG5P,Mogori-Komasimo Health Centre,8.0,High,,2.0,3.0,
guF7zg2Bdcy,Moi County Referral Hospital (Voi),15.0,Very High,,9.0,11.0,
I3B5p98nl4j,Moi Ndabi Dispensary,1.0,Low/Moderate,,1.0,1.0,
IbIpYe5FyiE,Mokomoni Health Centre,3.0,Low/Moderate,,1.0,1.0,
cSzox9dcQlU,Molo Sub County Hospital,16.0,Very High,,15.0,23.0,
qXXmA7kcfgg,Momoniat Health Centre,5.0,Low/Moderate,,3.0,4.0,
FNIEbT5nfml,Mongorisi Health Centre,2.0,Low/Moderate,,1.0,1.0,
vi6T7toguA4,Mosiro Health Centre (Kajiado West),3.0,Low/Moderate,,,2.0,
VBjJasa8Ln3,Mosocho Market Dispensary,6.0,High,,3.0,3.0,
uBH5mlmn9vz,Mosoriot Sub County Hospital,7.0,High,,16.0,16.0,
mz4h1YkqvAc,Mother Franciscan Mission Health Centre,2.0,Low/Moderate,,3.0,5.0,
V5geBYzVbgD,Mother Kevin Hospital (Catholic),4.0,Low/Moderate,,7.0,7.0,
xWXdDXkBeiy,Mowlem Health Centre,1.0,Low/Moderate,2.0,7.0,7.0,28.57142857142857
Wftkk5ibasq,Mpinzinyi Health Centre,2.0,Low/Moderate,1.0,,1.0,100.0
musLWYtdRpQ,Mrima Maternity Hospital,18.0,Very High,1.0,10.0,14.0,7.142857142857142
nUFNIok7EwF,Msambweni County Referral Hospital,30.0,Severe,,5.0,6.0,
US2758TQo9n,Mt Elgon National Park Dispensary,3.0,Low/Moderate,,1.0,1.0,
x0iSqHsozPd,Mt Elgon Sub County Hospital,12.0,Very High,,6.0,6.0,
EjGDFOdiRTy,Mt Kenya (ACK) Hospital,2.0,Low/Moderate,,3.0,3.0,
mdMk0zMyY5Y,Mt Kenya Sub County Hospital,8.0,High,,8.0,8.0,
UuRk6DvdifM,Mtito Andei Sub County Hospital,6.0,High,,4.0,4.0,
jCgLoLmPlKC,Mtongwe Dispensary,9.0,High,,5.0,7.0,
xO3P9qyihvm,Mtwapa Nursing Home,1.0,Low/Moderate,,,1.0,
g93vSYftyjR,Mtwapa Sub County Hospital,27.0,Severe,1.0,18.0,28.0,3.571428571428571
UptqVvZaPxr,Mugomari Dispensary,1.0,Low/Moderate,,2.0,2.0,
Qvul0TKYFSw,Muhaka Health Centre,8.0,High,,6.0,7.0,
p1xtagfLUyQ,Muhoroni County Hospital,9.0,High,,5.0,7.0,
cLo2mMOlSkq,Muhuru Sub-County Hospital,9.0,High,,11.0,19.0,
G4fYKBYErXO,Mukhobola Health Centre,6.0,High,,12.0,13.0,
tENZF6BO4Q7,Mukumu Hospital,30.0,Severe,,7.0,9.0,
a7wnPPpUHuA,Mukunike Health Centre,1.0,Low/Moderate,,1.0,1.0,
Fc0JkHQA1og,Mukuru Health Centre,31.0,Severe,,21.0,23.0,
l2TrhYBtbC8,Mukuru Mmm Clinic,14.0,Very High,,7.0,11.0,
hBqir19pkDS,Mukurweini Sub-county Hospital,7.0,High,1.0,10.0,14.0,7.142857142857142
z9FKHisHLl1,Mukuyu Dispensary,5.0,Low/Moderate,,4.0,4.0,
UpaNvtGWEZi,Mukuyuni Health Centre,4.0,Low/Moderate,,2.0,2.0,
ZMBAIXYo4VE,Mukuyuni Sub County Hospital,4.0,Low/Moderate,,1.0,1.0,
swdibQaVyEC,Mulaha Dispensary,7.0,High,,11.0,11.0,
dLQjsqOgttT,Mulango (AIC) Health Centre,4.0,Low/Moderate,,1.0,1.0,
xWpiITvlGmC,Mulutu Mission Dispensary,3.0,Low/Moderate,,1.0,1.0,
KWE4k0FdpyQ,Mulwanda Health Centre,4.0,Low/Moderate,,1.0,1.0,
gZJrIrVhQiq,Mumbuini Dispensary,1.0,Low/Moderate,,2.0,2.0,
pyNcZj1SiiO,Mumias Model Health Centre,5.0,Low/Moderate,,5.0,5.0,
O5OayPfeVWC,Mundika Nursing Home,1.0,Low/Moderate,1.0,4.0,13.0,7.6923076923076925
Xcn5Q2e73rw,Mundobelwa Health Centre,1.0,Low/Moderate,,3.0,3.0,
Sl09BVeTcZl,Mundoli Health Centre,2.0,Low/Moderate,,1.0,1.0,
eFmuvjEF89U,Mung'ang'a Health centre,2.0,Low/Moderate,,,1.0,
QwqmynrcOV7,Munyu Health Centre,4.0,Low/Moderate,,2.0,4.0,
Tf9HS4ZXH3Z,Mur Malanga Dispensary,1.0,Low/Moderate,,3.0,3.0,
A19e0CHhTj3,Murang'a County Refferal Hospital,14.0,Very High,,18.0,19.0,
JPl6BiRGUjp,Murungaru Health Centre,5.0,Low/Moderate,,4.0,4.0,
HLBR8Fm8NHq,Musembe Dispensary,1.0,Low/Moderate,,2.0,2.0,
cFRuOTWF3ur,Musembe Dispensary (Lugari),1.0,Low/Moderate,,1.0,2.0,
Ve2zZoZ9dvj,Muthale Mission Hospital,4.0,Low/Moderate,1.0,2.0,3.0,33.33333333333333
iLfGXM4vg6l,Muthambi Health Centre,12.0,Very High,,3.0,5.0,
ELHafKamFIR,Muthara Sub-District Hospital,10.0,High,,2.0,4.0,
ySJxoRMN3tm,Muthetheni Health Centre,5.0,Low/Moderate,,1.0,1.0,
kv6VZcAEqRF,Mutithi Health Centre,6.0,High,,7.0,7.0,
gKXNQonSJV4,Mutituni  Level 4 Hospital,8.0,High,1.0,10.0,11.0,9.090909090909092
qEsCuWc2eMM,Mutuati Sub Couty Hospital,8.0,High,1.0,8.0,10.0,10.0
faEkuP9l1mp,Mutyambua Sub County Hospital,5.0,Low/Moderate,,1.0,1.0,
i091Ei10XBM,Muyeye Health Centre (Municipal),17.0,Very High,,11.0,12.0,
SkwAFqB5xbI,Mvita Health Centre,6.0,High,,1.0,1.0,
Ukppsz4Mj3M,Mwala Subcounty Hospital,17.0,Very High,,2.0,4.0,
fcY1fkS6bL1,Mwatate Sub-District Hospital,5.0,Low/Moderate,,4.0,5.0,
cfROZdjYJFC,Mweiga Health Centre,2.0,Low/Moderate,,3.0,3.0,
R9fTJQSUjAc,Mwer Dispensary,2.0,Low/Moderate,,6.0,6.0,
cSJA4hwmlLm,Mwihila Mission Hospital,4.0,Low/Moderate,,2.0,2.0,
ClVMQmETF4u,Mwingi Level IV Hospital,26.0,Severe,1.0,12.0,13.0,7.6923076923076925
eEVi7Ji3nke,Mwongori Dispensary,1.0,Low/Moderate,,3.0,3.0,
uj2UMJenimd,Nabongo Dispensary,6.0,High,1.0,5.0,7.0,14.285714285714285
QY0YH92HfWO,Nairagie Enkare Sub-County Hospital,15.0,Very High,1.0,1.0,2.0,50.0
BtD2riFtR1r,Nairobi Remand Prison Health Centre,17.0,Very High,,3.0,3.0,
fuHWUdVeIZl,Naisoya Dispensary,2.0,Low/Moderate,,1.0,1.0,
FhqUs6aRJoX,Naitiri Sub-County Hospital,12.0,Very High,,10.0,14.0,
m6ITwjXu5J5,Naivasha (AIC) Medical Centre,16.0,Very High,,12.0,12.0,
RU2jRqYCp2E,Naivasha District Hospital,46.0,Critical,1.0,36.0,42.0,2.380952380952381
rwmAZ2gLzS7,Naivasha GK Prison Annex Dispensary,4.0,Low/Moderate,,1.0,1.0,
OCkGCPhF8Gs,Nakuru Provincial General Hospital,88.0,Critical,,34.0,56.0,
DIvySewPpEf,Nakuru West Health Centre,7.0,High,1.0,6.0,8.0,12.5
gvplllzYFPk,Nakwamoru Health Centre,1.0,Low/Moderate,,2.0,2.0,
DIonv0JYDFH,Nala Maternity and Nursing Home,1.0,Low/Moderate,,2.0,2.0,
bm0xjIsElOx,Namagara Dispensary,6.0,High,,4.0,6.0,
T8ykBEN4kyI,Namanga Health Centre,16.0,Very High,1.0,3.0,4.0,25.0
Bq8H9szTsYf,Namanjalala Dispensary,7.0,High,,,1.0,
z6NaFzIMBFT,Namasoli Health Centre,3.0,Low/Moderate,,3.0,3.0,
SPfT81d1gVx,Namba Kodero Dispensary,2.0,Low/Moderate,,9.0,9.0,
wwBB7XKIgr8,Nambale Sub County Hospital,25.0,Severe,,11.0,11.0,
G8avY4Gzra8,Namboboto Dispensary,8.0,High,,1.0,1.0,
vpcUN6fhhfX,Nambuku Model Health Centre,3.0,Low/Moderate,,3.0,8.0,
Nq0dWw681Qs,Namelok Health Centre,8.0,High,,2.0,2.0,
q7a1TH1APLe,Namuduru Dispensary,2.0,Low/Moderate,,2.0,2.0,
DwUrEH0QR9t,Namukuse Dispensary,2.0,Low/Moderate,,2.0,2.0,
ucpxRXJhTuE,Nandi Hills County Hospital,14.0,Very High,,7.0,4.0,
EGS0saGNDoS,Nangina Dispensary,8.0,High,,7.0,7.0,
wZYYhq8qsZ0,Nanyuki Teaching and Referral Hospital,19.0,Severe,1.0,6.0,15.0,6.666666666666667
eUG9sXdwHag,Narok County Referral Hospital,39.0,Severe,1.0,16.0,25.0,4.0
gz6H3xfyKgn,Naromoru Level 4 Hospital,4.0,Low/Moderate,,1.0,1.0,
PpgMAHSg9Oq,Nasewa Health Centre,3.0,Low/Moderate,,3.0,3.0,
Vl9yeiqpaUd,Nasusi Dispensary,4.0,Low/Moderate,,1.0,1.0,
Rvu6KPuh0ci,National Youth Service Hq Dispensary (Ruaraka),1.0,Low/Moderate,,2.0,2.0,
MPbxqvaEWLa,Navakholo Sub County Hospital,10.0,High,1.0,5.0,9.0,11.11111111111111
NxtPmGX4kQD,Naya Health Centre,7.0,High,,15.0,15.0,
RG4eEDBQ8tm,Nazareth Hospital,12.0,Very High,1.0,12.0,14.0,7.142857142857142
GmnUAmcCmsV,Nazareth Hospital (Ruiru),14.0,Very High,,4.0,4.0,
ohJAsPklBdW,Ndabibi Dispensary,1.0,Low/Moderate,,2.0,4.0,
YipErGJiLow,Ndalu Health Centre,11.0,High,,5.0,6.0,
nltKVAqijoC,Ndanai Sub County Hospital,22.0,Severe,,7.0,7.0,
uAmB8MLWUbq,Ndaragwa Health Centre,11.0,High,,4.0,6.0,
kIkn9YIz4Qj,Ndeda Dispensary,2.0,Low/Moderate,,4.0,4.0,
ZqF7NG3gANx,Ndeiya Health Centre,2.0,Low/Moderate,1.0,1.0,2.0,50.0
uECirbmK3vj,Ndemi Health Centre,2.0,Low/Moderate,,2.0,2.0,
BTkvpaSEq55,Ndere Health Centre,2.0,Low/Moderate,,3.0,3.0,
XYDcUKlknf5,Ndhiwa Sub County Hospital,28.0,Severe,,23.0,23.0,
PMaCD9epy9o,Ndhuru Health Centre,2.0,Low/Moderate,,2.0,2.0,
DoHbN85NkUa,Ndindika Health Centre,7.0,High,,4.0,4.0,
gqskItE0Gka,Ndiru Level 4 Hospital,4.0,Low/Moderate,,10.0,10.0,
oGlCWuv7jU7,Ndisi Health Center,2.0,Low/Moderate,,5.0,6.0,
JdqOvfWtH49,Ndiwa Dispensary,1.0,Low/Moderate,,6.0,7.0,
QYhKgi9NMUr,Ndori Health Centre,20.0,Severe,,18.0,18.0,
DUoMcSbpU37,Ndovu Health Centre,5.0,Low/Moderate,,6.0,8.0,
h0a0zgZUPlq,Nduga Health Centre,5.0,Low/Moderate,,1.0,1.0,
GBhUzlGBAgx,Nduru Dispensary,3.0,Low/Moderate,,4.0,4.0,
VNthlMGjt7T,Nduru Kadero Health Centre,2.0,Low/Moderate,,,1.0,
AfrL9Cw3W2v,Nduru Sub County Referral Hospital,3.0,Low/Moderate,,4.0,4.0,
hWr7kmALfeT,Neissuit Dispensary,7.0,High,,1.0,1.0,
mZq9BpNMPFG,Nembure Health Centre,6.0,High,2.0,5.0,7.0,28.57142857142857
kKYdOJ0uRod,New Mawingu Health Centre,3.0,Low/Moderate,,,,
wY8b3t2QsEL,Ng'Iya Health Centre,16.0,Very High,,9.0,11.0,
B8Y8xuk4MFf,Ng'ong'a Dispensary,3.0,Low/Moderate,,5.0,5.0,
CDd0j0WKbeJ,Ngaira Rhodes Dispensary,25.0,Severe,,1.0,1.0,
GuFAWSVAJtr,Ngalasia Dispensary,2.0,Low/Moderate,,1.0,1.0,
HUsIFF3CxlZ,Ngara Health Centre (City Council of Nairobi),21.0,Severe,,8.0,9.0,
r874ehM9tS8,Ngarua Health Centre,6.0,High,,3.0,3.0,
pGJgEAZ6DkV,Ngegu Health Centre,6.0,High,,9.0,9.0,
x34xUVEFge4,Ngenda Health Centre,1.0,Low/Moderate,,3.0,4.0,
leXuCmyYwWX,Ngere Health Centre,3.0,Low/Moderate,,6.0,7.0,
YZyIlJ1KHHA,Ngeta Health Centre,6.0,High,,1.0,1.0,
dsbD2Xdq2Zg,Ngewa Health Centre,5.0,Low/Moderate,2.0,4.0,6.0,33.33333333333333
XWycxNbm28F,Ngodhe Dispensary,3.0,Low/Moderate,,6.0,6.0,
fhUqSZR2MaN,Ngoliba Health Centre,7.0,High,,4.0,4.0,
sk9ycClAxDu,Ngomeni Health Centre,4.0,Low/Moderate,,2.0,3.0,
peOeXgYmRoo,Ngong Road Dispensary,12.0,Very High,,2.0,2.0,
WzIfzN4cqMu,Ngong Sub-County Hospital,41.0,Critical,,20.0,22.0,
JpOeRsaZHoG,Ngorika health centre,5.0,Low/Moderate,,,1.0,
HIEF04AulGc,Ngorongo Health Centre,3.0,Low/Moderate,,1.0,1.0,
mYCbfDe5PSK,Nguku Health Center,1.0,Low/Moderate,,,11.0,
O5xsvwvsy27,Nguluni Health Centre,22.0,Severe,,12.0,15.0,
Hk4RzoagEQy,Nguni Health Centre,10.0,High,,10.0,13.0,
M3drLV2Qeob,Ngwata Health Centre,6.0,High,,4.0,5.0,
E4jVwDn9VtO,Nightingale Medical Centre,2.0,Low/Moderate,,5.0,6.0,
DbOdUfzRcBN,Njabini Catholic Dispensary,2.0,Low/Moderate,,3.0,3.0,
JWdMKPTg0HL,Njabini Health Centre,5.0,Low/Moderate,,5.0,5.0,
A1LHwsmDMUX,Njiru (EDARP) Clinic,9.0,High,,7.0,10.0,
qvpYnC3UQ7z,Njiru Hospital,31.0,Severe,1.0,24.0,26.0,3.8461538461538463
pLq3t6aiqUC,Njoro Subcounty Hospital,32.0,Severe,,22.0,24.0,
gCRidS1x9ty,North Kinangop Catholic Hospital,6.0,High,,11.0,14.0,
SezKPZmA70j,North-Lake Rocco Medical Centre,5.0,Low/Moderate,,1.0,1.0,
qzp1rXyNKFL,Nthongoni Sub County Hospital,4.0,Low/Moderate,,,3.0,
xt2lltkTLza,Ntimaru Sub County Hospital,3.0,Low/Moderate,,2.0,4.0,
UA0iSIHHIpp,Nyabioto Dispensary,1.0,Low/Moderate,,3.0,3.0,
T4fYNeKF5gb,Nyabondo Mission Hospital,18.0,Very High,,19.0,19.0,
difHM52kujJ,Nyacheki Sub County Hospital,3.0,Low/Moderate,,4.0,4.0,
nKDcsLqOt81,Nyadhi Dispensary,6.0,High,,2.0,2.0,
UKLTU9SVDp3,Nyagoko Dispensary,1.0,Low/Moderate,,7.0,7.0,
HIEDhEPPVCE,Nyagoro Health Centre,11.0,High,,4.0,4.0,
Sl1MkMfCluS,Nyagoto Health Centre,6.0,High,,1.0,1.0,
NETZipsOma4,Nyaguda Health Center,9.0,High,,9.0,9.0,
jO55LWzNxCv,Nyahera Sub County Hospital,8.0,High,1.0,19.0,20.0,5.0
dAPS3WNKy1K,Nyahururu District Hospital,20.0,Severe,,9.0,9.0,
zdklzerrVxH,Nyakach (AIC) Dispensary,6.0,High,1.0,5.0,6.0,16.666666666666664
ffLvCT7DuPc,Nyakach County Hospital,17.0,Very High,,3.0,3.0,
D3gE54sbiH8,Nyakiambi Dispensary,1.0,Low/Moderate,,1.0,1.0,
J3865NY4ur6,Nyakongo health Centre,1.0,Low/Moderate,,10.0,10.0,
WlgH5Q5Y6kZ,Nyakuru Dispensary,6.0,High,,9.0,13.0,
uMzpY2vfUnF,Nyalenda Health Centre,13.0,Very High,,8.0,8.0,
H2Cpb3vTyOe,Nyalgosi Health Centre,6.0,High,1.0,3.0,4.0,25.0
wUU4WZrUUgK,Nyalkinyi Health Centre,5.0,Low/Moderate,,1.0,1.0,
bSJkg11sPh7,Nyalunya Health Centre,1.0,Low/Moderate,,11.0,11.0,
gXJXJvMm9Jg,Nyamache Sub County Referral Hospital,3.0,Low/Moderate,,3.0,3.0,
kNz883gc5n8,Nyamagundo sub county hospital,2.0,Low/Moderate,,2.0,2.0,
o8IOlvEXsMe,Nyamaiya Health Centre,6.0,High,,4.0,5.0,
UMheUvXia9d,Nyamanga Dispensary (Nyatike),3.0,Low/Moderate,,3.0,3.0,
NDFVW6VFCnE,Nyamaraga Sub County Hospital,10.0,High,,9.0,9.0,
jYceYXy2rBf,Nyamarimba Sub County Hospital,6.0,High,,2.0,2.0,
pJP2SYBe0bB,Nyamasare Dispensary,2.0,Low/Moderate,,7.0,7.0,
q0HFYe46rHe,Nyambare Health Centre,4.0,Low/Moderate,,4.0,4.0,
KCKQZfmxuKS,Nyambene Sub County Hospital,25.0,Severe,1.0,18.0,20.0,5.0
hKvUlAHlVJx,Nyamira County Referral Hospital,20.0,Severe,,12.0,15.0,
Fb6QnAUP1Gf,Nyamonye Mission Dispensary,5.0,Low/Moderate,,9.0,9.0,
ag64ujDJHs6,Nyanchwa Adventist Hospital,8.0,High,,4.0,7.0,
mvhjOGeHZbK,Nyandago Koweru Dispensary,4.0,Low/Moderate,,10.0,12.0,
okma2mhy9sc,Nyandiwa Level IV Hospital,22.0,Severe,,21.0,21.0,
C3hcs594UwF,Nyang'oma Mission Health Centre,19.0,Severe,,11.0,11.0,
Fiw6j6VJOPf,Nyang'oma Sub County Hospital,15.0,Very High,,21.0,21.0,
gdjJjF3h8HT,Nyangande Sub County Hospital,15.0,Very High,,24.0,24.0,
UvpDlU8kdC9,Nyangiela Sub County Hospital,11.0,High,,16.0,19.0,
WggQjuiAZV8,Nyangu Dispensary,6.0,High,,8.0,8.0,
vlWTrWMtRy1,Nyaoga Health Centre,4.0,Low/Moderate,,8.0,11.0,
PLczdqs5KKm,Nyaporo Dispensary,5.0,Low/Moderate,,,2.0,
sAMKlirWAu6,Nyarongi Dispensary,3.0,Low/Moderate,,5.0,6.0,
JndRLlEOlBD,Nyathengo Dispensary,4.0,Low/Moderate,,3.0,3.0,
VsubFRDKyLR,Nyathuna Level 4 Hospital,6.0,High,,1.0,1.0,
MTG9Ipne1mz,Nyatike Health Centre,1.0,Low/Moderate,1.0,1.0,3.0,33.33333333333333
Uma5NXphDL5,Nyawango Health Centre,1.0,Low/Moderate,2.0,1.0,3.0,66.66666666666666
Oy12OVa3NVS,Nyawara Health Centre,7.0,High,,8.0,8.0,
cKbuV6z4EJ9,Nyawita Health Centre,2.0,Low/Moderate,,2.0,4.0,
dSXVo1RmpPp,Nyenye Misori Dispensary,5.0,Low/Moderate,,7.0,7.0,
e8KbBUYLOqY,Nyeri Provincial General Hospital (PGH),27.0,Severe,,17.0,17.0,
EddKiEXCXSD,Nyeri Town Health Centre,10.0,High,,10.0,14.0,
CmRdI5qiyot,Nziu Health Centre,3.0,Low/Moderate,,3.0,3.0,
wCYNSByDP30,Nzoia Matete Dispensary,3.0,Low/Moderate,1.0,1.0,2.0,50.0
NymjRjDIu9W,Obalwanda Health Centre,1.0,Low/Moderate,,3.0,3.0,
mifeiXAkWps,Ober Kabuoch Health Center,2.0,Low/Moderate,,11.0,11.0,
JVl5vd8v985,Ober Kamoth Sub County Hospital,10.0,High,,12.0,12.0,
vtSyjpamKrj,Ober Level 4 Hospital,8.0,High,,4.0,4.0,
sxMelmjaLmt,Oboch Dispensary,11.0,High,1.0,5.0,6.0,16.666666666666664
sjhSrlzV4w6,Obumba Health Centre,2.0,Low/Moderate,,1.0,1.0,
VBp82lP8VqD,Obunga Health Centre,8.0,High,,1.0,3.0,
FBo2ApNsBge,Obwanda Health Centre,6.0,High,,3.0,3.0,
EzccfHE7VSe,Obware Dispensary,2.0,Low/Moderate,,5.0,5.0,
RPdnWtp0vRd,Ochuna Dispensary,5.0,Low/Moderate,,5.0,5.0,
OnMW8Kn4YDf,Ogada Health Centre,1.0,Low/Moderate,,5.0,6.0,
JRvC1h1WCBh,Ogam Dispensary,2.0,Low/Moderate,,4.0,4.0,
pnLsN07Qaut,Ogande Dispensary,2.0,Low/Moderate,,9.0,10.0,
LYauDwfdLGf,Ogen Dispensary,3.0,Low/Moderate,,3.0,3.0,
JNXlOJYD4Z2,Ogongo Level 4 Hospital,3.0,Low/Moderate,,15.0,16.0,
Q5GF0n7TnBZ,Ogra Health Centre,5.0,Low/Moderate,,18.0,18.0,
Oh2bAGRnSwV,Ogwedhi Health Centre,10.0,High,,5.0,5.0,
xSUP8uKu35W,Ojola Sub County Hospital,4.0,Low/Moderate,,9.0,12.0,
BPUDPYELno3,Okiki Amayo Health Centre,5.0,Low/Moderate,,3.0,3.0,
Ma6T0CLHZnh,Okok Health Center,8.0,High,,25.0,25.0,
kWww1M8MQU0,Ol-Jorai Health Center,2.0,Low/Moderate,,1.0,2.0,
FIDsgV3ezn0,Olasi Dispensary,1.0,Low/Moderate,,7.0,8.0,
gYDBnsFssH6,Olasi Dispensary (Nyando),1.0,Low/Moderate,,4.0,4.0,
ZqmBdrwI59g,Olborosat Dispensary,1.0,Low/Moderate,,1.0,2.0,
v9kycSh3X4O,Olchorro Health Centre,4.0,Low/Moderate,,1.0,1.0,
cLBvS1WGEQF,Old Mawingu Health Centre,5.0,Low/Moderate,,1.0,1.0,
qc3yUukscvt,Olenguruone Sub County Hospital,10.0,High,2.0,3.0,7.0,28.57142857142857
nN3Po5pIV4t,Oljabet Health Centre,3.0,Low/Moderate,,4.0,4.0,
QaCEAVVfwZE,Olmekenyu Health Centre,10.0,High,,2.0,2.0,
dxZgFuOryf4,Olmoran Health Centre,3.0,Low/Moderate,,1.0,2.0,
xGTMrXGuKGB,Ololulunga Sub County Hospital,13.0,Very High,,6.0,7.0,
a6ZP7RjG0JA,Olps Clinic,14.0,Very High,,7.0,10.0,
fC39oEywEQk,Ombek Health Centre,1.0,Low/Moderate,,4.0,5.0,
OWLIOQ1qkOt,Omboga Health Centre,5.0,Low/Moderate,,13.0,13.0,
p6QLmTAlmyU,Onding Dispensary,2.0,Low/Moderate,,1.0,1.0,
Uvv85m35TMs,Ondong Dispensary,5.0,Low/Moderate,,1.0,3.0,
ttfohow6fXP,Oneno Health Centre,1.0,Low/Moderate,,2.0,2.0,
RW8fKrzu1Ka,Ong'ielo Model Health Centre,8.0,High,,13.0,13.0,
nTGZm5lNyzY,Ongata Rongai Sub County Hospital,44.0,Critical,1.0,22.0,24.0,4.166666666666666
pS72TtLnCvM,Ongito Dispensary,1.0,Low/Moderate,,5.0,7.0,
ImG6wgclN06,Ongo Sub County Hospital,6.0,High,,9.0,9.0,
OlwzlLibvzd,Onyuongo Dispensary,5.0,Low/Moderate,,2.0,2.0,
zeG49V2oKJ1,Opapla Health Centre,1.0,Low/Moderate,1.0,4.0,5.0,20.0
mC9U2woN9J3,Oresi Sub County Hospital,28.0,Severe,,17.0,18.0,
Abx1zrqutJ6,Oriang (SDA) Health Centre,1.0,Low/Moderate,,3.0,3.0,
IDjYKFT9aaF,Oriang Kanyadwera Dispensary,3.0,Low/Moderate,,1.0,1.0,
WdXqR4s4oYz,Oridi Health Center,2.0,Low/Moderate,,6.0,6.0,
fjQDkluQIse,Oroche Dispensary,2.0,Low/Moderate,,4.0,4.0,
cZQlPWrhosA,Oruba Nursing and Maternity Home,1.0,Low/Moderate,,2.0,2.0,
grOgz9Y2EUz,Orwaki Dispensary,1.0,Low/Moderate,,1.0,1.0,
y1WqAJwDmmi,Osewre Dispensary,1.0,Low/Moderate,,1.0,1.0,
LWoO0Z47tGZ,Osieko Dispensary,7.0,High,,4.0,4.0,
G4FemD36hGF,Osingo Dispensary,4.0,Low/Moderate,,5.0,5.0,
nNxsnNursRY,Otacho Dispensary,2.0,Low/Moderate,4.0,4.0,8.0,50.0
K7MbyOwY6BH,Otange Health Center,8.0,High,,7.0,7.0,
V6P9Brv9LmO,Otati Dispensary,1.0,Low/Moderate,,2.0,5.0,
AoO1uzcsLs0,Othaya Sub County Hospital,12.0,Very High,,6.0,6.0,
hpkiX97MN3B,Othoch Rakuom Dispensary,4.0,Low/Moderate,,12.0,12.0,
eogI9KAaTj9,Othoro Level 4 Hospital (Rachuonyo),15.0,Very High,,12.0,13.0,
HIbQsMgPQm0,Othoro Sub County Hospital,5.0,Low/Moderate,,6.0,7.0,
tEu5VkVwaK7,Our Lady of Lourdes Mutomo Hospital,10.0,High,1.0,6.0,7.0,14.285714285714285
lna5hD9un4O,Our Lady of Lourdes Mwea Hospital,6.0,High,,8.0,8.0,
xHrYMm0ZsQu,Ouya Dispensary,4.0,Low/Moderate,,5.0,5.0,
CDCeYZgAB3g,Oyamo Dispensary,1.0,Low/Moderate,,2.0,2.0,
WV0WSrN5Wki,Oyani (SDA) Dispensary,2.0,Low/Moderate,,5.0,6.0,
EVf9vo84kFZ,Oyani Sub County Hospital,12.0,Very High,1.0,7.0,10.0,10.0
PNrZ6dCwfLs,Oyuma Health Centre (Rachuonyo),1.0,Low/Moderate,,,1.0,
qJwEgqDnkAC,Pala Level 4 Hospital,16.0,Very High,,6.0,6.0,
kuBecESrd0Y,Pala Masogo Health Centre,6.0,High,,4.0,4.0,
iBuAKaM0WO2,Pand Pieri Community Dispensary,21.0,Severe,5.0,5.0,12.0,41.66666666666667
ybNHUZ8G4xz,Pap Kodero Health Centre,8.0,High,,9.0,9.0,
udyfhz4XKDn,Patanisho Maternity and Nursing Home,4.0,Low/Moderate,,1.0,1.0,
XgnBT8Pug4r,PCEA Chogoria Hospital,20.0,Severe,,10.0,10.0,
z3nMgma1Kt1,Piny Owacho Dispensary,1.0,Low/Moderate,,4.0,4.0,
PtapijBoEPe,Ponge Health Center,1.0,Low/Moderate,,1.0,1.0,
WcObK0U8pXU,Ponge Health Centre (Suba North),3.0,Low/Moderate,3.0,,3.0,100.0
pOzVvOXQ6TL,Port Florence Hospital,8.0,High,1.0,15.0,16.0,6.25
K6JHRvs7bAu,Port Reitz Sub County Hospital,27.0,Severe,,4.0,5.0,
vqZ76KANEWN,Port Victoria Hospital,22.0,Severe,,25.0,27.0,
LSjjW2Uph1L,Pstc Health Centre,1.0,Low/Moderate,,2.0,2.0,
qNJkz8G7pfV,Pumwani Majengo Dispensary,25.0,Severe,,12.0,12.0,
DAfqnwB2Uhh,Pumwani Maternity Hospital,25.0,Severe,,32.0,32.0,
eMMojDvhND0,Rabai Sub County Hospital,10.0,High,,10.0,13.0,
bejbJuEmJLP,Rabar Health Centre,5.0,Low/Moderate,,14.0,14.0,
aCOEeeYEcsO,Rabondo Dispensary,5.0,Low/Moderate,,7.0,7.0,
xHpOSfsb09z,Rabuor Sub County Hospital,12.0,Very High,,28.0,28.0,
ieD6w3xqG0G,Rachar Sugar Belt Hospital,5.0,Low/Moderate,,3.0,6.0,
Psa3nl6S4SK,Rachuonyo County Hospital,85.0,Critical,,39.0,47.0,
t68YwvegZ4I,Rachuonyo East Sub County Hospital,12.0,Very High,,14.0,14.0,
szk9vzhrYeY,Radienya Dispensary,1.0,Low/Moderate,,3.0,4.0,
AqD7UCCUGCh,Rae Dispensary,11.0,High,,4.0,4.0,
ILrXVyvqFwX,Raganga Health Centre,6.0,High,,3.0,3.0,
mRPHsiYtXeO,Rageng'ni Dispensary,3.0,Low/Moderate,,3.0,3.0,
mbaB7dMts46,Ragwe Health Centre,1.0,Low/Moderate,,8.0,8.0,
uNfRv08L7NJ,Railways Dispensary (Kisumu),18.0,Very High,1.0,13.0,14.0,7.142857142857142
iM48NtgCfPO,Railways Dispensary (Mombasa),4.0,Low/Moderate,,1.0,1.0,
JRzEwsiGNOs,Ram Hospital,1.0,Low/Moderate,,2.0,2.0,
w6gmsyy7sL6,Rambugu Dispensary (Rarieda),3.0,Low/Moderate,,4.0,4.0,
vyIRQtMwS3K,Rambula Dispensary,4.0,Low/Moderate,,7.0,7.0,
I12ueCqFUQG,Ramula Health Centre,10.0,High,,7.0,7.0,
tKxiY0VjNrr,Randago Dispensary,5.0,Low/Moderate,1.0,7.0,9.0,11.11111111111111
yLorzTZpbmc,Randung' Health Centre,4.0,Low/Moderate,,6.0,6.0,
I2z6MT7pHrX,Ranen (SDA) Dispensary,7.0,High,7.0,7.0,14.0,50.0
ytVjSxVQbQ2,Rangala Health Centre,7.0,High,1.0,14.0,15.0,6.666666666666667
qoY3GWB320k,Rangwe (SDA) Dispensary,4.0,Low/Moderate,,14.0,14.0,
o8qbdITAWcU,Rangwe Sub-County Hospital,17.0,Very High,,10.0,10.0,
RpoDr08py8E,Rapcom Nursing and Maternity Home,3.0,Low/Moderate,,10.0,15.0,
CHWDHwHN1da,Rariw Health Centre,5.0,Low/Moderate,,6.0,6.0,
aTQwZSIIxPA,Ratta Health Centre,5.0,Low/Moderate,,7.0,7.0,
jC5xoC8BnPT,Regaol Barnabas Medical Centre,9.0,High,,10.0,10.0,
rsvp3dkcgmQ,Remba Health Centre,2.0,Low/Moderate,,8.0,8.0,
p6Sle8EB5TO,Rera Health Centre,5.0,Low/Moderate,,7.0,7.0,
XIIEtZGP1iY,Rhonda Health centre,3.0,Low/Moderate,1.0,11.0,18.0,5.555555555555555
PduUv9FH59L,Riana Health Centre,1.0,Low/Moderate,,1.0,1.0,
RuEWpmWUmCM,Riat Dispensary,3.0,Low/Moderate,,2.0,2.0,
g8H5Hr3A1QX,Riat Dispensary (Migori),3.0,Low/Moderate,,5.0,5.0,
ueSbUJtjGM9,Ringiti Health Centre,5.0,Low/Moderate,,1.0,2.0,
ZyVu64QtPyq,Riotanchi Health Centre,3.0,Low/Moderate,,2.0,2.0,
GOxptySBE5j,Riruta Hospital,46.0,Critical,,22.0,24.0,
xOk8BwV5Uta,Rodi Health Centre,3.0,Low/Moderate,,7.0,8.0,
EumBiY0A93D,Rombo Health Centre,12.0,Very High,,1.0,1.0,
IZ78jKxuNvk,Rongai Health Centre,6.0,High,,5.0,8.0,
KV7mZo1P75i,Rongo Sub County Hospital,39.0,Severe,1.0,38.0,42.0,2.380952380952381
t5ezj03HWYj,Roret Sub County Hospital,9.0,High,,3.0,3.0,
E5fkFJ09xpE,Rota Health Centre,9.0,High,1.0,2.0,3.0,33.33333333333333
G2SApeuVqIS,Royal Medical Hospital and Maternity Home Limited,6.0,High,,9.0,9.0,
QtLL3zPlb1l,RTC Medical Centre,1.0,Low/Moderate,,2.0,2.0,
MEh9RhjHr40,Ruai (EDARP) Clinic,6.0,High,,5.0,7.0,
tdskla3Fuag,Ruai Health Centre,18.0,Very High,,9.0,9.0,
pk6P7fleFU8,Ruaraka Uhai Neema Hospital,9.0,High,,9.0,9.0,
d62fP00Szyv,Ruiru Sub-County Hospital,44.0,Critical,1.0,31.0,36.0,2.7777777777777777
KK9ISvjjUvP,Rukala Model Health Centre,4.0,Low/Moderate,,1.0,1.0,
JXcyxGXlL9O,Rumbiye Dispensary,1.0,Low/Moderate,,,1.0,
OSC2ngoYEYM,Rumuruti District Hospital,9.0,High,,8.0,8.0,
f8GXUUOSkR6,Runyenjes Sub County Hospital,11.0,High,,10.0,12.0,
gComlbUf3gB,Rusinga Dispensary,4.0,Low/Moderate,,1.0,1.0,
gWGorl4dyrC,Rusinga Island of Hope Humanist Health Centre,3.0,Low/Moderate,,9.0,9.0,
bXn7IY2ZYMz,Rwambwa Sub-county Hospital,5.0,Low/Moderate,1.0,10.0,11.0,9.090909090909092
OKBBkzppdal,Sabasaba Health Centre,5.0,Low/Moderate,,6.0,6.0,
m6zhE2pzHWO,Sabatia Sub County Hospital,13.0,Very High,,9.0,9.0,
ikKNYc51MsI,Saboti Sub County Hospital,7.0,High,1.0,4.0,5.0,20.0
q9xXncCEGRK,Sacred Heart Dispensary,16.0,Very High,,3.0,4.0,
cPU7gAlPGs7,Sagam Community Hospital,9.0,High,,5.0,5.0,
sm3tsYY05ZR,Sagana Sub County Hospital,7.0,High,,6.0,6.0,
TDU6t8gEJgE,Sakali Dispensary,1.0,Low/Moderate,,4.0,4.0,
GRZc4EZ9PuV,Samburu Sub County Hospital,10.0,High,1.0,3.0,5.0,20.0
taNmXyxY87R,Sango Rota Health Centre,3.0,Low/Moderate,1.0,,2.0,50.0
VqXehjCiW9C,Saradidi Dispensary,2.0,Low/Moderate,,3.0,3.0,
NpKmhJBECVb,Saro Dispensary,14.0,Very High,1.0,10.0,11.0,9.090909090909092
vhGugNZUV3w,Savane Dispensary,4.0,Low/Moderate,,1.0,2.0,
XBVHcByduVe,Sayyida Fatimah Hospital,5.0,Low/Moderate,,6.0,7.0,
Q1YHVG2A0U1,Sega Dispensary,8.0,High,,9.0,9.0,
ntP34s4jDH5,Sega Mission Hospital,16.0,Very High,,20.0,22.0,
EwpG2Q4y05m,Segere Dispensary,3.0,Low/Moderate,,11.0,11.0,
XzlKeCEvztb,Sekenani Health Centre,5.0,Low/Moderate,,2.0,2.0,
tnPObrjA9RC,Sena Level 4 Hospital,3.0,Low/Moderate,,22.0,22.0,
Wm51OW03KAk,Sengani Health centre,10.0,High,,3.0,4.0,
TvQQht1n3MH,Serawongo Dispensary,7.0,High,,12.0,12.0,
oIfTa0e3Og0,Serem Health Centre,9.0,High,,8.0,10.0,
amRQYjheywd,Shalom Community Hospital,3.0,Low/Moderate,,3.0,3.0,
BRIBehwYmcd,Shamakhubu Health Centre,3.0,Low/Moderate,,2.0,3.0,
dU7dDBWWWDi,Shamata Health Centre,9.0,High,,4.0,4.0,
UNbhlHZjMF2,Shamberere Health Centre,8.0,High,,2.0,3.0,
d7xdgRnT1pE,Shianda Dispensary,9.0,High,,2.0,3.0,
PuVGCzBiYAp,Shibanze Dispensary,1.0,Low/Moderate,,6.0,6.0,
y1jWd1Ug7ts,Shibwe Sub-County Hospital,18.0,Very High,1.0,4.0,5.0,20.0
HqFDy2vEQz6,Shika Adabu (MCM) Dispensary,4.0,Low/Moderate,1.0,2.0,3.0,33.33333333333333
VymFeOiKKGv,Shikunga Health Centre,3.0,Low/Moderate,,,4.0,
nNM3ZA9ErqU,Shikusa Health Centre,7.0,High,1.0,,1.0,100.0
xFwky80rnjq,Shimo La Tewa Annex GK Prison Dispensary,11.0,High,,3.0,3.0,
gvaEWrl758j,Shimo-La Tewa Health Centre (GK Prison),29.0,Severe,,5.0,5.0,
el6wJ3PIq0h,Shining Hope for Communities Mathare Medical Clinic,7.0,High,,13.0,13.0,
kbg8aYUzgUM,Shinyalu Model Health Centre,10.0,High,,9.0,12.0,
agO9AbQPxH4,Shiraha Health Centre,1.0,Low/Moderate,,,1.0,
cF9orSjuiaV,Shirikisho Health Centre,12.0,Very High,,21.0,22.0,
HBsqa81tb5L,Shiru Health Centre,15.0,Very High,,9.0,9.0,
fB3xG06tgRu,Shisaba Dispensary,3.0,Low/Moderate,,3.0,5.0,
KzjIbQebF4W,Shiseso Health Centre,4.0,Low/Moderate,,1.0,1.0,
DN1DpNnTw3q,Shitsitswi Health Centre,2.0,Low/Moderate,,3.0,5.0,
c6oal13vwWU,Shivanga Health Centre,2.0,Low/Moderate,1.0,1.0,2.0,50.0
SQ7NgzUYOjt,SHOFCO Medical Clinic (Kibera),3.0,Low/Moderate,,4.0,4.0,
X6eQyywhuHF,Siala Kaduol,2.0,Low/Moderate,,3.0,3.0,
b3yukBxVi1J,Siaya County Referral Hospital,17.0,Very High,,38.0,40.0,
lVnCyawh28t,Siboti Model Health Centre,3.0,Low/Moderate,,1.0,1.0,
MxwFljO9mmy,Sibuoche Dispensary,5.0,Low/Moderate,,3.0,17.0,
UDjLzocKru9,Sifuyo Health centre,5.0,Low/Moderate,,5.0,5.0,
z4pEZ9GMUj7,Sigomere Sub County Hospital,17.0,Very High,,10.0,11.0,
eH1iSu1tL6t,Sigoti Health Centre,13.0,Very High,,5.0,5.0,
YLsrbfNIQuI,Sigowet Sub County Hospital,20.0,Severe,,6.0,6.0,
BvSVueanUP2,Sikalame Health Centre,6.0,High,,6.0,6.0,
fGgr17UV6Q6,Sikarira Health Centre,8.0,High,,1.0,1.0,
OjOnxCLQ1lM,Sikusi Dispensary,2.0,Low/Moderate,,1.0,1.0,
UmN02RNDmtB,Silanga (MSF Belgium) Dispensary,13.0,Very High,,15.0,15.0,
LeiEBPdQtoW,Silibwet Dispensary (Bomet),9.0,High,1.0,4.0,5.0,20.0
PoAHq41Wjsk,Silibwet Health Centre (Nyandarua West),1.0,Low/Moderate,,,1.0,
heqPEgGraSS,Simba Health Centre,6.0,High,,2.0,2.0,
uirOz9L34AZ,Simba Opepo Health Centre,6.0,High,,1.0,1.0,
R7ltdc1WXOJ,Simbi Health Centre,2.0,Low/Moderate,,6.0,7.0,
bsWJDHxiuNB,Simenya Health Centre,3.0,Low/Moderate,4.0,3.0,7.0,57.14285714285714
eDnVQzkzc3B,Sio Port Sub County Hospital,14.0,Very High,,9.0,12.0,
fFbd7D0gwb9,Siongiroi Health Centre,5.0,Low/Moderate,,1.0,3.0,
Gp3mDe3mSdO,Sipili Health Centre,3.0,Low/Moderate,,3.0,3.0,
uGrCgcX6xGk,Sirimba Dispensary,1.0,Low/Moderate,,1.0,2.0,
LM6YIpZduiU,Sirisia Sub County Hospital,4.0,Low/Moderate,,5.0,6.0,
DDiNOmleakD,Siruti Dispensary,3.0,Low/Moderate,,6.0,6.0,
MnFD3y1T1GX,Sisenye Dispensary,7.0,High,,1.0,2.0,
p6qxKcVn83Y,Sitatunga Dispensary,5.0,Low/Moderate,2.0,3.0,5.0,40.0
S42NaQ2x43j,Sogoo Health Centre,7.0,High,,3.0,3.0,
XMu4DpnN95t,Soin Sub County Hospital,4.0,Low/Moderate,,4.0,6.0,
Gk01HeIfjsg,Sondu sub county Hospital,7.0,High,,7.0,7.0,
sR008hvpu5e,Sony Medical Centre,6.0,High,,7.0,7.0,
zwV7ekHDAwe,Sori Lakeside Nursing and Maternity Home,5.0,Low/Moderate,,11.0,11.0,
YTqyEB3FYOe,Sosiot Health Centre,8.0,High,,8.0,9.0,
zvWQ5tdZfKO,Sotik Health Centre,11.0,High,,7.0,8.0,
fmLvEUsG5e5,Soweto Kayole Phc Health Centre,6.0,High,,8.0,10.0,
Gwo8OLfAeek,Soy Sambu Dispensary,2.0,Low/Moderate,,2.0,2.0,
ZLiupnhoyzT,Special Treatment Clinic,33.0,Severe,,7.0,7.0,
Dsv44iuGboK,St Akidiva Memorial Hospital,2.0,Low/Moderate,,2.0,4.0,
BNuAK6oLAp4,St Alice (EDARP) Dandora Clinic,20.0,Severe,,15.0,17.0,
PJESmU1NFjO,St Ann Hospital,3.0,Low/Moderate,,1.0,3.0,
F3baHs7ruQU,St Barbara Mosocho Health Centre,2.0,Low/Moderate,,2.0,2.0,
AYsyVI9BxYn,St Barkita Dispensary Utawala,5.0,Low/Moderate,,2.0,2.0,
DThwjc1ds5J,St Benedetto Health Centre,1.0,Low/Moderate,,,1.0,
UeRIwewVX7n,St Bridgit Kalemunyang Dispensary,1.0,Low/Moderate,,1.0,1.0,
JJHQ16uTrPX,St Camillus Mission Hospital,23.0,Severe,1.0,19.0,22.0,4.545454545454546
ymVyoLJ8yId,St Catherine Napetet Dispensary,7.0,High,,1.0,1.0,
gbGbqNrcrFv,St Catherine's Mission Ichuni,3.0,Low/Moderate,,4.0,4.0,
hCCacTXjCYp,St Charles Lwanga Dispensary,2.0,Low/Moderate,,3.0,5.0,
LhqVXAyAmeX,St Clare Bolo Health Centre,6.0,High,,7.0,8.0,
IKD1KqSlD7j,St Clare Medical Centre,2.0,Low/Moderate,,1.0,2.0,
ZKVebVoAh99,St Damiano Mission Hospital,12.0,Very High,,1.0,5.0,
tTAHvMCQVS1,St Elizabeth Chiga Health Centre,18.0,Very High,,28.0,28.0,
nXaMv9GOjWk,St Elizabeth Health Centre,1.0,Low/Moderate,,4.0,6.0,
PvuLFowO5Cs,St Elizabeth Lwak Mission Health Centre,16.0,Very High,1.0,10.0,13.0,7.6923076923076925
SeLYvjWGi5f,St Francis Community  Hospital,21.0,Severe,,6.0,6.0,
TLYxOpSwSUe,St Jairus Hospital,4.0,Low/Moderate,,2.0,2.0,
MCxYHCi7SKV,St Jane Nursing Home,4.0,Low/Moderate,,3.0,3.0,
HiYExi21bCp,St John Hospital,6.0,High,,2.0,3.0,
dQnlgfrAj7g,St Joseph (EDARP) Clinic,15.0,Very High,,11.0,12.0,
nI19Olg7c4G,St Joseph Hospital,4.0,Low/Moderate,,2.0,3.0,
Oa3osQS1OkN,St Joseph Mission Hospital,28.0,Severe,1.0,37.0,39.0,2.564102564102564
ZYF5HlmIFYp,St Joseph Mukasa Dispensary,7.0,High,,4.0,4.0,
K9f6OavyAsf,St Joseph W Dispensary (Westlands),10.0,High,,6.0,6.0,
AHM06z0QKsS,St Joseph's Health Centre (Dagoretti),7.0,High,,8.0,10.0,
yr1OdefeL3S,St Joseph's Obaga Dispensary,6.0,High,,2.0,2.0,
iV6KcqpZpNP,St Joseph's Shelter of Hope,4.0,Low/Moderate,,5.0,4.0,
Dpo1W5ZFOY0,St Lukes ( ACK) Nursing Home(Kaloleni),13.0,Very High,,13.0,14.0,
bX5nd5eRa7d,St Mark's Lela Health Centre,7.0,High,,10.0,10.0,
Y9ozzrFMnYy,St Mary Health Centre (Kiserian),3.0,Low/Moderate,,3.0,3.0,
Ohe5HjRN8PF,St Mary's Hospital (Gilgil),4.0,Low/Moderate,,3.0,3.0,
Ohx8SxDgCfo,St Mary's Hospital (Mumias),40.0,Severe,,13.0,17.0,
chXwFzmckgz,St Mary's Mission Hospital,18.0,Very High,,13.0,13.0,
tXopH4h3EtN,St Mary's Yala Dispensary,4.0,Low/Moderate,,1.0,1.0,
KH5TZ2Kiuld,St Mercelline Roo Health centre (Suba),5.0,Low/Moderate,,9.0,11.0,
yFn8SX1qQbG,St Monica Hospital,18.0,Very High,,6.0,20.0,
Cpr8bbDF973,St Monica Hospital (Town Clinic),8.0,High,,8.0,9.0,
Qv62ysRtBDq,St Monica Nakwamekwi Dispensary,11.0,High,1.0,5.0,8.0,12.5
gMhjxJKU9mM,St Monica Rapogi Hospital,15.0,Very High,1.0,25.0,27.0,3.7037037037037033
umZH5Ae9wN1,St Mulumba Mission Hospital,4.0,Low/Moderate,,5.0,5.0,
L3W78DWaVfN,St Patrick Health Care Centre,1.0,Low/Moderate,,1.0,1.0,
bPtuj3SUxZm,St Patrick Kanamkemer Dispensary,8.0,High,1.0,6.0,9.0,11.11111111111111
Xac1eOb2dTq,St Paul Dispensary,6.0,High,,10.0,11.0,
QDx1Cr19K3c,St Paul's Mission Hospital,10.0,High,,23.0,23.0,
COpiQeVtvEL,St Pius Musoli Health Centre,13.0,Very High,1.0,3.0,4.0,25.0
yE0YJfPxCUc,St Raphael's Clinic,9.0,High,,2.0,2.0,
nGyonUvdpOm,St Theresa Hospital (Kiirua),12.0,Very High,,5.0,10.0,
zm8SMP2MmKm,St Therese Dispensary,6.0,High,,4.0,6.0,
jNY1DdzbBDr,St Veronica EDARP Clinic,4.0,Low/Moderate,1.0,11.0,14.0,7.142857142857142
dEPpmoSHG1v,St Vincent Catholic Clinic,14.0,Very High,,6.0,10.0,
OaoMmCrvSNm,St Vincents De Paul Health Centre,10.0,High,,7.0,9.0,
MsF0OYgs0ut,St. Monica Eregi Mission Health Centre,2.0,Low/Moderate,,1.0,1.0,
nmHHcE1kOsS,St. Peters Clever Health Centre,8.0,High,,4.0,4.0,
fUwtOHR3iUn,St.Mary's Ringa Health Centre,6.0,High,,7.0,7.0,
LqjMvQa9FEg,St.Raphael Dispensary (Matisi),12.0,Very High,,1.0,3.0,
yY09wUgxTvI,St.Scholastica Uzima Hospital,10.0,High,,6.0,6.0,
zkY1vTT6ZhX,Star Maternity & Nursing Home,2.0,Low/Moderate,,4.0,4.0,
bKNoJXJZYXg,State House Dispensary (Mombasa),1.0,Low/Moderate,,1.0,1.0,
rLTST5T975t,Suba North Sub-County Hospital,19.0,Severe,,29.0,33.0,
bPtrtamWTmT,Suba Sub County Hospital,14.0,Very High,,30.0,30.0,
v0GRG4yvnRW,Subukia Sub County Hospital,10.0,High,1.0,6.0,9.0,11.11111111111111
Cl76IbPa084,Suguta Health Centre,2.0,Low/Moderate,,5.0,5.0,
t75KnRpIucJ,Sultan Hamud Sub County Hospital,21.0,Severe,,12.0,14.0,
r7hNHZYd4pj,Sumba Community Dispensary,3.0,Low/Moderate,,5.0,5.0,
xKOxyxxlXk1,Suna Nursing and Maternity Home,3.0,Low/Moderate,,4.0,4.0,
hcF52HKSsCR,Suna Rabuor Dispensary,6.0,High,,7.0,7.0,
Sepsy4Bb35C,Suna Ragana Dispensary,13.0,Very High,1.0,12.0,15.0,6.666666666666667
XgCDq1zkmPu,Sunga Dispensary,4.0,Low/Moderate,,2.0,2.0,
NxWEAdV6b7a,Suwerwa Health Centre,2.0,Low/Moderate,,4.0,4.0,
Pz39ORJFqm7,Swindon St Elizabeth Clinic,2.0,Low/Moderate,,8.0,8.0,
erge4sMabaa,Tabaka Mission Hospital,14.0,Very High,,13.0,15.0,
B7uMXQhtT6l,Tabitha Medical Clinic,23.0,Severe,,7.0,9.0,
a4s2wKfJc30,Takaungu Dispensary,2.0,Low/Moderate,,,3.0,
QFr0QG0e4r6,Takawiri Health Centre,1.0,Low/Moderate,,1.0,1.0,
ZZNxSbbRSpF,Takitech Dispensary,1.0,Low/Moderate,,5.0,5.0,
Jp842VS9qqy,Tala Health Centre,1.0,Low/Moderate,,4.0,4.0,
AXYL3o00Lq2,Tambach Sub-County Hospital,2.0,Low/Moderate,,1.0,1.0,
PENvTx4fphA,Tamu Health Centre,2.0,Low/Moderate,,,2.0,
yLBn5USmgz1,Tanaka Nursing Home,6.0,High,,13.0,13.0,
qThsoxvdyh3,Tarakwa Health centre,5.0,Low/Moderate,1.0,,1.0,100.0
hVc9GNgGPYF,Taru Dispensary,1.0,Low/Moderate,,4.0,4.0,
xlKQSUOfy0y,Taveta Sub County Hospital,12.0,Very High,,6.0,7.0,
oDO5QS3lXAv,Tawa Sub-County Hospial,12.0,Very High,,7.0,7.0,
Wcgkpv2BHcy,Tawfiq Muslim Hospital,6.0,High,,3.0,3.0,
YYQm99dJJ7X,Teso North Sub County Hospital,36.0,Severe,,11.0,13.0,
CZvhXoH6bT8,The Hope Medical Centre-Awasi,3.0,Low/Moderate,,1.0,1.0,
mVjvQPVEjR6,The Mater Misericordiae Hospital (Mukuru),21.0,Severe,,32.0,32.0,
rW142rztOPK,Thiba Health Centre,3.0,Low/Moderate,,5.0,5.0,
KFaSkuOoYYU,Thika Level 5 Hospital,56.0,Critical,,27.0,32.0,
sJHMc412zV6,Thim Lich Dispensary,5.0,Low/Moderate,,4.0,4.0,
X1oLiwDSw9V,Thinu Health Centre,2.0,Low/Moderate,,1.0,1.0,
x8dwth6BYiK,Tigoi Health Centre,5.0,Low/Moderate,,2.0,2.0,
jyOgldxx4Ok,Tigoni Level 4 Hospital,19.0,Severe,,7.0,8.0,
d0imj0dhHw1,Timau Sub-County Hospital,6.0,High,,1.0,1.0,
qST1ERiAwNm,Timboni Community Dispensary,14.0,Very High,,3.0,4.0,
kuzvgtX2kyS,Ting'wangi Health Centre,9.0,High,,11.0,13.0,
tU8NI8ktS8x,Tinga Health Centre,8.0,High,,2.0,2.0,
dLWshrUrHts,Tinganga Catholic Dispensary,10.0,High,,5.0,5.0,
n8Ox0LYd7Di,Tingare Health Centre,2.0,Low/Moderate,,4.0,4.0,
LFBf0WwBzaX,Tisinye Health Centre,1.0,Low/Moderate,,3.0,3.0,
gEvZgtrunJY,Tiwi RHTC,3.0,Low/Moderate,,2.0,4.0,
iUpiwFY2vI7,Tom Mboya Dispensary,26.0,Severe,1.0,2.0,5.0,20.0
COhi5Nktve9,Tom Mboya Memorial Level 4 Hospital,3.0,Low/Moderate,,3.0,5.0,
exNcDMt9Cjs,Tongaren Model Health Centre,6.0,High,1.0,1.0,2.0,50.0
XNC30RIDLbz,Tononoka Ap Dispensary (Tononoka),2.0,Low/Moderate,,3.0,4.0,
MkgvUQue97g,Transmara West Sub County Hospital,12.0,Very High,,10.0,10.0,
fBY4PYGFVBq,Tseikuru Sub County Hospital,4.0,Low/Moderate,,2.0,2.0,
QXYRGaSfPBL,Tudor District Hospital (Mombasa),18.0,Very High,1.0,6.0,12.0,8.333333333333332
R7cVUaPd35q,Tulwet Health Centre,2.0,Low/Moderate,,1.0,2.0,
eQ411WldmOy,Tumutumu (PCEA) Hospital,2.0,Low/Moderate,,8.0,9.0,
eDZupn6owH8,Tunyai Health centre,6.0,High,,1.0,1.0,
jbufYjWV5II,Turkwel Health Centre (Loima),3.0,Low/Moderate,,1.0,1.0,
weyCAoCYvTj,Ugina Health Centre,4.0,Low/Moderate,,3.0,3.0,
TftBThfkPx8,Uhembo Dispensary,3.0,Low/Moderate,,1.0,1.0,
TXGyS25PjDj,Uhuyi Dispensary,6.0,High,,4.0,4.0,
izw2qiqKFYI,Ukwala Sub County Hospital,15.0,Very High,,32.0,32.0,
i7fRWb47rxA,Ulungo Dispensary,3.0,Low/Moderate,,3.0,3.0,
JR47sh98qKk,Uluthe Dispensary,4.0,Low/Moderate,,3.0,5.0,
adrt3yquw88,Umer Dispensary,4.0,Low/Moderate,,8.0,8.0,
zGAtALrJYYg,Umoja Health Centre,13.0,Very High,,16.0,16.0,
QEnV6142tKT,Unga Health Center,3.0,Low/Moderate,,4.0,4.0,
ER9BOdawZcT,Uradi Health Centre,5.0,Low/Moderate,,8.0,10.0,
mGga9qtmJEk,Urenga Health Centre,4.0,Low/Moderate,,7.0,7.0,
eNAWFykGp3w,Uriri Sub County Hospital,21.0,Severe,,25.0,26.0,
QqzDmPTu1tk,Usao Health Centre,6.0,High,,5.0,5.0,
U0QSt0gU4Am,Usenge Dispensary,7.0,High,,6.0,6.0,
fWva3QHl9PM,Ushirika Medical Clinic,10.0,High,,3.0,1.0,
Iya3kdsvW1A,Usigu Health Centre,5.0,Low/Moderate,,17.0,17.0,
Aor4slMUZ22,Uthiru Health Centre,8.0,High,,8.0,9.0,
I5TrVHHQiTO,Uwanja Wa ndege Dispensary,1.0,Low/Moderate,,1.0,1.0,
pdEPFrsSUIf,Uyawi Sub County Hospital,12.0,Very High,,25.0,25.0,
CFOmFTRmpEp,Vanga Health Centre,3.0,Low/Moderate,,3.0,3.0,
cd2oXY1uQan,Verna Health Centre,34.0,Severe,,17.0,17.0,
mfkFWNnJ5AP,Vigetse Medical Clinic,6.0,High,1.0,2.0,3.0,33.33333333333333
Yb2CWS6G5vL,Vigurungani Dispensary,5.0,Low/Moderate,,2.0,2.0,
ZJARL7Ml1Hp,Vihiga County Referral Hospital,4.0,Low/Moderate,,17.0,17.0,
dhpZNi2matH,Vihiga Health Centre,5.0,Low/Moderate,,2.0,2.0,
hCnhN2p6C9T,Vipingo Rural Demonstration Health Centre,18.0,Very High,,3.0,7.0,
xcPoUmNUMhX,Vyulya Dispensary,2.0,Low/Moderate,,1.0,1.0,
igio73d1icL,Wagai Health Centre,9.0,High,,4.0,5.0,
SWsrrwl19XQ,Wagoro Dispensary (Rarieda),1.0,Low/Moderate,,4.0,4.0,
cEJrVBkq5x3,Wagwe Health Centre,4.0,Low/Moderate,,8.0,8.0,
HK7E1p1vij4,Waithaka Health Centre,14.0,Very High,1.0,8.0,12.0,8.333333333333332
JQyaWox11FU,Wakula Health Centre,4.0,Low/Moderate,,6.0,6.0,
mz7QyEwYs6W,Wamba Sub County Hospital,1.0,Low/Moderate,,1.0,1.0,
lDwCRAzs0hC,Wamunyu Health Centre,5.0,Low/Moderate,,2.0,2.0,
gNujOVxWPWY,Wananchi Nursing Home,2.0,Low/Moderate,,2.0,4.0,
htS3CRkD3WD,Wanganga Health Centre,2.0,Low/Moderate,,1.0,1.0,
OgKxzrPyq6n,Wangige Sub-County Hospital,34.0,Severe,,19.0,25.0,
lqUH9qJYc2r,Wanjohi Health Centre,6.0,High,1.0,2.0,4.0,25.0
FlMDRiCxNoC,Warazo Rural Health Centre,3.0,Low/Moderate,,1.0,1.0,
jSsqGE88rMQ,Wath Onger Health Center,1.0,Low/Moderate,,16.0,16.0,
cW5YDD9s3fq,Waware Health Centre,1.0,Low/Moderate,,7.0,7.0,
Jfpsre91xXE,Webuye Health Centre,8.0,High,,1.0,1.0,
niedF4o5ctT,Webuye Hospital,48.0,Critical,,8.0,13.0,
QcA3MMostYn,Wema Centre Medical Clinic,10.0,High,,12.0,13.0,
a0XwYzX3wfw,Westlands Hospital,24.0,Severe,,8.0,15.0,
wCSn2WNV6Gq,Wesu Sub County Hospital,2.0,Low/Moderate,,,1.0,
MO9z02WLRpY,Wiga Health Centre,3.0,Low/Moderate,,6.0,6.0,
sNVr5pZoEuQ,Wikondiek Health Centre,2.0,Low/Moderate,,1.0,2.0,
dW7oScLnDy2,Winjo Dispensary,3.0,Low/Moderate,,2.0,3.0,
zc2OxGFBTln,Wire Dispensary,5.0,Low/Moderate,,10.0,10.0,
LNeiFE8eJWb,Wiyeta Dispensary,7.0,High,,3.0,3.0,
UY3IInX1rgt,Yago Dispensary,3.0,Low/Moderate,,1.0,1.0,
eaXhspDplci,Yala Health Centre,2.0,Low/Moderate,,14.0,14.0,
AlbZLFgtUXp,Yala Sub County Hospital,18.0,Very High,,14.0,14.0,
ke4moKRIpK6,Ziwa La Ng'ombe Health Centre,7.0,High,,2.0,2.0,
