organisationunitid,organisationunitname,organisationunitcode,organisationunitdescription,MOH 731 Infected_24mths HV02-47,MOH 731 Uninfected_24mths HV02-48,MOH 731 Unknown_Outcome HV02-49,MOH 731 Net cohort_HEI_24 months HV02-50,transmission_rate
SlmxDUIybki,Abidha Health Centre,13461.0,,,10.0,,10.0,
tpmeDcmWQWf,Aboloi Dispensary,15789.0,found in Aboloi location of A ngurai DIV along Awata -Malakisi road,,1.0,,1.0,
VsK11IQUWdd,Acef Ena Health Centre,12791.0,,,4.0,,4.0,
E0sp9SbtPJo,Adiedo Health Centre,13463.0,,,4.0,,4.0,
cQB8Va1pD81,Administration Police Dispensary (Kisumu),13464.0,,,1.0,,1.0,
pkKPZUYXl5l,Adu Dispensary,11198.0,,,2.0,,2.0,
qIuHbZDmYPX,Agawo Health Centre,13466.0,,,5.0,,5.0,
orKDpItM56v,Agenga Dispensary,13467.0,,,5.0,2.0,7.0,
iPKeTl8lSAZ,Ahero County Hospital,13468.0,County hospital,2.0,39.0,2.0,43.0,4.651162790697675
TYKsuf1A6HB,Ahero Medical Centre,18291.0,Medical clinic,1.0,5.0,,6.0,16.666666666666664
Hz0YZaxawTo,Ahmadiya Hospital,15791.0,,,1.0,2.0,3.0,
AawtXdUefwb,AIC Litein Mission Hospital,14178.0,mission hospital,,13.0,,13.0,
Q4h7yLoLe0G,Ainamoi Health Centre,14192.0,,,1.0,1.0,2.0,
oEWhqoUHkvt,Airport Health Centre (Kisumu),13469.0,,,12.0,,12.0,
KuftRocWEh1,Ajam Mission Health Centre,18398.0,,,4.0,,4.0,
ngzYEraCr33,Akala Health Centre,13471.0,,,10.0,,10.0,
p88Dp0k1GH3,Alum Beach Health Centre,13472.0,,,6.0,,6.0,
wmUX4Xf6mHU,Alupe Sub County Referral Hospital,15795.0,"Situated along Busia-Malaba road,6 kms from Busia town",,6.0,1.0,6.0,
cjPwf2Grgo9,Alwalidayn Dispensary,22059.0,,,5.0,,5.0,
cPDS7MOxcm9,Amaase Dispensary,15797.0,,1.0,5.0,,6.0,16.666666666666664
QRZj3gcahYE,Ambira Sub-County Hospital,13476.0,,,20.0,5.0,25.0,
dzlUVt1ajq1,Amoyo Health Center,16768.0,,,7.0,,7.0,
L9EJeHLBG1b,Amukura Health Centre,15798.0,Situated at Amukura market along Nambale-Malaba road about 0.5KM from Amukura junction,1.0,6.0,,7.0,14.285714285714285
ps5w3QhjIM7,Amurt Health Centre,12870.0,,1.0,1.0,,2.0,50.0
c5gNJhUz9rg,Andersen Medical Centre,14203.0,,,2.0,1.0,3.0,
lfs5qignpT4,Anding'o Opanga Dispensary,13477.0,,,6.0,,6.0,
m7VVNB6yflG,Ang'iya Health Centre,13479.0,,,5.0,,5.0,
dWATcMI6XJL,Angaga Dispensary,17050.0,,,2.0,,2.0,
VRRLwQpnKfY,Angata Health Centre,14205.0,,,1.0,,1.0,
allzILkIelH,Angurai Sub County Hospital,15800.0,,,,2.0,2.0,
xaQ9Z2jrxRM,Anjego Dispensary,13480.0,located in suba East division and its a GOK facility,,7.0,2.0,9.0,
ETYKLHaZtuG,Annex Hospital (Nakuru),14207.0,,,1.0,,1.0,
Tkgo1tPTOv2,Anyuongi Dispensary,13482.0,level 2 gok facility,,8.0,,8.0,
tmOunpxPDt9,AP Line Dispensary,15801.0,,1.0,10.0,,11.0,9.090909090909092
wP6cPKxmPwl,Approved Dispensary,15804.0,,,2.0,4.0,6.0,
yjdx3bVwjJP,Approved School Dispensary (Machakos),11932.0,,,1.0,,1.0,
eGSDTRaBYvN,Aptc Health Centre,12871.0,,1.0,1.0,,2.0,50.0
Ssbkr9jzWWk,Archers Post Catholic Health Centre,14212.0,,,2.0,,2.0,
kOFBpSMhe9h,Arito Langi Health Centre,13484.0,,,3.0,,3.0,
QiXeOXMmlX0,Arombe Dispensary,13486.0,Alocated in Suba West Division and its a GOK  facility.,,15.0,,15.0,
c93Xc1VYJfv,Arroket Dispensary,14215.0,,1.0,1.0,,2.0,50.0
GiQGODA5NZB,Asat Beach Dispensary,13487.0,,,3.0,,3.0,
GqpnFjeQXTM,Ashburn Ohuru Nursing Home,17524.0,,,2.0,,2.0,
FPGtNGfdSlZ,Asumbi Mission Hospital,13488.0,,,16.0,,16.0,
mubdg2NphtL,Atela Health Centre,18610.0,,,5.0,,5.0,
bxtsV3tmxZi,Atemo Health Centre,13489.0,,,2.0,,2.0,
u8TCfCqeQpJ,Athi Kamunyuni Health Centre,11934.0,"At Athi Kamunyuni Shopping Centre, 25 km east of Kambu Town, through Daranjani Railway Station",,1.0,,1.0,
ISsRMwepdm7,Awasi Mission Health Center,13491.0,Health center,,10.0,,10.0,
ZBtoRProc6e,Awendo Sub County Hospital,13492.0,,,23.0,,23.0,
CzGqegvtcf5,Babadogo (EDARP),12875.0,,,18.0,,18.0,
obSn4iRC7wn,Babadogo Health Centre,12876.0,,,13.0,1.0,13.0,
X7szCNmxLXn,Bahai Dispensary,17190.0,,,,1.0,1.0,
cQa0PvCvbxM,Bahati District Hospital,14224.0,,,9.0,7.0,16.0,
emnI9dqORPt,Bahati Hospital,12879.0,,1.0,17.0,6.0,24.0,4.166666666666666
hHFDDKwv5UN,Bahati Rural Health Centre,14223.0,,,,2.0,2.0,
kZP86ulsOJr,Bama Hospital,13493.0,,,5.0,1.0,6.0,
IKdUHYliWr5,Bamboo Health Centre,10044.0,,,4.0,,4.0,
dO93Ue6OwRr,Bamburi Dispensary,11239.0,,,7.0,3.0,10.0,
hLMDMOsAv6Y,Bande Dispensary,13494.0,,,5.0,,5.0,
oYc9S0YvbLH,Banja Health Centre,15805.0,,,1.0,,1.0,
RrxywQuOoio,Baolala Dispensary,11244.0,,,1.0,1.0,2.0,
DqwooToZ1N9,Bar Achuth Dispensary,13495.0,,,8.0,,8.0,
gFFdF6hGiFe,Bar Agulu Dispensary,13496.0,,,11.0,,11.0,
yonouRgu7l7,Bar Aluru Dispensary (Rarieda),13497.0,,,8.0,,8.0,
lq9mb305HDu,Bar Korwa Health Centre,13498.0,,,7.0,,7.0,
bhfD7RGs2gk,Bar Ndege Dispensary,16784.0,,,9.0,,9.0,
sK3DDy5tVCy,Bar Olengo Dispensary,13499.0,,,9.0,,9.0,
ZL7FkyG3uwc,Bar Sauri Health Centre,16785.0,,,2.0,,2.0,
tBD7EcDrqR8,Baraka Dispensary (Nairobi),12881.0,,,13.0,4.0,17.0,
jetCZf5Uzd1,Barding Dispensary,18396.0,,,1.0,,1.0,
yQujnfNnzQJ,Baricho Subcounty Hospital,10049.0,,,1.0,,1.0,
NcCkDlIqJuM,Baringo County Referral Hospital,14607.0,,1.0,9.0,1.0,11.0,9.090909090909092
vG1iOKniT2c,Beacon of Hope Clinic (Ongata Rongai),16667.0,,,4.0,,4.0,
YjzBFHmaVTv,Benga Dispensary,16786.0,,,2.0,,2.0,
m1CfptepCVX,Bennedict XVI Hospital,10056.0,,,1.0,,1.0,
oyMHYuegTO3,Beta Care Nursing Home,10058.0,,,4.0,,4.0,
PaKMtCzMDnk,Biafra Lions Dispensary,12883.0,,,3.0,,3.0,
dzY2ptkmDAC,Bishop Kioko Catholic Hospital,11955.0,,,4.0,,4.0,
aZCS6UZRpdL,Bitare Dispensary,13502.0,,,2.0,,2.0,
Jzb6ev63ccp,Blue House (AHF) Dispensary,12885.0,,,5.0,7.0,12.0,
gYaEWAxDwbL,Bodi Health Centre,13503.0,,,11.0,,11.0,
a6KR1c7QXeL,Bokole CDF Dispensary,11254.0,,,2.0,3.0,5.0,
L7s7lF6nv95,Bokoli  Sub-County Hospital,15808.0,,,1.0,4.0,5.0,
J92hsLeBV21,Bomet Health Centre,14261.0,,,1.0,,1.0,
OtnHULC4QwB,Bomu Medical Centre (Likoni),11259.0,,,20.0,1.0,21.0,
w5udNAfZvrb,Bomu Medical Centre (Mariakani),18267.0,,,8.0,1.0,9.0,
BsbMOs77eO2,Bomu Medical Hospital (Changamwe),11258.0,,,36.0,4.0,38.0,
vPGUu3uwSan,Bondeni Dispensary (Nakuru Central),14263.0,,,3.0,,3.0,
kF4aaglTa6T,Bondeni Health Centre (Trans Nzoia - Saboti),14264.0,,,1.0,2.0,3.0,
BxIp7V5DU9D,Bondeni Sub County Hospital,14265.0,,2.0,11.0,3.0,16.0,12.5
Z6fKUbscAbZ,Bondo County Referral Hospital,13507.0,level 4 facility in Maranda division. Is the Sub County reffaral Hospital,16.0,30.0,3.0,49.0,32.6530612244898
xHviPII2Tc3,Boro Dispensary,13513.0,,,6.0,,6.0,
mZ5dBUXvXqh,Bosiango Health Centre,13514.0,,,1.0,,1.0,
X43Tf1LIRXh,Brother Andre Medial Centre,12887.0,,,3.0,1.0,4.0,
WYaAkILOP16,Buchangu Dispensary,15810.0,Dispensary,,1.0,,1.0,
Y1wbtycY0V8,Budalangi Dispensary,15811.0,,,4.0,,4.0,
gkvsBoZvbH1,Bugina Health Centre,15815.0,,2.0,,,2.0,100.0
OQUMus9IsA1,Bugumbe Health Centre,13517.0,,1.0,4.0,,5.0,20.0
ndBnE6yUjoy,Bukaya Health Centre,15817.0,,,5.0,1.0,6.0,
lSB8vsporuH,Bukembe Dispensary,15819.0,,,5.0,,5.0,
wcM6pww7h2a,Bukura Health Centre,15820.0,,,6.0,1.0,7.0,
VIFQ1jyMX4e,Bulondo Dispensary,15821.0,,,2.0,,2.0,
aMTxgqDmizK,Bumala A Health Centre,15823.0,,,21.0,4.0,25.0,
nuEpF1eboYN,Bumala B Sub County Hospital,15824.0,,,8.0,2.0,10.0,
Gci6fQrejup,Bumula Sub County Hospital,15825.0,,1.0,3.0,1.0,5.0,20.0
mSjyGBo4Rqu,Bumutiru Dispensary,15826.0,,,2.0,,2.0,
OaksTvWzoaf,Bunde Health Centre,13518.0,Dispensary,,9.0,,9.0,
wXYxrsjOc8d,Bungasi Health Centre,15827.0,,,3.0,2.0,5.0,
WDJtmgLjGD8,Bungoma County Referral Hospital,15828.0,,,25.0,13.0,38.0,
SWfFxTZ0VGG,Bura Subcounty Hospital,11264.0,,,4.0,,4.0,
g73LYiD5P06,Burnt Forest Sub County Hospital,16347.0,,,3.0,,5.0,
d23vOh36Pqw,Burumba Dispensary,21041.0,,,2.0,,2.0,
vxKshylcIW5,Busagwa Dispensary,21037.0,,,2.0,,2.0,
ih3vU3AXadk,Busembe Dispensary,15831.0,,,1.0,,1.0,
dI28kasf8Jj,Bushiri Health Centre,15833.0,health centre,,1.0,2.0,3.0,
XsRFIn0FhzA,Busia County Referral Hospital,15834.0,,,32.0,4.0,36.0,
OVV0fHS7fux,Butere Sub County Hospital,15836.0,,,10.0,7.0,17.0,
Tns72Eh3EfT,Butingo Dispensary,20043.0,,,1.0,,1.0,
yFrzItHccVH,Butula Mission Health Centre,15838.0,,,6.0,,6.0,
wd25QXppWr2,Bware Health Center,13519.0,,,2.0,,,
Ch9QLIX4Lv4,Cana Family Life Clinic,12889.0,,,2.0,,2.0,
T5sPlPfblxx,Cardinal Otunga Health Centre,10019.0,Faith based organization,,,2.0,2.0,
HOvK1bxRsNF,Catholic Hospital Wamba,15769.0,,1.0,1.0,,2.0,50.0
tvYS6hl4l6l,Cdc Ganjoni Dispensary,11273.0,,,3.0,2.0,5.0,
ZeHU0vtmrVW,Chaani Catholic Dispensary,23285.0,,,3.0,,3.0,
RUBAdXhzucO,Chamuka Dispensary,18782.0,,,4.0,,4.0,
CckiDj0RzXx,Chandaria Health Centre,12893.0,,,2.0,,2.0,
oGBXTwGNwBb,Chasimba Health Centre,11282.0,,,2.0,,2.0,
Va4NxnOtD4e,Chebangang Health Centre,14289.0,,,2.0,,2.0,
OpoaPaPsSWF,Chebororwa Health Centre,14301.0,,,2.0,,2.0,
E30aVzHdBRU,Chebunyo Dispensary,14304.0,,,,1.0,1.0,
JTL8OVhlUqF,Chebwai Mission Dispensary,15849.0,,,1.0,,1.0,
Ci1bld843vy,Chekalini Health Centre,15851.0,,,4.0,,4.0,
vVYa9Lb6bZ5,Chemelil Health Centre (Muhoroni),13521.0,,,5.0,6.0,11.0,
PeEVPAKDbaC,Chemelil Sugar Health Centre,13522.0,,,1.0,,2.0,
hqPkw34FUAM,Chemosot Health Centre,14323.0,,,3.0,,3.0,
w2kedceJwpf,Chepareria Sub County Hospital,14330.0,,,5.0,,5.0,
ZXeCbiargkA,Chepchoina Dispensary,14332.0,,,3.0,2.0,5.0,
hmwxjORtUnv,Chepkanga Health Centre,14335.0,,,32.0,1.0,3.0,
vibbW67N4uG,Chepkemel Health Centre (Mosop),14339.0,Health Centre,,,1.0,,
acAHfxFgxVa,Chepkigen Health Centre,14341.0,,,1.0,2.0,3.0,
u2vTqS5F2Fy,Chepkorio Health Centre,14346.0,,,1.0,,1.0,
qCpPJL5V2m1,Cheptais Sub County Hospital,15855.0,moh,,2.0,,2.0,
ULWedqfO8cB,Cheptalal Sub County Hospital,14366.0,,,1.0,,2.0,
wZn5GUHSpIZ,Chepterwai Sub-County Hospital,14369.0,,1.0,1.0,1.0,3.0,33.33333333333333
xmCIA3BSudt,Cherangany Sub County Hospital,14379.0,,,6.0,1.0,7.0,
PiA1cqcwPlf,Chesoen Dispensary,14384.0,,,1.0,,1.0,
TFTsjlwBeca,Chianda Dispensary (Rarieda),18564.0,Dispensry,,1.0,,1.0,
cMV2EgW6Tza,Chief Milimu Dispensary,16144.0,,,2.0,1.0,3.0,
qNO02IGD3yn,Chiga Sub County Hospital,13524.0,,,3.0,,3.0,
kUsA28Yefik,Child Doctor Kenya,19504.0,,,4.0,,4.0,
kVVmxGZKCfA,Chinato Health Centre,13526.0,,,2.0,,2.0,
Q1cLTOTQ8i7,Christamarianne Mission Hospital,13527.0,,,20.0,,20.0,
sD0C4mSXA4H,Chuka County Refferal Hospital,11973.0,,1.0,7.0,2.0,10.0,10.0
aRWvqnCMOEN,Chulaimbo County Hospital,13528.0,,,45.0,2.0,47.0,
S2nFt5STJyM,Chuowe Health centre,13529.0,,,2.0,,2.0,
PjJrujKwMvY,Chuthber Health Centre,13530.0,,,2.0,,2.0,
fUo2NrKCikw,Chwele Friends Dispensary,15861.0,,,,3.0,1.0,
qZCaWe683G3,Chwele Sub County Hospital,15860.0,,,3.0,9.0,12.0,
ZLKeFpFXbAQ,Cmf Aitong Health Centre,14394.0,,,1.0,,1.0,
WQBUBXxXVe5,Coast General Teaching and Referral Hospital,11289.0,,,14.0,2.0,16.0,
kJ5MjZkaoSP,Coast General Teaching and Referral Hospital (Chaani Outreach Centre),11274.0,,,4.0,2.0,5.0,
wi1we3OlD7A,Coast General Teaching and Referral Hospital Vikwatani Outreach Centre,25221.0,,,15.0,,15.0,
amP1kWytNm2,Consolata Kyeni Hospital,12413.0,,,10.0,,10.0,
Aqw6Dbpsjk6,Consolata Mission Hospital (Mathari),10100.0,,1.0,10.0,2.0,13.0,7.6923076923076925
fMexRJbQRAw,Consolata Mission Hospital Nkubu,11976.0,,1.0,12.0,8.0,21.0,4.761904761904762
LtGa9hWTpLy,Coptic Hospital,12905.0,,,36.0,14.0,50.0,
izA6A7pqMPN,Coptic Medical Clinic,12904.0,,,13.0,8.0,21.0,
oic5beVUm72,Coptic Nursing Home,15862.0,,,3.0,10.0,13.0,
XsWdXMDDBpL,Cordis Maria Dispensary,19722.0,,,9.0,,9.0,
fMMxisqLyA8,Cottolengo Mission Hospital,11977.0,,,4.0,,4.0,
UtipAc6rtV6,Dagoretti Sub-County Hospital Mutuini,13105.0,,,6.0,4.0,10.0,
NXlTHAroEmk,Dallas Health Centre,11984.0,,,6.0,,6.0,
VV18KDaWASs,Dandelion Medical Centre,23952.0,dispensary,,2.0,,2.0,
FXzBJIjcAZ5,Dandora (EDARP) Clinic,12911.0,,2.0,11.0,7.0,20.0,10.0
zQh2n2JcWtl,Dandora I Health Centre,12913.0,,,16.0,2.0,19.0,
DBROL4dIIzA,Dandora II Health Centre,12912.0,,,17.0,7.0,24.0,
JAJ7YX1wFAr,David Kayanda Dispensary,11457.0,,,1.0,,1.0,
WG7O02P8x4T,Dede Health Centre,13532.0,,,11.0,4.0,15.0,
uhuTgMdpGDx,Diani Health Centre,11304.0,,,12.0,3.0,15.0,
yjW8519Mkn2,Dienya Health Centre,13533.0,,,7.0,,7.0,
WP7J5im3gDh,Difathas Health Centre,10110.0,Difthas market-off Kimbimbi/Nairobi/Embu highway,,1.0,2.0,3.0,
LYR8fhhFOaQ,Diruma Dispensary,16268.0,,,1.0,,1.0,
H2T8SxOU1zP,Disciples of Mercy Clinic,13534.0,,6.0,3.0,,9.0,66.66666666666666
p7wCM1JfI5d,Divine Mercy Aluor Health Centre,13473.0,,,6.0,4.0,10.0,
iQqQPaktVMP,Dolphil Nursing & Maternity Home,13535.0,,,2.0,,2.0,
rGgw3l0bHEI,Dreams Center Dispensary,12929.0,,,7.0,,7.0,
x2ByD5QP18B,Dundori Health Centre,14424.0,,,4.0,,4.0,
y66tzv9tspm,Eagle Health Care,21146.0,"Medical Clinic  Located at Palace Building 3RD floor OPP Co-op Bank,Kangemi",,5.0,,5.0,
OkCML3CEtNi,Eastleigh Health Centre,12930.0,,,6.0,2.0,7.0,
t8pVCEXnij3,Ebusiratsi Health Centre,15866.0,,,3.0,6.0,9.0,
QiAHGmf0031,Ebusyubi Dispensary,15867.0,,,1.0,,1.0,
hVTJp5M0cGz,EDARP Donholm Clinic,13220.0,,,28.0,6.0,34.0,
u0gDQ38iF5S,EDARP Huruma Clinic,12973.0,,,5.0,10.0,15.0,
r13EdOxFc92,EDARP Komarock Health Centre,17719.0,,,25.0,6.0,31.0,
RVQtRwy75Wt,EDARP Soweto Health Centre,13191.0,Off Masimba Stage Towards Soweto Market,,17.0,8.0,25.0,
Sbo33DobMUY,Egerton University,14426.0,,,1.0,,1.0,
LKOhxyWkOuw,Egetuki GOK Dispensary,19984.0,NEAR EGETUKI MKT,,1.0,,1.0,
PqsRn07KCKv,Ekalakala Health Centre,11995.0,,,6.0,1.0,7.0,
hYlQ9bF0BNY,Ekerenyo Sub-District Hospital,13540.0,,,4.0,,4.0,
KvcLdBE3Qar,Ekwanda Health Centre,15870.0,,,4.0,2.0,4.0,
agm4CQgIwuf,Elburgon Sub County Hospital,14431.0,,2.0,9.0,1.0,12.0,16.666666666666664
XcYVma2H5FV,Eldama Ravine Sub County Hospital,14432.0,,,4.0,,4.0,
nvSVIH9Vnhg,Elgon View Medical Cottage,15871.0,,,,2.0,2.0,
iWFObHTUbzT,Eluche Dispensary,18361.0,,,1.0,2.0,3.0,
PMtDVZGDXRv,Elwangale Health Centre,16714.0,,,1.0,,1.0,
sKHkoTOfodh,Elwasambi Dispensary,15873.0,,,3.0,2.0,5.0,
fVYB9g9ByWU,Elwesero Model Health Centre,15874.0,,,9.0,2.0,11.0,
Lbsm3keaoKp,Emali Sub County Hospital,18260.0,,,8.0,,8.0,
RILlb5RVEkC,Ematsuli Dispensary,15875.0,,,1.0,1.0,2.0,
fqT44AXXEda,Embakasi Health Centre,12935.0,,,19.0,2.0,21.0,
wvzZZaYO0Fm,Embonga Health Centre,13543.0,,,1.0,,1.0,
ubYSAHlGbvb,Embu Level 5 Hospital,12004.0,,1.0,15.0,2.0,18.0,5.555555555555555
TeKLIwzizL1,Emining Health Centre,14446.0,,,5.0,,5.0,
arDVLu1shRK,Emuhaya Sub County Referral Hospital,15876.0,,,12.0,3.0,15.0,
KI0xDaiHbXY,Emurua Dikirr   Sub county Hospital,14452.0,,1.0,,,1.0,100.0
DkcS7mBduV7,Emusanda Health Centre,16762.0,,,2.0,3.0,5.0,
bdcsVP2hS8A,Emusire Sub County Hospital,16979.0,,,,2.0,2.0,
PnwtJbax3ac,Enabelbel Health Centre,14453.0,along Narok Nakuru road,,2.0,,2.0,
I4AiM5QGOvq,Endarasha Rural Health Centre,10170.0,,,3.0,,3.0,
CwoN2my0ByS,Endebess Sub- County Hospital,14455.0,,1.0,7.0,,8.0,12.5
ZQT01wKQqiS,Endiba Health Centre,13544.0,,,1.0,1.0,2.0,
UzyDMLPCc1K,Engashura Health Centre,14458.0,,1.0,5.0,,6.0,16.666666666666664
fS76SN2mDYs,Engineer County Hospital,10171.0,,,10.0,,10.0,
iOaejculBnN,Entarara Health Centre,14467.0,,,1.0,,1.0,
TebstKvirIl,Enzaro Health Centre,15879.0,OFF BOYANI- KIGADAHI JUNCTION,11.0,,,11.0,100.0
kNAqc0TjwXt,Esageri Health Centre,14477.0,Health Center,,3.0,,3.0,
YFxkxX3dyJ0,Esani Sub-County  Hospital,13548.0,,,4.0,,4.0,
WKpi4HTOfa6,Eshiabwali Health Centre,19899.0,,,,1.0,1.0,
rEKNga4CgFK,Eshikhuyu Dispensary,15882.0,,,3.0,,3.0,
ozud4J6eShX,Eshikulu Dispensary,17217.0,In South Wanga Division,,,1.0,1.0,
hVOEvLLuWx6,Eshimukoko Health Centre,16114.0,,,3.0,,3.0,
dAnPb1AZoKy,Eshinutsa Health Centre,16115.0,,,1.0,,1.0,
kH3yXjFQi6C,Esikulu Dispensary,20171.0,,,1.0,,1.0,
FHYf7mQFpOT,Etago Sub-county Hospital,13550.0,,,3.0,,3.0,
u5q6JCLA4SL,Ewaso Ngiro Health Centre,14485.0,,,2.0,1.0,3.0,
xxV4wmw5vPj,Ewuaso Kedong Health Centre,14486.0,,,,1.0,1.0,
dIQa6MENmm5,Fatima Health Centre (Lenkism),14493.0,,,1.0,,1.0,
dGGuPEx55Jl,FHOK - Family Care Medical Centre - Nakuru,14177.0,,,5.0,,5.0,
obZQ6vqwYzN,Fitc Dispensary,14498.0,,,8.0,1.0,9.0,
BlfBnS88vK8,Flamingo Medical Centre,14551.0,,,1.0,2.0,3.0,
nPUGVm6SU9s,Flax Dispensary,14499.0,,,2.0,,2.0,
Q9N0D3AoEOJ,Forttenan Sub County Hospital,14501.0,,,3.0,,3.0,
rvY6Idb4l9H,Fremo Medical Centre,18612.0,,1.0,,,1.0,100.0
NhqbIqtewwY,Future Life Community Nursing  and Maternity Home,17522.0,,,3.0,,3.0,
OjfMUlTYbK1,Gachege Dispensary,10194.0,Ministry of Health,,1.0,,1.0,
lHuuAQl16rT,Gachororo Health Centre,18608.0,,,7.0,,7.0,
tCDh3rEYIVj,Gachuriri Dispensary,12023.0,,,,1.0,1.0,
fvnBMGJT2Sb,Gaichanjiru Hospital,10199.0,,,3.0,,3.0,
wpzFaD5rUsJ,Gakawa Dispensary,10200.0,,2.0,,,2.0,100.0
LcbKtIpSxFP,Ganda Dispensary,11382.0,,,,1.0,1.0,
OZzaTu0NyK2,Ganze Health Centre,11383.0,,,1.0,,3.0,
ycopTf0WqXO,Garbatulla Sub County Hospital,12029.0,,1.0,,,1.0,100.0
eOwcPUHIpgE,Garissa Level 5 Teaching and Referral Hospital,13346.0,,,2.0,1.0,3.0,
JfanPlPxNKE,Gategi Health Centre,16463.0,Health centre,,3.0,,3.0,
ZcNH8iNquIL,Gathambi Health Centre,10213.0,,,1.0,,1.0,
wOcT7C4Gqzh,Gathanga Health Centre,10214.0,,,4.0,,4.0,
AagM6cS5ef7,Gatimbi Health Centre,12031.0,,,3.0,,3.0,
RPNI2yciVPb,Gatimu Health Centre,18781.0,,,1.0,,1.0,
IXiFtNKHo5f,Gatithi Dispensary,10221.0,off Sagana/Karatina highway,,1.0,,1.0,
WrZYJH3y1Fh,Gatundu Level 5 Hospital,10233.0,,,10.0,4.0,14.0,
dUO3G9O89X7,Gatunyu Dispensary,10234.0,,,4.0,,4.0,
KKndGuWgx1c,Gatura Healh Centre,10236.0,,,1.0,,1.0,
FkB4lcoQfnz,Gede Sub County Hospital,11387.0,,,10.0,1.0,11.0,
PpQmurYqrCk,Gertrudes Childrens Hospital,12950.0,,,4.0,3.0,7.0,
EaAOtVISoLP,Gesusu Sub-County Referral Hospital,13564.0,,,8.0,,8.0,
La4FiUTG0Ed,Geta Bush Health Centre,10244.0,,,2.0,,2.0,
TjAizB1Q3zr,Getare Health Centre,13566.0,,,4.0,2.0,6.0,
BSIVRetkq9o,Getongoroma Dispensary,13569.0,,,1.0,,1.0,
foKJoeEplXv,Gianchore Health Centre,13572.0,,,1.0,,1.0,
JWSHmk8XVoB,Gichiche Health Centre,10249.0,,,3.0,,3.0,
suwoJuHlA2b,Gichira Health Centre,10251.0,,,3.0,1.0,4.0,
HdbugkfTIcQ,Gichuru Dispensary,10252.0,,,,9.0,9.0,
pUcL23obDlW,Gikono Dispensary,16171.0,,2.0,2.0,,4.0,50.0
dx6XwBdUB2q,Gilgil Sub County Hospital,14510.0,Sub County Hospital,1.0,11.0,3.0,15.0,6.666666666666667
xa8ZMxIarv6,Giribe Dispensary,13576.0,,,4.0,1.0,5.0,
ngqqwzhuvjL,Gita Sub County Hospital,13647.0,,1.0,9.0,1.0,11.0,9.090909090909092
SZgImyX0tp9,Githiga Health Centre,10263.0,,,3.0,1.0,4.0,
bGUaAhlsRqp,Githogoro Runda Baptist Clinic (Getrudes Nairobi),18887.0,a facility in Githogoro.,,3.0,,3.0,
XFmkizVkihs,Githongo Sub-County Hospital,12041.0,,,2.0,3.0,5.0,
oau2wlYZlO3,Githumu Hospital,10267.0,,,2.0,,2.0,
rg99yzExwVO,Githunguri Health Centre,10269.0,,,12.0,3.0,15.0,
oywqPDtNrTb,Githunguri Health Centre (Ruiru),16748.0,,,5.0,2.0,7.0,
xMHtgmoaubR,Givole Dispensary,17182.0,,1.0,,,1.0,100.0
LeATvvxVKcP,Givudimbuli Health Centre,15889.0,,,1.0,2.0,3.0,
hcWdD9jFQQf,GK Farm Prisons Health Centre,14514.0,,,1.0,,1.0,
yfk4umSvayX,GK Prison Dispensary (Magarini),11394.0,,1.0,5.0,,6.0,16.666666666666664
kIKjM5pMTat,GK Prisons Dispensary (Busia),15891.0,,,4.0,,4.0,
yanWZpO1esQ,GK Prisons Dispensary (Kakamega Central),15892.0,,,2.0,,2.0,
XdmsyjZT77E,GK Prisons Dispensary (Kibos),13579.0,,,1.0,,1.0,
APRSsUJAVrP,Gobei Health Centre,13581.0,"level 3 facilty in maranda division. By the road Bondo to Kisumu road,just 6 kms from Bondo Town.",,13.0,,13.0,
G44EhGVs2FX,God Jope Dispensary,13582.0,situated in Suba East Division,,9.0,,9.0,
Dp9uga9zfqH,God Kwer Dispensary,13583.0,Situated in Suba West division and its a GOK Facility,,14.0,2.0,16.0,
IlPlC1wPLOt,Godber Health Centre,13584.0,,,1.0,,1.0,
TfsKMWO3CEU,Gombato Dispensary (CDF),16546.0,,,2.0,,2.0,
KRC06WZHgOL,Gongo Health Centre,13587.0,,,2.0,,2.0,
AzOEyXz9Alb,Gongo Health Centre,17516.0,,,6.0,,6.0,
hRvE0UfQ1LZ,Gongoni Health Centre,11401.0,,,7.0,,7.0,
DPmbpX7Npsj,Good Shepherd Ang'iya,17747.0,,,18.0,,18.0,
DVnHWnAZOjR,Got Agulu Sub-District Hospital,13588.0,within Usigu Division,,14.0,,14.0,
O3IcMfXrjBu,Got Kamondi Health Centre,18874.0,,,1.0,,1.0,
Wd7fRx7kIDT,Got Kojowi Health Centre,13589.0,,,12.0,2.0,14.0,
LUgqcwSvTS4,Got Matar Health Centre,13590.0,level 3 facility in usigu division,,2.0,,2.0,
M6pRVexaXwC,Got Osimbo Dispensary,18321.0,,,2.0,,2.0,
S3nhzDadRjF,Got Oyaro Health Centre,13592.0,,,7.0,,7.0,
dDUH3HhyOUc,Got Regea Dispensary,17520.0,,,4.0,,4.0,
Y87ZGSAcivK,Gucha Sub County Referral Hospital,13594.0,,,17.0,,17.0,
zwnu6Pa5gLi,Hamisi Sub County Hospital,15894.0,,1.0,3.0,,4.0,25.0
zYY0B4vnqpE,Hamundia Health Centre,16753.0,,,4.0,,4.0,
GrfDMFELnO0,Hawinga Health Centre,13600.0,,,11.0,,11.0,
bZaDWRI5ubJ,Hindi Magogoni Dispensary,11409.0,Hindi near DO'S office,,1.0,,1.0,
wgZ2mHu3aX9,Holo Dispensary,17118.0,Dispensary,,5.0,,5.0,
g9QbZTBk5sC,Holy Cross Dispensary,10321.0,,,1.0,,1.0,
CmIEKqOW8Lg,Holy family Catholic Hospital (Githunguri),19963.0,,,4.0,,4.0,
qZqNL79w8Zg,Holy Family Nangina Mission Hospital,16073.0,,,18.0,,18.0,
yYUcfesOy2t,Holy Family Oriang Health Centre   3A,13604.0,,1.0,18.0,1.0,20.0,5.0
nygh0oNF4ht,Holy Rosary Health Centre,21965.0,,2.0,8.0,,10.0,20.0
q1W718UMFWK,Homa Bay County Teaching and Referral Hospital,13608.0,,2.0,51.0,2.0,55.0,3.6363636363636362
N6Z5RiN7cJl,Homa Hills Health Centre,13606.0,,,8.0,,8.0,
NkqwenLKRZh,Homa Lime Health Centre,13607.0,,,6.0,,6.0,
sL4A85fJAXA,Hongo Ogosa Health Centre,13609.0,,,11.0,3.0,14.0,
AHVXluh93vZ,Hope Compassionate (ACK) Dispensary,16983.0,,,5.0,,5.0,
hV3DHVI0Drc,Hope Med C,,,,2.0,,2.0,
Q4d8psx1iAH,House of Hope Medical Centre,18720.0,Near Atoyieng'o River,,2.0,,2.0,
it85wWtSqRp,Huruma District Hospital,14555.0,,2.0,11.0,14.0,27.0,7.4074074074074066
m0NMs35zjQP,Huruma Lions Health Centre,12974.0,Operational,1.0,22.0,,23.0,4.3478260869565215
eu57gimZRDs,Huruma Nursing Home and Maternity,12976.0,,,2.0,,2.0,
SAUzCOBQ0Qa,Ibacho Sub-County Hospital,13611.0,,,2.0,,2.0,
F5HtXiaPY8b,Ibeno Sub County Hospital,13612.0,,,1.0,1.0,2.0,
hgYuumviWXp,Igara Dispensary,15897.0,,,2.0,,2.0,
hpI6fI0SMxI,Igare Medical Clinic,13613.0,,,1.0,,1.0,
I0kQUozVjhZ,Igegania Level 4 Hospital,10338.0,,,6.0,,6.0,
WVQA3Ztjy6t,Iguhu Sub County Hospital,15899.0,,,4.0,,4.0,
tAesyvSssYO,Ijara Sub County Hospital - Masalani,13406.0,,,1.0,,1.0,
uBIn3KIzOjH,Ikanga Sub county Hospital,12077.0,,,5.0,1.0,6.0,
eDnqMm7SRAg,Ikombe Health Centre,12078.0,,,5.0,,5.0,
PotVOfmjlUJ,Ikonzo Model Health Centre,17165.0,,,3.0,1.0,4.0,
I3Z2QMRd8GN,Ikutha Sub County Hospital,12080.0,,,6.0,,6.0,
d4U4gk3e0uD,Ileho Health Centre,15900.0,,,7.0,,,
UV4fccuhV0R,Imanga Health Centre,18941.0,,,,1.0,1.0,
Ez2eGQ08d9R,Immaculate Heart of Mary Hospital,10349.0,,,,1.0,1.0,
rVLDPAPrFsC,Imulama Dispensary,16481.0,,,1.0,,1.0,
FqsoLjbSI9A,Indangalasia Dispensary,17929.0,,,,1.0,1.0,
d01gae2jWRL,Industrial Area Dispensary,14575.0,,,2.0,,2.0,
NJ9UDodbyoQ,Inuka Hospital & Maternity Home,13618.0,,,5.0,,5.0,
rI8R5Xp4mez,Inyali Dispensary,15903.0,,,1.0,,1.0,
y8Mv4FOBkUn,IOM Wellness Clinic,19471.0,,,7.0,,7.0,
Xm3UkkgGu65,Ipali Health Centre,15904.0,,,9.0,,10.0,
Ww8j3aByxSP,Iranda Sub-County Referral Hospital,13620.0,,,7.0,,7.0,
gFC5kCFDDqG,Isebania Sub County Hospital,13625.0,,,14.0,1.0,15.0,
bCCU0zxqG0E,Isecha Sub-County Hospital,13623.0,,,2.0,1.0,3.0,
kgwPDqMydjo,Ishiara Sub-County Hospital,16464.0,,,2.0,,2.0,
xbZUlr9VgCK,Isinet Health Centre,14581.0,,,2.0,1.0,3.0,
zDGztuhkhx7,Isinya Health Centre,14582.0,,,11.0,,11.0,
qiW2KOBj6AN,Isiolo County and Referral Hospital,12094.0,Level 4 ( Tier 3),,18.0,,18.0,
Q5AJ6hof4bq,Iten County Referral Hospital,14586.0,,,5.0,2.0,7.0,
w6so9GSaap0,Ithanga Health Centre,10357.0,,,7.0,,7.0,
TK5G8AnqHxV,Itibo Eramani Dispensary,13627.0,,1.0,,,1.0,100.0
oCSNlBnL6p2,Iyabe Sub County Hospital,13631.0,,,4.0,,4.0,
FvG8gxqqOvf,Jamaa Mission Hospital,12984.0,,,4.0,,4.0,
IPuJB69xbia,Jamia Medical Centre,15906.0,,,1.0,,1.0,
UZlFjPJGpjz,Jaramogi Oginga Odinga Teaching & Referral Hospital,13939.0,,3.0,70.0,11.0,84.0,3.571428571428571
O9iiqr06g3S,Jaribuni Dispensary,11430.0,,,1.0,1.0,2.0,
JM72QVwNQhk,Jera Dispensary,13634.0,,,6.0,,6.0,
XN6yIZhe3bj,Jericho Health Centre,12988.0,,,10.0,1.0,11.0,
tH4jWfv5j99,Jerusalem Dispensary,12989.0,,,3.0,,3.0,
naa6PTuNZM4,Jevros Clinic,13635.0,,,2.0,,2.0,
INawALMkXAS,JKUAT Hospital,10378.0,,,2.0,,2.0,
SiFad15yKhZ,JM Kariuki Memorial County Referral Hospital,10916.0,,,15.0,4.0,19.0,
tiI9qrpW3VL,Johpas Clinic,13636.0,,,1.0,,1.0,
MP8fPGLlphd,Jomvu Model Health Centre,11436.0,,,6.0,,6.0,
Dy8nOI7jCEX,Joy Nursing Home and Maternity,18594.0,,,1.0,1.0,2.0,
s660dO8z7o6,Juja Farm Health Centre,10386.0,,,2.0,,2.0,
y0kyyERURWh,Jumuia Mission Hospital Kaimosi,15913.0,,,8.0,,8.0,
lR6W5tK8hAq,Junda Dispensary,20491.0,,1.0,,1.0,2.0,50.0
l6jqUUJvImb,Kabarak Health Centre,14606.0,,,3.0,,3.0,
kXKjaWPSN9N,Kabartonjo Referral Hospital,14609.0,,2.0,4.0,,4.0,50.0
ciJFdty24Uw,Kabatini Health Centre,14610.0,,1.0,1.0,1.0,2.0,50.0
KmYG2XJfp6W,Kabianga Health Centre,14613.0,,,2.0,,2.0,
Zzn7r9ALZIk,Kabiemit Health Centre (Mosop),14618.0,,,1.0,1.0,2.0,
XzKZTSICokw,Kabiyet Sub County Hospital,14623.0,,1.0,3.0,,4.0,25.0
IpxTP5z54Zq,Kaborom Dispensary,15910.0,,,1.0,1.0,2.0,
OOXFr1NfIlA,Kabuchai Health Centre,15911.0,,,1.0,,1.0,
S1i3cmxCbgX,Kabula Health Centre,15912.0,,,7.0,,7.0,
FeUHA7ixSA6,Kabura Uhuyi Dispensary,17531.0,,,3.0,,3.0,
WLvYlxbdgy7,Kabutii-Matiret Dispensary,14633.0,,,13.0,1.0,14.0,
WDe0umtdbif,Kabuto Dispensary,13639.0,,,2.0,,2.0,
wUI5w5hVFXn,Kachuth Health Center,18876.0,,,7.0,,7.0,
Z7ruKy2DyTa,Kadem Tb & Leprosy Dispensary,13640.0,,,16.0,,17.0,
iAuQRWVoRpK,Kadenge Ratuoro Health Centre,13641.0,,,8.0,,8.0,
i6oyLBSxWfZ,Kadhola Health Center,16769.0,,,12.0,,12.0,
My0xFBJaM5c,Kadinda Health Centre,16283.0,,,9.0,,9.0,
k1gDvwc81yh,Kadzinuni Dispensary,11447.0,,,1.0,,1.0,
BuKsUiPIIkt,Kagaa Health Centre,10394.0,,,1.0,,1.0,
CUCTqzLEY0L,Kager Dispensary,13643.0,,,5.0,,5.0,
UUbhK0ZeTTz,Kagio Catholic Dispensary (Mary Immucate Catholic Dispensary),10398.0,Kagio town-off Kutus/Sagana road,,3.0,,3.0,
L3Cj0eucYCp,Kagumo Health Centre,10402.0,Kagumo market off Kerugoya/Karatina road,,2.0,,2.0,
T9MIrcv0VeS,Kagwa Health Centre,13644.0,,,5.0,,5.0,
dtRiIn99llQ,Kahawa West Health Centre,12997.0,,1.0,13.0,2.0,16.0,6.25
q6NwSRm7CoV,Kahembe Health Centre,10419.0,,,1.0,,1.0,
MDeK1JwZtsM,Kaibei Dispensary,14639.0,,,,1.0,1.0,
xNQuM1wTWrJ,Kaiboi Mission Health Centre,14640.0,,1.0,2.0,,3.0,33.33333333333333
LBDUxvoZSdI,Kaikor Sub County Hospital,14643.0,,,2.0,,2.0,
lkXTcVtB8kE,Kainuk Health Centre,14645.0,,,1.0,,1.0,
tGLKciw2MGf,Kajiado County Referral Hospital,14652.0,,,6.0,4.0,10.0,
Hz3BwMUktOJ,Kakamega County General Hospital,15915.0,,,19.0,1.0,20.0,
kWzAmRGUHal,Kakamega Forest Dispensary,15914.0,,,1.0,,1.0,
RUhEEE3keZi,Kakeani Health Centre,12134.0,,,1.0,,1.0,
Hkj3pG2XmPE,Kako Health Centre,12135.0,,,1.0,,1.0,
Wj1gBKsF1lB,Kakuma Mission Hospital,14655.0,,,5.0,2.0,7.0,
e7MYm1LjA3C,Kalaacha Dispensary,14657.0,,,2.0,,2.0,
yFeGs5Liwzi,Kalawa Sub County Hospital,12147.0,,,3.0,2.0,5.0,
T0UkaIvU3F9,Kaliani Dispensary,20579.0,,,1.0,,1.0,
JeuBdNUUREJ,Kalimoni Mission Hospital (Juja),10438.0,,,4.0,,4.0,
N636nMR9Hsh,Kalokol (AIC) Health Centre,14663.0,,,2.0,3.0,5.0,
h30PQ7TRRWD,Kaloleni Dispensary,12998.0,Operational,,3.0,1.0,4.0,
xhfTwAI9TDu,Kalulini Health Centre (Kibwezi),12156.0,,,3.0,,3.0,
SaC88wqvxMt,Kaluo Health Centre,13648.0,,,11.0,,11.0,
cgGKqOQ5YLB,Kambajo Dispensary,13651.0,level 2 facility in maranda division,,10.0,,10.0,
BEJQPDKe2Mo,Kambare Dispensary,17527.0,,,4.0,,4.0,
Qv92hTqycLz,Kambi Ya Waya Dispensary,20771.0,OPERATIONAL,,3.0,,3.0,
QUEf4kJAS00,Kambu Catholic Dispensary,11962.0,,,3.0,,3.0,
ec7ckAJP9J8,Kambu Sub County Hospital,18596.0,,,4.0,,4.0,
NGH1by3UZpG,Kamiti Prison Hospital,13000.0,,,2.0,1.0,3.0,
ZAIMQkZn08B,Kamolo Dispensary,17242.0,,,1.0,,1.0,
BpupuJNnQGM,Kamukuywa Dispensary,18346.0,,,6.0,1.0,7.0,
oT7VzeRbscK,Kamutei Health Centre,12166.0,,,1.0,,1.0,
y3pJobALcY5,Kamwosor Sub County hospital,14680.0,,,,1.0,1.0,
JW0Lexz7zKS,Kanamai Health Care,11454.0,,,5.0,,5.0,
VdAAkjhq6Fk,Kandara sub county hospital,10459.0,,,3.0,,3.0,
xAqqRiXjUW3,Kandiege Sub-District Hospital,13653.0,,,6.0,,6.0,
hxBXSpghyOY,Kangaita Health Centre,10462.0,Kana]gaita shopping centre,,2.0,,2.0,
Lpc3U99ALpL,Kangari Health Centre,10465.0,,,1.0,,1.0,
RmX34fyMVB3,Kangema Sub-County Hospital,10470.0,,,3.0,,3.0,
y42Usl6TdyJ,Kangemi Health Centre,13001.0,,1.0,20.0,10.0,31.0,3.225806451612903
HOt2sRVZXbG,Kangu Dispensary,10471.0,,1.0,,,1.0,100.0
F9IW97vowsp,Kangundo Sub county Hospital,12177.0,,,10.0,,10.0,
R43KcJMZGP3,Kaningo Health Centre,12178.0,,,,2.0,1.0,
OhVOBYmtprM,Kanyagwal Dispensary,13654.0,,,7.0,,7.0,
fKR3N7cmgQl,Kanyakine Sub County Hospital,12181.0,,3.0,5.0,1.0,9.0,33.33333333333333
lYQGgd4vdRL,Kanyangi Sub County Hospital,12184.0,,,1.0,,1.0,
zUR10GhV7xz,Kanyenyaini Health Centre,10474.0,,,1.0,,1.0,
pKwQQQX1kLw,Kanziku Health Centre,12190.0,,,1.0,,1.0,
WjEssqA66dw,Kapcherop Health centre,14695.0,,,3.0,,3.0,
FabEx0uwlU4,Kapenguria County Referral Hospital,14701.0,,,9.0,2.0,11.0,
vkknkSx0EGT,Kapisimba Dispensary,18506.0,,,1.0,,1.0,
nw9YVA9Tx6R,Kapiyo Health Centre,13655.0,level 3 facility in maranda,,9.0,,9.0,
cqhuJyqvQEI,Kapkangani Health Centre,14704.0,,,1.0,2.0,3.0,
xq0lRpKYnEm,Kapkateny Dispensary,15922.0,,,1.0,,1.0,
GOhRziVaDUw,Kapkatet Sub County Hospital,14706.0,,,18.0,,18.0,
O7dzFmz0Df7,Kapkoi Health Center,14720.0,,,4.0,2.0,6.0,
SofFIp5ILCw,Kapkoros Sub-county hospital,14728.0,,,6.0,,6.0,
BsRAEfmFfM3,Kapkures Health Centre (Nakuru west),14733.0,,,4.0,4.0,8.0,
DZ6jQqCN4Zo,Kaplamai Health Centre,14734.0,,,3.0,,3.0,
Epg5CqAuaHn,Kaplong Hospital,14741.0,,,6.0,,6.0,
CCtjKGD19ba,Kapsabet County Referral Hospital,14749.0,,,15.0,1.0,40.0,
P4bWQeI57XU,Kapsara Sub County Hospital,14753.0,,1.0,1.0,2.0,4.0,25.0
i8iYlkT3T2S,Kapsisiywo Dispensary,14761.0,,,1.0,2.0,3.0,
T4xwbinQdKG,Kapsitwet Dispensary,14762.0,,,2.0,,2.0,
syjqhftfG5l,Kapsowar (AIC) Hospital,14767.0,,,1.0,,1.0,
WmVkqxdy4xB,Kapsoya Health Centre,14769.0,,,2.0,,2.0,
pIRUamww2Tr,Kaptama Health Centre,22508.0,,,1.0,,1.0,
hqiyXj3Cfxz,Kaptech Dispensary,16456.0,,,1.0,2.0,3.0,
x7ruP7fXiZQ,Kapteren Health Centre,14781.0,,,,1.0,1.0,
u1GwmEW9bNo,Kaptumo Sub-County Hospital,14792.0,,,,,8.0,
QMdjmr0246S,Karagita Health Centre,14801.0,,,12.0,,12.0,
bLeCBUFM3wP,Karatina Sub-county Hospital,10485.0,,,16.0,3.0,19.0,
vzZ53lAMdJp,Karatu level 4 hospital,10489.0,,2.0,,1.0,3.0,66.66666666666666
T0QCTzRDCcr,Karen Health Centre,13003.0,,,12.0,1.0,13.0,
Waoec9qt8ol,Karima Health Centre,15927.0,,,,1.0,1.0,
EEKdchSCqh9,Kariobangi EDARP,18743.0,,1.0,12.0,3.0,16.0,6.25
iBcBmbBexUS,Kariobangi Health Centre,13006.0,,,19.0,1.0,20.0,
tlOLq1sNrig,Kariobangi South Dispensary,17434.0,,,5.0,1.0,6.0,
g653XuQUVyj,Karumandi Health Centre,10504.0,Karumande market-off Kimautugu/Embu road,,1.0,,1.0,
NRf14PUD9xc,Karungu Sub-County Hospital,13656.0,,,25.0,,25.0,
Pa9tT2RsExD,Karuoth Dispensary,17533.0,,,7.0,,7.0,
JQnQJCpt8av,Karura Health Centre,13009.0,Located along Kiambu Road,,2.0,,2.0,
zYFy90m10i1,Karuri Level 4 Hospital,10507.0,,1.0,9.0,2.0,12.0,8.333333333333332
oaUZAfsPmoJ,Karurumo Rhtc,12203.0,,,2.0,1.0,3.0,
tgcsqKSppEP,Kasaala Health Centre,12204.0,,,1.0,,1.0,
FGeEpfWlpMJ,Kasarani Health Centre,13010.0,,,10.0,3.0,13.0,
GJda6nR1YiA,Kasigau Rdch,11455.0,,,1.0,,1.0,
D1sNaKhXlyS,Kasongo Dispensary,16282.0,,,2.0,,2.0,
GPXXnUS62UB,Katangi Health Centre,12215.0,,,2.0,1.0,3.0,
hORllbg4SRu,Katani Dispensary,12217.0,,,2.0,,2.0,
p6OOqwGbiA0,Kathiani Sub County Hospital,12230.0,,,4.0,,4.0,
G9Fbh4fc5zU,Kathonzweni Health Centre,12236.0,,,1.0,,1.0,
KmXHJRTmJL9,Kathulumbi Health Centre,12238.0,,,,1.0,1.0,
BAtfedDlU9v,Katilini Health Centre,12241.0,,1.0,,1.0,2.0,50.0
LXsaR9BQim1,Katilu Sub County Hospital,14818.0,,,3.0,1.0,4.0,
jlWXLaZNtbr,Katito Sub County Hospital,13657.0,,,26.0,,26.0,
CZEFya4R7Q9,Katolo-Manyatta Dispensary,18421.0,,,2.0,,2.0,
VgkdbpChtIJ,Katulani Sub County Hospital (Kitui),16991.0,,,3.0,1.0,4.0,
AP3Z7jKwro7,Kauma Health Centre (Rachuonyo),13658.0,,,7.0,,7.0,
nLISoUBRUAF,Kauwi Sub County Hospital,12255.0,on the way Kitui-Kanyoonyoo-Thika road near Kabati town,,2.0,,2.0,
P3f1rMxZYHL,Kaviani Health Centre,12257.0,,,2.0,,2.0,
lCVPvilzEK3,Kayaya Dispensary,16710.0,,,1.0,2.0,3.0,
wWnSMqLNWOk,Kayole I Health Centre,13015.0,Off Kangundo Road,1.0,16.0,7.0,24.0,4.166666666666666
xvrQsmtAQsS,Kayole II Sub County Hospital,13016.0,,,34.0,10.0,44.0,
W9Yb3HlYhsB,Kedowa Dispensary,14824.0,,,1.0,,1.0,
KvnMTF9ACOd,Kegogi Health Centre,13662.0,,1.0,2.0,,3.0,33.33333333333333
X2FnCxPnyEH,Kegondi Health Centre,15928.0,,,1.0,,1.0,
NoZjHcIDHGW,Kegonga Sub County Hospital,13663.0,,,2.0,,2.0,
dwu3NQizNkT,Kehancha Sub-County Hospital,13726.0,,,7.0,3.0,10.0,
zAs4m0LzAxE,Kemeloi Health Centre,14825.0,12km East of Serem Market alongKobujoi Serem road.,,3.0,,1.0,
ide1oUojpWU,Kemri VCT,13019.0,,,1.0,,1.0,
EhJ2SBfPRSW,Kendu Adventist Hospital,13667.0,,,30.0,,30.0,
lobiB7sMHcN,Kendu Sub-District Hospital,13668.0,,,10.0,,10.0,
brSpidcNdoF,Kenyambi Health Centre (Nyamira),16980.0,,,1.0,,1.0,
ZWwPSTkiLWX,Kenyatta National Hospital,13023.0,,,33.0,3.0,36.0,
tKlvNnIuqxp,Kenyatta University Dispensary,13024.0,,,,1.0,1.0,
B6t2Uc0FqSP,Kenyenya Health Centre (Nyamira),20141.0,,,1.0,,1.0,
a1KIkjd2PRa,Kenyenya Sub County Referral Hospital,13673.0,,1.0,7.0,,8.0,12.5
PRImqKybQ8n,Kenyerere Sub County Hospital,13674.0,,,1.0,,1.0,
KIcB1UkdXXb,Kenyoro Health Centre,13676.0,,,1.0,1.0,2.0,
IgrMpQRUx5y,Kericho County Referral Hospital,14831.0,,3.0,43.0,5.0,51.0,5.88235294117647
lqtFpfrMOcJ,Keringet Sub County Hospital,14836.0,,,4.0,2.0,6.0,
EqyJ3aErOqW,Kerio Health Centre,14838.0,Located in Kerio Divison,,1.0,,1.0,
GqJwyzb70oA,Kerugoya County Refferal Hospital,10520.0,,,12.0,2.0,14.0,
SFjMLzXWaWY,Kesses Health Centre,14841.0,,,1.0,3.0,4.0,
sgKiVsxPcyB,Keumbu Sub County Hospital,13680.0,,,5.0,,5.0,
r5bAjjkOcRq,Khalaba Health Centre,15931.0,,,2.0,4.0,6.0,
eHCJ8sB2OJd,Khalwenge Dispensary,22570.0,,,1.0,,1.0,
t6T4az63PGl,Khaoya Dispensary,15933.0,,1.0,,,1.0,100.0
OwaQqvBExjF,Khasoko Health Centre,15935.0,,1.0,2.0,,3.0,33.33333333333333
hbWUwbyiJhb,Khaunga Health centre,15936.0,,,,2.0,2.0,
TJnBh1U3GEs,Khunyangu Sub County Hospital,15939.0,,,20.0,3.0,23.0,
kyuG50xCh7R,Khwisero Level IV Hospital,15940.0,,,6.0,,6.0,
fyiHrh4tOpQ,Kiamabara Health Centre,10530.0,,,1.0,,1.0,
QtkuzgCwZnB,Kiambere Dam Dispensary,12271.0,,,4.0,,4.0,
KQKx6gpqt19,Kiambogo Dispensary (Gilgil),14845.0,,,2.0,2.0,4.0,
X3m67s9fYES,Kiambu County Referal Hospital,10539.0,,,33.0,4.0,37.0,
gUMUKtsdh8z,Kiamutugu Health Centre,10545.0,Kiamutugu shopping centre-off Kutus/Kianyaga road,,1.0,,1.0,
ba63sP0ArOy,Kiandutu Health Centre,16814.0,,1.0,11.0,7.0,19.0,5.263157894736842
MxxUSfpmXEr,Kianjokoma Health Centre,12279.0,,,1.0,,1.0,
fi4t3iRQ5Ng,Kianyaga Sub-County Hospital,10565.0,,1.0,2.0,2.0,5.0,20.0
bcUwAhP3wRu,Kiaruta Dispensary,13685.0,,,5.0,,5.0,
E7Y4bV5AjJV,Kiasa Health Center,13686.0,,,11.0,1.0,12.0,
PZKXP2PYFKX,Kibera Community Health Centre (Amref),13028.0,,1.0,35.0,4.0,40.0,2.5
mi7ORwgRy3S,Kibera D.O. Dispensary,13029.0,,,5.0,,5.0,
SXegfern6PF,Kibigori Dispensary,13687.0,,,9.0,,9.0,
CbWO3Te8Tut,Kibirichia Sub-District Hospital,12282.0,,,3.0,,3.0,
xlpkJEXcIDZ,Kibisi Dispensary,15943.0,,,,3.0,3.0,
tWQw1jmjWO4,Kibogo Dispensary,13688.0,,,10.0,,10.0,
rVDOiFMpHlD,Kibugu Health Centre,12287.0,,,2.0,1.0,3.0,
WCjUg04KkUY,Kibung'a Sub County Hospital,23887.0,,,1.0,,1.0,
dzNztOh9T5P,Kibwezi Sub County Hospital,12291.0,At Kibwezi Town along Kalimani - Kitui Road. 500m from the main Nairobi-Mombasa road,,5.0,,11.0,
EZAag3FkBnY,Kiganjo Health centre,10581.0,,,3.0,,3.0,
F7WS5lx7cG9,Kiganjo Health Centre,10582.0,,,4.0,,4.0,
GdJBEHyjtcF,Kigumo Sub County Hospital,10588.0,,,2.0,3.0,5.0,
bxheWBppb9H,Kihara Sub County Hospital,10591.0,,,13.0,1.0,14.0,
HVOJPKtJhsG,Kijabe (AIC) Hospital,10602.0,,,1.0,,1.0,
IIw7XjguWks,Kijabe (AIC) Hospital Marira Medical Clinic,10693.0,,,9.0,,9.0,
OQ9TVd3E10r,Kijani (Mirera) Dispensary,17821.0,,,1.0,1.0,2.0,
toOGtwnm0oz,Kijauri Sub County Hospital,13692.0,,,6.0,,5.0,
L5vghcuxIpC,Kijawa Health Centre,16765.0,,,5.0,,5.0,
ZbuU0YQiDug,Kikesa Health Centre,12305.0,,,1.0,,1.0,
pjoG55x2KMq,Kikoko Mission Hospital,12306.0,,,1.0,,1.0,
UrRsO2NsxHZ,Kikoneni Health Centre,11472.0,,,3.0,,3.0,
HO8XXXER1ZS,Kikuyu (PCEA) Hospital,10603.0,,,8.0,,8.0,
OjwX5IrpWkM,Kilala Health Centre,12309.0,,,4.0,,4.0,
nyNZg4aC19J,Kilibwoni Health Centre,14866.0,,,1.0,,1.0,
HVsXeh7EatU,Kilifi County Hospital,11474.0,,,18.0,6.0,24.0,
uGkRT5JzUwe,Kilili Health Centre,12312.0,,,1.0,,1.0,
DdPmglUPme3,Kilingili Health Centre,15945.0,,,2.0,2.0,4.0,
HKuDiBH4yTb,Kilungu Sub County Hospital,12314.0,,,12.0,,6.0,
OwA3FdxjmkQ,Kima Mission Hospital,15946.0,,,2.0,,2.0,
XbRB4QvjEBy,Kimaeti Health centre,15947.0,,1.0,3.0,1.0,5.0,20.0
yUxuh0HkWnr,Kimalewa Health Centre,15948.0,,,1.0,,1.0,
Y9qucizTmZG,Kimana Health Centre,14868.0,,,6.0,1.0,7.0,
ZAp1tGmL6oO,Kimbimbi Sub-County Hospital,10609.0,,,12.0,,12.0,
Bs89THDd5QL,Kimilili Subcounty Hospital,15950.0,,,6.0,3.0,9.0,
KgRIBuqUqbj,Kiminini Cottage Mission Hospital,14872.0,,1.0,3.0,,4.0,25.0
BBja2vvFgHY,Kimnai Dispensary,14874.0,,,3.0,,3.0,
JBUB73WGzNi,Kimondi Forest Dispensary,14876.0,,,1.0,,1.0,
p0zbkFwLKIu,Kimonge Health Centre,13693.0,,,4.0,,4.0,
trxPkQIiUSK,Kina Dispensary,12319.0,,,4.0,,4.0,
KT34EaG36YR,Kinango Sub County Hospital,11480.0,I200 metres from Kinango Town Market,,6.0,,6.0,
aSPafr5E6SG,Kinasia Dispensary,13694.0,Dispensay,,1.0,,1.0,
vycaQ7VRJxH,Kineni Dispensary,22257.0,,,,1.0,1.0,
EkOzgHoE8yb,Kinna Health Centre,12323.0,,,1.0,,1.0,
wEmj5Y6nGNJ,Kinondo Kwetu Community Clinic,16547.0,,,10.0,2.0,10.0,
F0Uf3SJ6y5k,Kinoru Dispensary,12326.0,,,2.0,,2.0,
psJYcZgeJQ6,Kiobegi Dispensary (Bobasi),19917.0,,,2.0,,2.0,
FWlciiBqhQn,Kiogoro Sub County Hospital,13696.0,,,6.0,,6.0,
r1ZedtoM2sn,Kionyo Health Centre,13697.0,,,5.0,,5.0,
LPKh4nXw3jE,Kipingi Dispensary,16269.0,,,1.0,,1.0,
rDsVgG318og,Kipkelion Sub County Hospital,14897.0,,,1.0,2.0,3.0,
OTu4xNrbdX0,Kipsonoi Health Centre,14920.0,,,,1.0,1.0,
bnQePNfUZB8,Kiptere Dispensary,14928.0,,,1.0,,1.0,
jlIvgmGm0gR,Kipwastuiyo Health Centre,14935.0,,,,2.0,2.0,
l1J71xfA3v7,Kiria-Ini Mission Hospital,10627.0,,,7.0,1.0,8.0,
dzPtnXVHu7C,Kiritiri Health Centre,16466.0,,,8.0,1.0,9.0,
XIQZfo5zeey,Kisasi Health Centre (Kitui Rural),12340.0,,,1.0,2.0,3.0,
RztzXSmM6Zu,Kisau Sub County Hospital,12341.0,,,3.0,1.0,4.0,
YJtzYxZ8W75,Kisauni Health Centre,17911.0,,,6.0,,6.0,
SAca0wPRzA8,Kisii Teaching And Referral Hospital (Level 6),13703.0,,8.0,11.0,,19.0,42.10526315789473
CSFHkngjmkK,Kisiiki Health Centre,12347.0,,,1.0,1.0,2.0,
t2EKhTeMUOr,Kisima Health Centre,14943.0,Health Centre,1.0,2.0,,3.0,33.33333333333333
uBfCuhllvg3,Kisumu County Hospital,13704.0,located within Winam Division. GOK,,64.0,,64.0,
Lhf5atPasou,Kitalale Dispensary,14946.0,,1.0,1.0,,2.0,50.0
zPojcAQtw2L,Kitale County Referral Hospital,14947.0,,1.0,54.0,7.0,62.0,1.6129032258064515
WqgsRsVlbaG,Kitengela GK Prison Dispensary,14517.0,,,3.0,2.0,5.0,
PHJHqpSpfRc,Kitengela Medical Services,14951.0,,,10.0,1.0,11.0,
AW4Fs3TsAtO,Kitengela Sub-County Hospital,14950.0,,,25.0,,25.0,
f3XukP1v8uT,Kitere Health Centre,17341.0,,,3.0,,3.0,
p6yj2NscPQ5,Kithimani Health Centre,12357.0,,,10.0,1.0,11.0,
MtUXQriAX6H,Kithimu Health Centre,12359.0,,,1.0,,1.0,
G5ftbR0paKv,Kithyoko Health Centre,12362.0,,,1.0,,1.0,
dtWdw8ogYzJ,Kitui County Referral Hospital,12366.0,,,6.0,1.0,7.0,
syMX95GoW0g,Kituka Dispensary,13706.0,,,6.0,,6.0,
AuletUO24bE,Kitutu Chache North Sub County Referral Hospital,13772.0,,,4.0,2.0,6.0,
w0QBLXNdhK1,Kiumbu Health Centre,10641.0,Kiumbu shopping centre,,1.0,,1.0,
Og5UEnRkvyU,Kivaa Health Centre,12375.0,,,4.0,,4.0,
CUebFxNlAzb,Kivaani Health Centre,12376.0,,,3.0,,3.0,
ekQxVaIMErv,Kivuli Dispensary,13036.0,,,2.0,,2.0,
WQRkoXjzOCr,Kiwamu Health Centre,14954.0,,,2.0,,2.0,
FYGO2TZZWuq,Kiwandani Dispensary,11493.0,,,4.0,1.0,5.0,
xfNWSEyv3de,Kobodo Health Center,20241.0,,,5.0,,5.0,
CwjlYsZ5UbP,Kobuya Health Centre,13708.0,,,3.0,,3.0,
Q4XkYFvskeI,Kodiaga Prison Health Centre,13709.0,,,4.0,1.0,5.0,
KPgXAJQ4rkD,Kodingo Health Centre,13727.0,,,5.0,,5.0,
KgZZAFbhdee,Koduogo Health Centre,19861.0,,,10.0,,10.0,
XZwiXe6lGnE,Kogelo Dispensary,13710.0,,,18.0,,18.0,
JvTAtefBKPX,Kogweno Oriang' Dispensary,13711.0,,,2.0,,2.0,
J645cFsNOCM,Koilot Health Centre,14965.0,,,1.0,,1.0,
uXqhVeVab1Y,Koiwa Sub County Hospital,14970.0,,,2.0,,2.0,
LYay7WMzdXz,Kokech Mirondo Health Center,21212.0,,,3.0,,3.0,
DICdQoX6MX6,Kokuro Health Centre,14975.0,,,,2.0,2.0,
Eiae4BkyI7w,Kokwanyo Health Centre,13712.0,,,5.0,,5.0,
tHIuPy0T8F8,Kolenyo Health Centre,17172.0,,,1.0,,1.0,
iX9MCYrhHOP,Koloo Dispensary,17038.0,,,11.0,1.0,12.0,
UMrj6jMVGcj,Kolunga Health Centre,13642.0,,1.0,4.0,,5.0,20.0
Cm5Cyjgr17X,Kolwal Dispensary,17344.0,,,1.0,,,
UaSLLKNersa,Komarock Modern Medical Care,17717.0,,,1.0,1.0,,
WPhMyqa7tMP,Kombato Dispensary,16270.0,,,6.0,,6.0,
tMymqzXY5dg,Kombewa County Referral Hospital,13714.0,Located on the Kisumu Bondo road,,42.0,1.0,43.0,
clZmNWCEkGG,Kome Health Center,20347.0,,1.0,,,1.0,100.0
iIngX6G2Ezq,Kongoni Health Centre,15955.0,,,4.0,,4.0,
f7VNgpLhVwW,Kongowea Health Centre,11499.0,,,4.0,3.0,7.0,
MQcFGwW1QsE,Kopanga Dispensary (CHAK),13718.0,Situated in Suba West division and its a FBO Facility,,5.0,1.0,4.0,
UF9HJO258Yp,Korogocho Health Centre,18895.0,,1.0,2.0,6.0,9.0,11.11111111111111
UnUk7uMZeBz,Koru Mission Health Centre,13719.0,,,3.0,,3.0,
j6QLHcTeO6f,Korwenje Dispensary,13720.0,,,4.0,1.0,5.0,
guIhLrHfgZq,Kory Family HospitaI (Kimilili),23738.0,Operational,,6.0,5.0,9.0,
KYUD8eEHcCn,Kosele Health Centre,13721.0,,1.0,1.0,,2.0,50.0
DNnvCXUMH4v,Kowino Dispensary,13722.0,,,7.0,,7.0,
aWpElDmioIw,Kuja Dispensary,13724.0,,,4.0,,4.0,
tgRwAp3Oey9,Kunya Dispensary,13725.0,,,4.0,,4.0,
kVf9NYAIaiL,Kunyak Dispensary,15001.0,,,1.0,,1.0,
TAPp4w4qSDy,Kuoyo Kaila Health Centre,17171.0,,,1.0,,1.0,
zeoRrDlbcNF,Kurangurik Health Centre,15002.0,,1.0,5.0,1.0,7.0,14.285714285714285
ZQBkmrdOpuC,Kuresoi Health Centre,16683.0,,,1.0,1.0,2.0,
wWCwq9j5JFU,Kutus Dispensary,10647.0,Kutus town-Kutus mjini,,1.0,1.0,2.0,
G26gYDAw5R1,Kwakavisi Dispensary,12398.0,,,1.0,,1.0,
gbQw8OQtjpj,Kwale Sub County Hospital,11507.0,,,2.0,,2.0,
mzBw4T72sa5,Kwamo Health Center,13728.0,,,2.0,,2.0,
kbdzFwfqYb8,Kwanza Sub County Hospital,15003.0,,1.0,6.0,5.0,12.0,8.333333333333332
vshyHFPS1Mo,Kware Dispensary,23414.0,,,,1.0,1.0,
FH1lPSOnK9z,Kwoyo Kodalo Dispensary,13729.0,,,3.0,,3.0,
kUoL1ezN7NN,KYC Transmara,21206.0,,,4.0,,4.0,
u27OZ3b9ijq,Kyuasini Health Centre,16254.0,,1.0,1.0,,2.0,50.0
Qpyxl9nhTo8,Kyumbi Health centre,21027.0,,,4.0,,4.0,
YZuzvi5zGPy,Kyuso Sub County Hospital,12420.0,,,4.0,,4.0,
f1mpqnM6p8W,Laare Health Centre,12422.0,,,5.0,4.0,9.0,
MGXReb42dmA,Lambwe Health Centre,13731.0,,,5.0,,5.0,
xMrLIAS6Y17,Lanet Health Centre,15008.0,,,15.0,,15.0,
KyonjDmOEi9,Lang'ata Health Centre (Ruiru),18762.0,,,15.0,10.0,25.0,
dPEyAJaDVPX,Langalanga Sub County Hospital,15009.0,,2.0,10.0,2.0,14.0,14.285714285714285
pyVe7DfRPnj,Langas RCEA Health Center,15011.0,,4.0,11.0,6.0,21.0,19.047619047619047
m516aDmFUUI,Langata Subcounty Hospital (Mugumoini),13041.0,,,9.0,3.0,12.0,
QTbpZ8fdTZG,Langi Kawino Dispensary,18250.0,,,3.0,,3.0,
Ku5nAnBOjpw,Langi Kodera Dispensary,25260.0,,,8.0,,8.0,
QPi8HppUeQL,Lare Health Centre,15013.0,,,3.0,,3.0,
v7AyMzU9144,Lari Level 4 Hospital,10655.0,,,2.0,,2.0,
QaPgykvnQjc,Lea Toto (Kariobangi North),13045.0,,,121.0,12.0,133.0,
k9ZL4QIqbiJ,Lea Toto Zimmerman,18828.0,,,112.0,,110.0,
QW6vvfY5L0U,Lela community Health Centre,13733.0,,,3.0,,3.0,
RmvqxZei2rD,Lemotit Dispensary,15026.0,,,2.0,,2.0,
U6cuWLDIg1T,Lessos Comprehensive Health Centre,15030.0,,,4.0,,4.0,
zKDQjMY6KLK,Lidha Dispensary,17525.0,,,4.0,,4.0,
ZFly5uT5UHQ,Lieta Health Centre (Rarieda),17439.0,,,2.0,,2.0,
XedKlZAN2O9,Ligala Dispensary,18320.0,,1.0,6.0,,7.0,14.285714285714285
AlQczmsgUJn,Ligega Health Centre,13735.0,,3.0,6.0,,9.0,33.33333333333333
NE6kXJlu9lG,Lihanda Health Centre,17512.0,,,3.0,,3.0,
EOwZKRgVff8,Likii Dispensary,15035.0,,,2.0,,1.0,
GwLVDDMCfyU,Likindu Dispensary,15960.0,,,2.0,,2.0,
bvUg2vPkLWw,Likoni Subcounty Hospital,11522.0,,,13.0,,13.0,
AbSJUr5oge2,Likuyani Sub-County Hospital,15961.0,,,3.0,3.0,7.0,
DoFGg4toGRt,Limuru Health Centre,10661.0,,,7.0,,7.0,
Y4WPy8CHdAl,Lipton Central Hospital,15761.0,,,5.0,,5.0,
cydsug5htZ9,Live With Hope Dispensary,17589.0,,,48.0,,48.0,
B9XQn7IBaMW,Loco Dispensary,13051.0,Dispensary,,6.0,,6.0,
IDGEt81zZin,Lodwar County Referral Hospital,15049.0,,,16.0,2.0,18.0,
Cx6s78Ev9QT,Loitokitok Sub County Hospital,15051.0,,,6.0,1.0,7.0,
aKjGXxIWmX3,Lokichar (RCEA) Health Centre,15057.0,,,3.0,1.0,4.0,
sfUb61y4eOl,Lokori Primary Health Care Programme,16324.0,,,2.0,,2.0,
Qxt1FTtPDX9,Lolgorian Sub County Hospital,15068.0,,,,1.0,1.0,
ttSQ3WmIuow,Lolwe Health Centre,21262.0,,,2.0,,2.0,
feqZZjDHYmo,Londiani Sub County Hospital,15074.0,,,8.0,3.0,11.0,
SuxAmnVfsiA,Longisa County Referral Hospital,15077.0,,2.0,9.0,2.0,7.0,28.57142857142857
qIGDrvFNv3H,Luanda Town Dispensary,15963.0,,,2.0,2.0,3.0,
QwmMZVZSkRy,Lugari Forest Dispensary,15964.0,,,1.0,,1.0,
GzJU2wkfa30,Lugulu Friends Mission Hospital,15965.0,,,11.0,1.0,12.0,
cmnkbtwBEkZ,Lugumek Dispensary,15100.0,,,2.0,,3.0,
H0082HeDWgo,Lukhome Dispensary (Kabuchai),15966.0,,,1.0,1.0,2.0,
IrL6Uu2RpKO,Lukhome Health Centre,15101.0,,,1.0,1.0,2.0,
dJlnXGDCdFE,Lukhuna Dispensary,15967.0,,,1.0,1.0,2.0,
Uzbi7NX6aVo,Lukolis Model Health Centre,15968.0,,,1.0,,1.0,
k0yug2XqYRT,Lumakanda County Hospital,15969.0,,1.0,2.0,5.0,8.0,12.5
r8z0MeOdroa,Lumani Dispensary,15970.0,,,,2.0,2.0,
Z65JvisTm4o,Lumino Dispensary,18624.0,,,1.0,,1.0,
qa07L6R8UeS,Lumumba Sub County Hospital,13738.0,Sub County Hospital,,46.0,7.0,47.0,
V4mRikko5vW,Lung'anyiro Health Centre,15972.0,,,2.0,2.0,4.0,
oveetILWJK3,Lunga Lunga Health Centre,13053.0,,,17.0,,17.0,
mz64odxfFPq,Lungalunga Sub County Hospital,11526.0,,,2.0,,2.0,
VuP1KLi79Bn,Lupida sub county hospital,15975.0,,,5.0,,5.0,
kODtFznDC4N,Lurare Dispensary,15976.0,,,1.0,,,
vlaFA7e0Boh,Lusheya Health Centre,15977.0,,,3.0,1.0,4.0,
AKhVrrqumM6,Lusigetti sub-county hospital,10666.0,,,4.0,3.0,7.0,
Z4h8itV1gpt,Lwala Community Hospital,13740.0,,2.0,21.0,,23.0,8.695652173913043
lkn5DPoeGjs,Lwala Kadawa Health Centre,17174.0,,,3.0,,3.0,
enFogPQF7aZ,Lwanda Awiti Health Center,16770.0,,,5.0,,5.0,
YFSNlKvGVDj,Lwanda Dispensary,13741.0,,1.0,9.0,1.0,11.0,9.090909090909092
UK55eWU12tC,Lwanda Gwassi Health Centre,13742.0,,,3.0,,3.0,
EhyrEz0u06R,Lwanda Kobita Health Center,20285.0,,,6.0,,6.0,
fCqYyRV7PKi,Lwandanyi Dispensary,15980.0,,,1.0,,1.0,
QPgGjJSA4pB,Lyanaginga Model Health Centre,15982.0,OFF MAHANGA-KERONGO ROARD,,,1.0,1.0,
PJpy4XMrHPm,Mabinju Dispensary,13743.0,level 2 facility in nyangoma division,,11.0,,11.0,
dkDsAHgijLc,Mabole Health Centre,17297.0,,,2.0,2.0,4.0,
aTrw18DrKW1,Mabusi Health Centre,15983.0,,,6.0,1.0,7.0,
BXOrXdOZoWE,Macalder Sub-County Hospital,13745.0,,,16.0,,16.0,
fG07wRWF4mw,Machakos Level 5 Hospital,12438.0,Near machakos town next to the bus station along machakos -wote road,,22.0,6.0,28.0,
AitdgAZ8GD5,Madende Model Health Centre,15985.0,,,3.0,,3.0,
NFVVCDVuAkk,Madiany Sub County  Hospital,13747.0,,,22.0,,22.0,
RELmuAM0tcj,Madunguni Dispensary,11534.0,,,,1.0,1.0,
hnveIA9HE5L,Magadi Hospital,15107.0,,1.0,1.0,,2.0,50.0
eZ1lHxSAjET,Magena Health Centre,13748.0,,,5.0,,5.0,
CSHDsXBlP7m,Magenche Health Centre,13749.0,,,2.0,,2.0,
gpUX2gUBsc9,Mageta Health Centre,13750.0,level 3 facility  in the island usigu division,,6.0,,6.0,
IsPfFl0jTyA,Magina Health Center,18430.0,Health Center,,4.0,1.0,5.0,
XfoCce2vn0n,Magina Health Centre,13751.0,,,8.0,,8.0,
sgK5aw8tN1y,Mago Care Health Centre,21115.0,Situated along Chavakali Kaimosi road adjacent to Mago polytechnic,,1.0,,1.0,
FcIvchcbwUH,Magombo Community Dispensary,17134.0,,,1.0,,1.0,
nrZfcIAiyRx,Magombo Health Centre,13752.0,,,1.0,,1.0,
ThT4PxgmYQL,Magongo (MCM) Dispensary,11538.0,,1.0,8.0,,9.0,11.11111111111111
vBqYUbQHTyR,Magunga Level IV Hospital,13753.0,,1.0,13.0,,14.0,7.142857142857142
fXf88nqZeKn,Magutuni Sub County Hospital,12445.0,,,5.0,,5.0,
t0zCVxe2wkB,Mahaya Health Centre (Rarieda),13757.0,,,7.0,,7.0,
D1MRmsEeJs8,Mai Mahiu Health Centre,15108.0,,,4.0,4.0,8.0,
fdUe86MgnlP,Maiela Health Centre,15106.0,,,2.0,,2.0,
dzOCj3AlCqe,Mailisaba Dispensary,20002.0,,1.0,,1.0,2.0,50.0
PuE4XHg3mFm,Maina Village Dispensary,10672.0,,,3.0,,3.0,
DsOK1u3aO6G,Mainga Health Centre,21208.0,,,2.0,,2.0,
qmZ0gpAyEdq,Makadara Hospital,13056.0,Along gogoo Road Opposite Hamza Makadara Railaw station,,20.0,4.0,24.0,
ENCv690Yryw,Makadara Mercy Sisters Dispensary,13057.0,,,10.0,,10.0,
MWWddpdCM6G,Makengi Dispensary (Embu),12453.0,,,1.0,,1.0,
BDrlSp3SHoq,Makhonge Health Centre,15990.0,,,4.0,,4.0,
NQrGfGGhV0g,Makindu Dispensary,13759.0,,,1.0,,1.0,
aA0u9LbIY9e,Makindu Sub County Hospital,12455.0,,,11.0,,11.0,
aQqBjPqT0jU,Makongeni Dispensary,18432.0,,,7.0,3.0,9.0,
Bhr4Rlyp4dt,Makongeni Level 4,19858.0,,1.0,4.0,,5.0,20.0
PkLRGRtOY62,Maktau Health Centre,11549.0,,,2.0,,2.0,
YgHyNJOU8hs,Makueni County Referral Hospital,12457.0,,,8.0,,8.0,
WHog7fSSmKt,Makunga Sub-County Hospital,15991.0,,1.0,4.0,3.0,8.0,12.5
OochC7lpTbO,Makutano Health Centre,15992.0,,,1.0,2.0,3.0,
ZHKA6zNeUk2,Makuyu Health Centre,10674.0,,,8.0,,8.0,
a0qvQ3FrCD8,Malaba Health center,15993.0,,,5.0,2.0,7.0,
sS7IzDF2Tm1,Malaha Dispensary,17150.0,,,1.0,,1.0,
HAD4hll0ALY,Malakisi Health Centre,15994.0,,,3.0,,3.0,
LG4e3brI9u7,Malanga Health Centre,13760.0,,,10.0,,10.0,
pxlVNltvIME,Malava County Hospital,15996.0,,,8.0,4.0,12.0,
J7EO2t0VKCs,Malela Level 4 Hospital,13761.0,,,4.0,,4.0,
qqhDXan6YY4,Maliera SDA Dispensary,20013.0,,,1.0,,1.0,
vzRh9ON9ZsM,Malindi Sub-County Hospital,11555.0,,,17.0,6.0,23.0,
CQFAYq3arhb,Mama Anns Odede Community Health Centre,18912.0,,1.0,3.0,,4.0,25.0
EmMu340uBVZ,Mama Lucy Kibaki Hospital (Embakasi),17411.0,,6.0,18.0,10.0,34.0,17.647058823529413
ZSjZcx0lxrz,Mama Plister Blair Health Centre,17121.0,,,17.0,,17.0,
O8cO0JfUo2l,Mambrui Dispensary,11559.0,,,2.0,,2.0,
S0pNUj8UTsw,Manda Dispensary,17681.0,,,1.0,,1.0,
jqrGlRD2MbV,Mandera County Refferal Hospital,13402.0,,,2.0,,2.0,
gO4F9cwk5WB,Manga Sub County Hospital,13766.0,,,2.0,,2.0,
KysFcG0IQYZ,Manunga Health Centre,10681.0,,,2.0,,2.0,
Jq3sWm3tMJy,Manyala Sub County Hospital,15999.0,,,7.0,2.0,9.0,
Nkbsp23UkM3,Manyatta (SDA) Dispensary,13769.0,,,6.0,1.0,7.0,
EZCHSlG09NE,Manyuanda Health Centre (Rarieda),13771.0,,1.0,14.0,,15.0,6.666666666666667
gzocEzWT73W,Manyuanda Sub county Hospital,13770.0,,,22.0,,22.0,
kKVNAgtxsgI,Marafa Sub County Hospital,11562.0,,,3.0,,3.0,
WMjR7Dtk7aj,Maragua Sub County Hospital,10686.0,,,16.0,2.0,18.0,
dsaHh6LxrRQ,Maram Health Center,16258.0,,,33.0,1.0,34.0,
Jm2yFzjQT78,Marenyo Health Centre,13773.0,,,10.0,,10.0,
xFk3GI5SCCl,Marereni Dispensary,11563.0,,,4.0,1.0,5.0,
TXorfZmnbmS,Maria Immaculate Hospital Lavington,13062.0,,,2.0,,2.0,
mITAGtWnWEK,Mariakani Sub County Hospital,11566.0,Along mombasa -Nairobi highway past Mazeras from Mombasa,,16.0,,16.0,
vgvLvqu6Xfc,Marigat Catholic Mission Hospital,15137.0,,,,1.0,1.0,
TGSQz8SdKu1,Marigat Sub County Referral Hospital,15138.0,,,4.0,,4.0,
tLVjdEE6IX2,Marimanti Sub County Hospital,12795.0,,,3.0,,3.0,
t0xZjkBr5NR,Marindi Sub County Hospital,13777.0,,,28.0,7.0,35.0,
gAKWWlzco2t,Maringo Clinic,13069.0,Operational,,,,4.0,
LGgFPRuWpws,Mariwa Health Centre,13778.0,,,7.0,,7.0,
FzCzyHnlX47,Marurui Health Centre,13071.0,,6.0,3.0,1.0,4.0,150.0
hMj9Y1CRfLV,Mary Help of The Sick Hospital,10698.0,,1.0,3.0,,4.0,25.0
gQOARcEQVeO,Mary Immaculate Hospital (Nyeri North),10700.0,,,2.0,,2.0,
sSoQItUt4xV,Masaba Hospital Kisumu,18414.0,,,2.0,1.0,3.0,
Kp2Kfseofdd,Masaba Sub-County  Hospital,13678.0,,1.0,6.0,2.0,9.0,11.11111111111111
ltcUO2beWif,Masala Dispensary,13780.0,,1.0,2.0,,3.0,33.33333333333333
iGeBkKapn5s,Masendebale Dispensary,17157.0,,,1.0,1.0,2.0,
gEEJqBQ2vqX,Maseno Mission Hospital,13781.0,,,15.0,,15.0,
PjStrCd2jns,Mashambani Health Centre,17111.0,,,1.0,,1.0,
RFhDgy6Fjq4,Mashuuru Sub County Hospital,15150.0,,,2.0,,2.0,
eVIeDQ3j9kW,Masii Health Centre,12475.0,,,6.0,,6.0,
dTKM4VbCSvA,Masimba Sub-County Hospital,13783.0,,,1.0,,1.0,
QicfgXP0eIq,Masinga Sub County Hospital,12476.0,,,1.0,1.0,2.0,
w8NTKsoCH8b,Masogo Dispensary (Gem),17518.0,,,3.0,,3.0,
lTByU1FuxtM,Masogo Health Centre,13784.0,,,5.0,,5.0,
FDrUcAP4Sn4,Masogo Sub County Hospital,13785.0,,,12.0,,12.0,
hwIHYJWkZ6t,Masongaleni Health Centre,12477.0,,,2.0,,2.0,
UVAVSmgmLgj,Masongo Dispensary,13786.0,,,1.0,,1.0,
eBEloHL6afC,Mata Dispensary (Taveta),11577.0,,,1.0,,1.0,
Ox532fak7j5,Matangwe Community Health Centre,13787.0,,,5.0,,5.0,
FXOdrZAa7bo,Matanya Dispensary,15152.0,,,11.0,,,
GSBiP2fM5zp,Matata Nursing Hospital,13789.0,,8.0,8.0,,16.0,50.0
Ki3E4GNuj27,Matayos Sub County Hospital,16004.0,,,6.0,4.0,8.0,
rxOzjXrbCkg,Matete Level 4 Hospital,16005.0,,,3.0,1.0,4.0,
QyiacDkIae3,Mathare 3A (EDARP),13075.0,,1.0,13.0,2.0,16.0,6.25
Ea0rQYGCbYx,Mathare North Hospital,13077.0,,1.0,27.0,1.0,29.0,3.4482758620689653
bT26O2JfFSB,Mathare Police Depot,13078.0,,1.0,,,,
YaNze2Y77ss,Mathari Hospital,13076.0,,,3.0,,3.0,
YdthQZVh45c,Matibabu Ukwala Clinic,17529.0,,,4.0,,4.0,
YBUNnyEh8fI,Matiliku Sub County Hospital,12485.0,,,1.0,1.0,2.0,
VdppIFvYta4,Matongo Health Centre,13790.0,,,7.0,,7.0,
bi747puqsrA,Matoso Health Clinic,13793.0,,,1.0,,1.0,
ttGIIqGqFOt,Matsangoni Model Health Centre,11580.0,,,4.0,,4.0,
ofrW88rUDJw,Matunda Sub County Hospital,16364.0,,,4.0,,4.0,
iuatmqJAf90,Matunda Sub County Hospital,16008.0,,,4.0,,4.0,
MdJ4Zb1k9o6,Matungu Sub County Hospital,16037.0,G.O.K,,8.0,2.0,10.0,
KKCH0q292Wz,Matungulu Health Centre,16439.0,,1.0,2.0,,3.0,33.33333333333333
ilI3ROaTEuf,Maturu Dispensary,16009.0,,,,4.0,4.0,
ZYwmqGDRgY5,Matuu Level 4 Hospital,12488.0,,1.0,14.0,,15.0,6.666666666666667
evV553fu7J8,Matuu Mission Health Centre,12489.0,,,1.0,3.0,4.0,
FJLwPzKpxiy,Mau Narok Health Centre,15156.0,,,2.0,6.0,8.0,
pnELrefcHxQ,Maua Methodist Hospital,12492.0,,,17.0,5.0,22.0,
s7kF3iHFhmi,Mautuma Sub County Hospital,16010.0,,1.0,4.0,1.0,6.0,16.666666666666664
N41yfPxtAlL,Mavivye Model Health Centre,17256.0,,,3.0,,3.0,
bHv5fWNPV64,Mavoko Level 4 Hospital,11936.0,,,18.0,7.0,25.0,
q2YkoU00i0A,Mawere Dispensary,13796.0,in maranda Division. Near the boarder of Siaya and Bondo,,2.0,,2.0,
Lmx5JKQupiP,Mayanja Dispensary,16489.0,,,4.0,1.0,5.0,
JtllB0zMEYx,Mayenje Dispensary,21042.0,,,1.0,1.0,2.0,
pnHduTXb4hB,Mazeras Health centre,11585.0,,,2.0,,2.0,
HG5fUsbdzk6,Mbaga Health Centre,13797.0,,,7.0,,7.0,
mu9d9jNXA6Y,Mbagathi County Referral Hospital,13080.0,,,18.0,5.0,23.0,
DbCCiO4AXdh,Mbale Rural Health Training Centre,16012.0,SITUATED OPPOSITE MUNG'OMA CHEMIST,1.0,7.0,1.0,10.0,10.0
Kr5Vxuz1yLl,Mbeere Sub-County Hospital,16467.0,Public Hospital situated in Siakago Town,,1.0,,1.0,
LNxAuLQveoD,Mbenuu H Centre,12499.0,,,1.0,,1.0,
QGDYhPfwBWt,Mbeu Sub-District Hospital,12500.0,,,1.0,,1.0,
x8kNXLmgEDu,Mbitini Health Centre,12521.0,,,6.0,,6.0,
V0TLwliVcEl,Mbiuni Health Centre,12503.0,,,1.0,,1.0,
pCUabLDKcQM,Mbooni Sub County Hospital,12508.0,,,6.0,,6.0,
hJ2Hv8MfMKI,Mbungoni Catholic Dispensary (CBHC),18043.0,,,12.0,4.0,16.0,
DkqZGBy1IPy,Mbuta Model Health Centre,11592.0,,,1.0,1.0,2.0,
C5PLq7spOnB,Mechimeru Model Health Center,16014.0,,,2.0,,2.0,
WNMTHpw5zHA,Med 25 International Kenya,17690.0,,,6.0,6.0,12.0,
oJcCDwp7HnM,Megwara Dispensary,15168.0,,,4.0,,4.0,
R0DV22i3suI,Melwa Health Centre,15170.0,,,2.0,,2.0,
iuldhpF2IHo,Menengai Dispensary,20138.0,,,3.0,,3.0,
dcnhTpMFSDo,Mercy Hospital,15174.0,,2.0,2.0,,4.0,50.0
SZSRCK3TjZN,Merewet Dispensary,15177.0,,,1.0,,1.0,
aL5ylUzJokH,Merigi Health Centre,15178.0,,,6.0,,6.0,
uwvOG2N2Cmt,Meru Teaching And Referral Hospital,12516.0,,1.0,25.0,5.0,31.0,3.225806451612903
h3ZRAclZqK8,Meteitei Sub-District Hospital,15181.0,Sub-County Hospital,1.0,3.0,3.0,5.0,20.0
Hu1BwBlNLr6,Metropolitan Hospital Nairobi,13090.0,,,4.0,,4.0,
r1TbCZwi10y,Mewa Hospital,11600.0,,,1.0,,1.0,
ZSphtl0DYFq,Miambani Health Centre,12519.0,,,1.0,2.0,3.0,
pP9chFqKMHb,Miathene District Hospital,16234.0,,1.0,,1.0,2.0,50.0
UlOy160zonh,Midida Dispensary,17342.0,,,5.0,3.0,8.0,
q3Hiw70svzH,Midoti Dispensary,13804.0,situated in Suba East Division and its  a GOK Facility,,5.0,,5.0,
dOTpdQwrYeN,Migori County Referral Hospital,13805.0,Situated in Suba Central and its a GOK Facilily,,35.0,10.0,45.0,
zZdbrp6Tyiv,Migosi Sub County Hospital,13807.0,Facility upgraded from Health Center to Sub County Hospital,,26.0,5.0,31.0,
Mi0pnaEXWh2,Migwani Sub County Hospital,12523.0,,,7.0,,7.0,
PoGRaH97BVF,Mihuu Dispensary,16016.0,,,1.0,1.0,2.0,
Zbiixb1PWrk,Mikindani (MCM) Dispensary,11613.0,,1.0,4.0,2.0,5.0,20.0
FdzyWE8bSST,Mikindani Catholic Dispensary,11614.0,,,12.0,,12.0,
jobx0qAOpoC,Mikinduri Sub-District Hospial,12525.0,,,4.0,,4.0,
fkW2AtRyW2I,Mikumbune Sub-District Hospital,12526.0,,1.0,,1.0,2.0,50.0
kPQ0eHv8sXA,Milo Health Centre,16018.0,,,1.0,,1.0,
Myq1ZTOEgEg,Miluki Dispensary,16019.0,,,2.0,,2.0,
PIXoJMTOosr,Mindhine Dispensary,13803.0,,,2.0,1.0,3.0,
bMTnmUmmVzc,Miniambo Health Centre,16766.0,,1.0,12.0,,13.0,7.6923076923076925
RuVa3z3qxpv,Minyenya Health Centre,13809.0,,,3.0,,3.0,
ibwx3O2yztO,Miranga Sub County Hospital,13810.0,,2.0,8.0,6.0,16.0,12.5
ClfJQm3Docv,Mirangine Health Centre,10732.0,,,,1.0,1.0,
wTvF9os0GY9,Mirere Health Centre,17931.0,,,1.0,,1.0,
WF04P1pRp2f,Miritini CDF Health Centre,11620.0,,,6.0,2.0,8.0,
DJbGPQhE93o,Miriu Health Centre,13812.0,,1.0,21.0,,22.0,4.545454545454546
FL59pgqDXol,Mirogi Health Centre,13813.0,,1.0,25.0,,26.0,3.8461538461538463
h01C8P5M7cJ,Mirugi Kariuki Sub County Hospital,15188.0,,,3.0,1.0,4.0,
T6kjXKie5KZ,Misesi Sub County Hospital,13814.0,,,2.0,,2.0,
ttjlT9tfGCj,Misori Dispensary,13815.0,,,5.0,,5.0,
WK5p6zkEhfX,Mitaboni Health Centre,12530.0,,,4.0,2.0,6.0,
I4rhKKyqMjo,Mitume Dispensary,18752.0,,,1.0,,1.0,
Z5NeINoTgxS,Miwani Health Centre,13816.0,,,3.0,,3.0,
THNDq8DTAhT,Mkongani Health Centre,11629.0,,,1.0,,1.0,
ebxBpxNXZP1,Mlaleo CDF Health Centre,18210.0,,,11.0,,11.0,
JLycfrnh9yB,Mlaleo Medical Clinic,11634.0,,,10.0,,10.0,
oFxoGR6nj0P,Mlolongo Health Centre,18581.0,,1.0,8.0,1.0,10.0,10.0
U5xbK4LZeYP,Mnara Dispensary,13817.0,,,,1.0,1.0,
hU0HsTvk8eo,Mochongoi Health Centre,15192.0,,,,4.0,4.0,
oXSYWYUv3SN,Modambogho Dispensary,17126.0,,,2.0,,2.0,
O2EIvcf2efM,Mogogosiek Health Centre,15195.0,Health Centre,,6.0,1.0,6.0,
sDgMJ46sG5P,Mogori-Komasimo Health Centre,16721.0,,,2.0,1.0,3.0,
Dh04YKYYrWd,Mogotio Sub County Hospital (Baringo),20005.0,,1.0,,,1.0,100.0
guF7zg2Bdcy,Moi County Referral Hospital (Voi),11641.0,,,9.0,2.0,11.0,
I3B5p98nl4j,Moi Ndabi Dispensary,15203.0,,,1.0,,1.0,
R4pTsCSueeh,Moi Teaching Refferal Hospital,15204.0,,,47.0,14.0,61.0,
cxqZPcA0nwV,Moi's Bridge Health Centre,15209.0,,1.0,7.0,6.0,10.0,10.0
M7BDO72aXZy,Moiben Health Centre,15206.0,,,5.0,,5.0,
IbIpYe5FyiE,Mokomoni Health Centre,13820.0,,,1.0,,1.0,
cSzox9dcQlU,Molo Sub County Hospital,15212.0,,,15.0,8.0,23.0,
qXXmA7kcfgg,Momoniat Health Centre,15219.0,,,3.0,1.0,4.0,
FNIEbT5nfml,Mongorisi Health Centre,16982.0,,,1.0,,1.0,
Vddks98p1ro,Monianku Health Centre,13821.0,,,1.0,,1.0,
vi6T7toguA4,Mosiro Health Centre (Kajiado West),15226.0,,,,2.0,2.0,
VBjJasa8Ln3,Mosocho Market Dispensary,20114.0,,,3.0,,3.0,
uBH5mlmn9vz,Mosoriot Sub County Hospital,15229.0,,,16.0,,16.0,
Kj2rML8tFk2,Mother Angela Huruma Hospital,14553.0,,,4.0,1.0,5.0,
mz4h1YkqvAc,Mother Franciscan Mission Health Centre,15231.0,,,3.0,2.0,5.0,
V5geBYzVbgD,Mother Kevin Hospital (Catholic),15232.0,,,7.0,,7.0,
vn36KyrP17l,Moticho Health Centre,13825.0,,,5.0,,5.0,
xWXdDXkBeiy,Mowlem Health Centre,24272.0,,2.0,7.0,,7.0,28.57142857142857
Wftkk5ibasq,Mpinzinyi Health Centre,11650.0,,1.0,,,1.0,100.0
musLWYtdRpQ,Mrima Maternity Hospital,19606.0,,1.0,10.0,3.0,14.0,7.142857142857142
nUFNIok7EwF,Msambweni County Referral Hospital,11655.0,,,5.0,1.0,6.0,
US2758TQo9n,Mt Elgon National Park Dispensary,15240.0,,,1.0,1.0,1.0,
x0iSqHsozPd,Mt Elgon Sub County Hospital,16025.0,,,6.0,,6.0,
EjGDFOdiRTy,Mt Kenya (ACK) Hospital,10738.0,,,3.0,,3.0,
mdMk0zMyY5Y,Mt Kenya Sub County Hospital,10739.0,District Hospital,,8.0,,8.0,
UuRk6DvdifM,Mtito Andei Sub County Hospital,12547.0,,,4.0,,4.0,
jCgLoLmPlKC,Mtongwe Dispensary,11669.0,,,5.0,2.0,7.0,
xO3P9qyihvm,Mtwapa Nursing Home,11673.0,,,,1.0,1.0,
g93vSYftyjR,Mtwapa Sub County Hospital,11672.0,,1.0,18.0,9.0,28.0,3.571428571428571
UptqVvZaPxr,Mugomari Dispensary,17597.0,,,2.0,,2.0,
Qvul0TKYFSw,Muhaka Health Centre,16027.0,,,6.0,1.0,7.0,
p1xtagfLUyQ,Muhoroni County Hospital,13831.0,,,5.0,2.0,7.0,
cLo2mMOlSkq,Muhuru Sub-County Hospital,13833.0,,,11.0,8.0,19.0,
G4fYKBYErXO,Mukhobola Health Centre,16029.0,,,12.0,1.0,13.0,
tENZF6BO4Q7,Mukumu Hospital,16030.0,,,7.0,2.0,9.0,
a7wnPPpUHuA,Mukunike Health Centre,16435.0,,,1.0,,1.0,
Fc0JkHQA1og,Mukuru Health Centre,18463.0,,,21.0,2.0,23.0,
l2TrhYBtbC8,Mukuru Mmm Clinic,13101.0,,,7.0,4.0,11.0,
hBqir19pkDS,Mukurweini Sub-county Hospital,10763.0,,1.0,10.0,3.0,14.0,7.142857142857142
z9FKHisHLl1,Mukuyu Dispensary,16031.0,,,4.0,,4.0,
UpaNvtGWEZi,Mukuyuni Health Centre,28609.0,,,2.0,,2.0,
ZMBAIXYo4VE,Mukuyuni Sub County Hospital,12565.0,,,1.0,,1.0,
swdibQaVyEC,Mulaha Dispensary,13834.0,,,11.0,,11.0,
dLQjsqOgttT,Mulango (AIC) Health Centre,12566.0,,,1.0,,1.0,
xWpiITvlGmC,Mulutu Mission Dispensary,12569.0,,,1.0,,1.0,
KWE4k0FdpyQ,Mulwanda Health Centre,16033.0,,,1.0,,1.0,
gZJrIrVhQiq,Mumbuini Dispensary,10766.0,"off Embu/Nairobi road, past Murinduko health centre",,2.0,,2.0,
pyNcZj1SiiO,Mumias Model Health Centre,16035.0,,,5.0,,5.0,
O5OayPfeVWC,Mundika Nursing Home,20062.0,,1.0,4.0,8.0,13.0,7.6923076923076925
Xcn5Q2e73rw,Mundobelwa Health Centre,20516.0,,,3.0,,3.0,
Sl09BVeTcZl,Mundoli Health Centre,16040.0,,,1.0,,1.0,
eFmuvjEF89U,Mung'ang'a Health centre,16041.0,,,,1.0,1.0,
yBE1qjhnu5Q,Mung'ung'u Dispensary,16042.0,,,,1.0,1.0,
QwqmynrcOV7,Munyu Health Centre,10774.0,,,2.0,2.0,4.0,
Tf9HS4ZXH3Z,Mur Malanga Dispensary,17523.0,,,3.0,,3.0,
A19e0CHhTj3,Murang'a County Refferal Hospital,10777.0,,,18.0,5.0,19.0,
faNJdzJAvKw,Mureru Dispensary,10780.0,,,1.0,,1.0,
JPl6BiRGUjp,Murungaru Health Centre,10786.0,,,4.0,,4.0,
HLBR8Fm8NHq,Musembe Dispensary,16865.0,,,2.0,,2.0,
cFRuOTWF3ur,Musembe Dispensary (Lugari),16051.0,,,1.0,1.0,2.0,
Ve2zZoZ9dvj,Muthale Mission Hospital,12587.0,off Kitui-Kabati-Mwingi road North East of Tulia town,1.0,2.0,,3.0,33.33333333333333
iLfGXM4vg6l,Muthambi Health Centre,12589.0,,,3.0,2.0,5.0,
ELHafKamFIR,Muthara Sub-District Hospital,12591.0,,,2.0,2.0,4.0,
ySJxoRMN3tm,Muthetheni Health Centre,12593.0,,,1.0,,1.0,
kv6VZcAEqRF,Mutithi Health Centre,10798.0,,,7.0,,7.0,
gKXNQonSJV4,Mutituni  Level 4 Hospital,12602.0,,1.0,10.0,,11.0,9.090909090909092
qEsCuWc2eMM,Mutuati Sub Couty Hospital,12605.0,,1.0,8.0,1.0,10.0,10.0
faEkuP9l1mp,Mutyambua Sub County Hospital,12610.0,,,1.0,,1.0,
i091Ei10XBM,Muyeye Health Centre (Municipal),11677.0,Old Municipal Clinic,,11.0,1.0,12.0,
SkwAFqB5xbI,Mvita Health Centre,11679.0,,,1.0,,1.0,
Ukppsz4Mj3M,Mwala Subcounty Hospital,12618.0,,,2.0,2.0,4.0,
eVzFQKlvAjO,Mwashuma Dispensary (CDF),16554.0,,,1.0,1.0,2.0,
fcY1fkS6bL1,Mwatate Sub-District Hospital,11695.0,,,4.0,1.0,5.0,
cfROZdjYJFC,Mweiga Health Centre,10809.0,,,3.0,,3.0,
R9fTJQSUjAc,Mwer Dispensary,16788.0,,,6.0,,6.0,
cSJA4hwmlLm,Mwihila Mission Hospital,16058.0,,,2.0,,2.0,
VFkTXLKIbBT,Mwikalikha Health Centre,17410.0,,,1.0,,1.0,
ClVMQmETF4u,Mwingi Level IV Hospital,12626.0,,1.0,12.0,,13.0,7.6923076923076925
eEVi7Ji3nke,Mwongori Dispensary,13836.0,,,3.0,,3.0,
uj2UMJenimd,Nabongo Dispensary,16059.0,,1.0,5.0,1.0,7.0,14.285714285714285
QY0YH92HfWO,Nairagie Enkare Sub-County Hospital,15277.0,,1.0,1.0,,2.0,50.0
BtD2riFtR1r,Nairobi Remand Prison Health Centre,13161.0,Dispensary,,3.0,,3.0,
fuHWUdVeIZl,Naisoya Dispensary,15279.0,,,1.0,,1.0,
FhqUs6aRJoX,Naitiri Sub-County Hospital,16061.0,,,10.0,4.0,14.0,
m6ITwjXu5J5,Naivasha (AIC) Medical Centre,15282.0,,,12.0,,12.0,
RU2jRqYCp2E,Naivasha District Hospital,15280.0,,1.0,36.0,5.0,42.0,2.380952380952381
rwmAZ2gLzS7,Naivasha GK Prison Annex Dispensary,14516.0,,,1.0,,1.0,
OCkGCPhF8Gs,Nakuru Provincial General Hospital,15288.0,At Hospital road,,34.0,22.0,56.0,
tlcvZ4jzPwM,Nakuru West (PCEA) Health Centre,15290.0,,,1.0,,1.0,
DIvySewPpEf,Nakuru West Health Centre,15365.0,,1.0,6.0,1.0,8.0,12.5
gvplllzYFPk,Nakwamoru Health Centre,15292.0,,,2.0,,2.0,
DIonv0JYDFH,Nala Maternity and Nursing Home,16062.0,,,2.0,,2.0,
Gs3YhBmcHwO,Nalondo Health Centre (Model),17117.0,,,1.0,,1.0,
bm0xjIsElOx,Namagara Dispensary,16064.0,,,4.0,2.0,6.0,
T8ykBEN4kyI,Namanga Health Centre,15294.0,,1.0,3.0,1.0,4.0,25.0
Bq8H9szTsYf,Namanjalala Dispensary,17994.0,,,,1.0,1.0,
z6NaFzIMBFT,Namasoli Health Centre,16065.0,,,3.0,,3.0,
SPfT81d1gVx,Namba Kodero Dispensary,16273.0,,,9.0,,9.0,
wwBB7XKIgr8,Nambale Sub County Hospital,16066.0,,,11.0,,11.0,
G8avY4Gzra8,Namboboto Dispensary,16067.0,,,1.0,,1.0,
vpcUN6fhhfX,Nambuku Model Health Centre,16068.0,,,3.0,5.0,8.0,
Nq0dWw681Qs,Namelok Health Centre,15296.0,,,2.0,,2.0,
NaNOAO9vdQF,Namirama Dispensary,17178.0,dispensary,,,1.0,1.0,
q7a1TH1APLe,Namuduru Dispensary,16069.0,,,2.0,,2.0,
DwUrEH0QR9t,Namukuse Dispensary,15301.0,,,2.0,,2.0,
s10bI57eZ6v,Namulungu Dispensary,16070.0,,,1.0,,1.0,
Ru5RPDkbVTR,Namusala Dispensary,21059.0,,,1.0,,1.0,
FVZSGQeGAWy,Nandarasi Dispensary,10820.0,,,1.0,,1.0,
ucpxRXJhTuE,Nandi Hills County Hospital,14179.0,In Nandi Hills town,,7.0,,4.0,
EGS0saGNDoS,Nangina Dispensary,16072.0,,,7.0,,7.0,
wZYYhq8qsZ0,Nanyuki Teaching and Referral Hospital,15305.0,,1.0,6.0,8.0,15.0,6.666666666666667
eUG9sXdwHag,Narok County Referral Hospital,15311.0,,1.0,16.0,8.0,25.0,4.0
gz6H3xfyKgn,Naromoru Level 4 Hospital,10822.0,,,1.0,,1.0,
PpgMAHSg9Oq,Nasewa Health Centre,16074.0,,,3.0,,3.0,
MWcwkURjOjR,Nasira Dispensary,19887.0,,,2.0,,2.0,
Vl9yeiqpaUd,Nasusi Dispensary,16076.0,,,1.0,,1.0,
Rvu6KPuh0ci,National Youth Service Hq Dispensary (Ruaraka),13130.0,,,2.0,,2.0,
MPbxqvaEWLa,Navakholo Sub County Hospital,16078.0,hospital,1.0,5.0,3.0,9.0,11.11111111111111
NxtPmGX4kQD,Naya Health Centre,13837.0,,,15.0,,15.0,
RG4eEDBQ8tm,Nazareth Hospital,10825.0,,1.0,12.0,1.0,14.0,7.142857142857142
GmnUAmcCmsV,Nazareth Hospital (Ruiru),17490.0,,,4.0,,4.0,
ohJAsPklBdW,Ndabibi Dispensary,15318.0,,,2.0,2.0,4.0,
YipErGJiLow,Ndalu Health Centre,16079.0,,,5.0,1.0,6.0,
nltKVAqijoC,Ndanai Sub County Hospital,15322.0,,,7.0,,7.0,
uAmB8MLWUbq,Ndaragwa Health Centre,10829.0,,,4.0,2.0,6.0,
kIkn9YIz4Qj,Ndeda Dispensary,13839.0,Island in nyangoma Division,,4.0,,4.0,
ZqF7NG3gANx,Ndeiya Health Centre,10831.0,,1.0,1.0,,2.0,50.0
uECirbmK3vj,Ndemi Health Centre,10832.0,,,2.0,,2.0,
BTkvpaSEq55,Ndere Health Centre,13840.0,,,3.0,,3.0,
XYDcUKlknf5,Ndhiwa Sub County Hospital,13841.0,,,23.0,,23.0,
PMaCD9epy9o,Ndhuru Health Centre,13842.0,,,2.0,,2.0,
DoHbN85NkUa,Ndindika Health Centre,15325.0,,,4.0,,4.0,
gqskItE0Gka,Ndiru Level 4 Hospital,13843.0,,,10.0,,10.0,
oGlCWuv7jU7,Ndisi Health Center,16771.0,,,5.0,1.0,6.0,
JdqOvfWtH49,Ndiwa Dispensary,13844.0,,,6.0,1.0,7.0,
QYhKgi9NMUr,Ndori Health Centre,13845.0,,,18.0,,18.0,
DUoMcSbpU37,Ndovu Health Centre,11705.0,,,6.0,2.0,8.0,
h0a0zgZUPlq,Nduga Health Centre,19868.0,,,1.0,,1.0,
GBhUzlGBAgx,Nduru Dispensary,16787.0,,,4.0,,4.0,
VNthlMGjt7T,Nduru Kadero Health Centre,13848.0,,,,1.0,1.0,
AfrL9Cw3W2v,Nduru Sub County Referral Hospital,13847.0,,,4.0,,4.0,
hWr7kmALfeT,Neissuit Dispensary,15331.0,,,1.0,,1.0,
mZq9BpNMPFG,Nembure Health Centre,12642.0,,2.0,5.0,,7.0,28.57142857142857
kKYdOJ0uRod,New Mawingu Health Centre,10851.0,,,,1.0,,
wY8b3t2QsEL,Ng'Iya Health Centre,13852.0,,,9.0,2.0,11.0,
B8Y8xuk4MFf,Ng'ong'a Dispensary,17052.0,,,5.0,,5.0,
CDd0j0WKbeJ,Ngaira Rhodes Dispensary,13121.0,Dispensary,,1.0,,1.0,
GuFAWSVAJtr,Ngalasia Dispensary,16081.0,,,1.0,,1.0,
yeGUcHoOF0W,Ngano Health Centre,10856.0,,,2.0,3.0,5.0,
HUsIFF3CxlZ,Ngara Health Centre (City Council of Nairobi),13122.0,Health Centre,,8.0,1.0,9.0,
r874ehM9tS8,Ngarua Health Centre,15339.0,,,3.0,,3.0,
pGJgEAZ6DkV,Ngegu Health Centre,13849.0,,,9.0,,9.0,
zJh1VaiwSDZ,Ngelel Tarit Dispensary,17829.0,,,6.0,,6.0,
x34xUVEFge4,Ngenda Health Centre,10864.0,,,3.0,1.0,4.0,
leXuCmyYwWX,Ngere Health Centre,13850.0,,,6.0,1.0,7.0,
YZyIlJ1KHHA,Ngeta Health Centre,20168.0,Dispensary,,1.0,,1.0,
dsbD2Xdq2Zg,Ngewa Health Centre,10865.0,,2.0,4.0,,6.0,33.33333333333333
XWycxNbm28F,Ngodhe Dispensary,13853.0,,,6.0,,6.0,
fhUqSZR2MaN,Ngoliba Health Centre,10869.0,,,4.0,1.0,4.0,
sk9ycClAxDu,Ngomeni Health Centre,12654.0,,,2.0,1.0,3.0,
peOeXgYmRoo,Ngong Road Dispensary,13123.0,,,2.0,,2.0,
WzIfzN4cqMu,Ngong Sub-County Hospital,15351.0,,,20.0,3.0,22.0,
JpOeRsaZHoG,Ngorika health centre,10871.0,,,,1.0,1.0,
HIEF04AulGc,Ngorongo Health Centre,10872.0,Ministry of Health,,1.0,,1.0,
mYCbfDe5PSK,Nguku Health Center,13855.0,,,,11.0,11.0,
O5xsvwvsy27,Nguluni Health Centre,12657.0,,,12.0,3.0,15.0,
Hk4RzoagEQy,Nguni Health Centre,12658.0,,,10.0,3.0,13.0,
M3drLV2Qeob,Ngwata Health Centre,12663.0,,,4.0,,5.0,
E4jVwDn9VtO,Nightingale Medical Centre,13856.0,,,5.0,1.0,6.0,
DbOdUfzRcBN,Njabini Catholic Dispensary,17560.0,,,3.0,,3.0,
JWdMKPTg0HL,Njabini Health Centre,10878.0,,,5.0,,5.0,
A1LHwsmDMUX,Njiru (EDARP) Clinic,17548.0,,,7.0,3.0,10.0,
qvpYnC3UQ7z,Njiru Hospital,13126.0,,1.0,24.0,1.0,26.0,3.8461538461538463
pLq3t6aiqUC,Njoro Subcounty Hospital,15358.0,,,22.0,2.0,24.0,
gCRidS1x9ty,North Kinangop Catholic Hospital,10887.0,,,11.0,3.0,14.0,
SezKPZmA70j,North-Lake Rocco Medical Centre,15489.0,,,1.0,,1.0,
qzp1rXyNKFL,Nthongoni Sub County Hospital,12676.0,,,,4.0,3.0,
xt2lltkTLza,Ntimaru Sub County Hospital,13858.0,,,2.0,,4.0,
yHbqGh3xWsy,Nyabiosi Health Centre,16880.0,,,3.0,,3.0,
UA0iSIHHIpp,Nyabioto Dispensary,16423.0,,,3.0,,3.0,
T4fYNeKF5gb,Nyabondo Mission Hospital,13864.0,,,19.0,,19.0,
vGsSZnuccgd,Nyache Health Centre,11720.0,,,1.0,,1.0,
difHM52kujJ,Nyacheki Sub County Hospital,13867.0,,,4.0,,4.0,
nKDcsLqOt81,Nyadhi Dispensary,17535.0,,,2.0,,2.0,
q1fSSC4w9pO,Nyagancha Dispensary,16266.0,,,1.0,,1.0,
UKLTU9SVDp3,Nyagoko Dispensary,13874.0,,,7.0,,7.0,
HIEDhEPPVCE,Nyagoro Health Centre,13875.0,,,4.0,,4.0,
Sl1MkMfCluS,Nyagoto Health Centre,13876.0,,,1.0,,1.0,
NETZipsOma4,Nyaguda Health Center,13877.0,upgraded to serve as Health Center,,9.0,,9.0,
jO55LWzNxCv,Nyahera Sub County Hospital,13880.0,,1.0,19.0,,20.0,5.0
dAPS3WNKy1K,Nyahururu District Hospital,10890.0,,,9.0,,9.0,
zdklzerrVxH,Nyakach (AIC) Dispensary,13881.0,,1.0,5.0,,6.0,16.666666666666664
ffLvCT7DuPc,Nyakach County Hospital,13921.0,,,3.0,,3.0,
D3gE54sbiH8,Nyakiambi Dispensary,15370.0,,,1.0,,1.0,
J3865NY4ur6,Nyakongo health Centre,13884.0,Dispensary,,10.0,,10.0,
WlgH5Q5Y6kZ,Nyakuru Dispensary,13885.0,,,9.0,4.0,13.0,
uMzpY2vfUnF,Nyalenda Health Centre,13887.0,,,8.0,,8.0,
H2Cpb3vTyOe,Nyalgosi Health Centre,13889.0,,1.0,3.0,,4.0,25.0
wUU4WZrUUgK,Nyalkinyi Health Centre,16986.0,,,1.0,,1.0,
bSJkg11sPh7,Nyalunya Health Centre,13890.0,,,11.0,,11.0,
gXJXJvMm9Jg,Nyamache Sub County Referral Hospital,13891.0,,,3.0,,3.0,
kNz883gc5n8,Nyamagundo sub county hospital,13892.0,,,2.0,,2.0,
o8IOlvEXsMe,Nyamaiya Health Centre,13894.0,,,4.0,1.0,5.0,
BEJwbly8xZS,Nyamamithi Dispensary,15372.0,,,3.0,,3.0,
UMheUvXia9d,Nyamanga Dispensary (Nyatike),13896.0,,,3.0,,3.0,
NDFVW6VFCnE,Nyamaraga Sub County Hospital,13897.0,Situated in Suba West division and its a GOK Facility,,9.0,3.0,9.0,
jYceYXy2rBf,Nyamarimba Sub County Hospital,13899.0,,,2.0,,2.0,
pJP2SYBe0bB,Nyamasare Dispensary,13900.0,,,7.0,,7.0,
AvzELEbLhhW,Nyamasi Health Centre,13902.0,,,2.0,,2.0,
q0HFYe46rHe,Nyambare Health Centre,13904.0,,,4.0,,4.0,
KCKQZfmxuKS,Nyambene Sub County Hospital,12684.0,,1.0,18.0,1.0,20.0,5.0
hKvUlAHlVJx,Nyamira County Referral Hospital,13912.0,,,12.0,3.0,15.0,
Fb6QnAUP1Gf,Nyamonye Mission Dispensary,13914.0,is a Catholic dispensary in Usigu Division,,9.0,,9.0,
ag64ujDJHs6,Nyanchwa Adventist Hospital,13918.0,,,4.0,3.0,7.0,
mvhjOGeHZbK,Nyandago Koweru Dispensary,13919.0,,,10.0,2.0,12.0,
okma2mhy9sc,Nyandiwa Level IV Hospital,13920.0,,,21.0,,21.0,
C3hcs594UwF,Nyang'oma Mission Health Centre,13929.0,In Nyangoma Division.,,11.0,,11.0,
Fiw6j6VJOPf,Nyang'oma Sub County Hospital,13928.0,,,21.0,,21.0,
bNpQPT4CPfW,Nyangajo health Centre,20172.0,Dispensary,,18.0,1.0,19.0,
gdjJjF3h8HT,Nyangande Sub County Hospital,13923.0,,,24.0,,24.0,
c1b5UpHXXU7,Nyangena Hospital,13925.0,,,4.0,,4.0,
UvpDlU8kdC9,Nyangiela Sub County Hospital,13926.0,,,16.0,3.0,19.0,
WggQjuiAZV8,Nyangu Dispensary,13930.0,,,8.0,,8.0,
OymqGMFUQan,Nyansakia Health Centre,13933.0,,1.0,,,1.0,100.0
vlWTrWMtRy1,Nyaoga Health Centre,16876.0,,,8.0,3.0,11.0,
PLczdqs5KKm,Nyaporo Dispensary,17082.0,,,,2.0,2.0,
sAMKlirWAu6,Nyarongi Dispensary,13940.0,Situated in Suba Central and its a GOK Facilily,,5.0,1.0,6.0,
JndRLlEOlBD,Nyathengo Dispensary,13944.0,,,3.0,,3.0,
VsubFRDKyLR,Nyathuna Level 4 Hospital,10895.0,,,1.0,,1.0,
MTG9Ipne1mz,Nyatike Health Centre,13945.0,,1.0,1.0,1.0,3.0,33.33333333333333
Uma5NXphDL5,Nyawango Health Centre,18051.0,,2.0,1.0,,3.0,66.66666666666666
Oy12OVa3NVS,Nyawara Health Centre,13947.0,,,8.0,,8.0,
JjIbDDg4pZ6,Nyawawa Health Centre,19863.0,,,1.0,,1.0,
cKbuV6z4EJ9,Nyawita Health Centre,19864.0,,,2.0,2.0,4.0,
dSXVo1RmpPp,Nyenye Misori Dispensary,13948.0,NEAR UHANYA BEACH IN USIGU DIVISION,,7.0,,7.0,
e8KbBUYLOqY,Nyeri Provincial General Hospital (PGH),10903.0,,,17.0,,17.0,
EddKiEXCXSD,Nyeri Town Health Centre,10905.0,,,10.0,4.0,14.0,
CmRdI5qiyot,Nziu Health Centre,12693.0,,,3.0,,3.0,
wCYNSByDP30,Nzoia Matete Dispensary,16086.0,,1.0,1.0,,2.0,50.0
Pkek2ZB6Gt3,Nzoia Sugar Dispensary,16085.0,,,2.0,,2.0,
NymjRjDIu9W,Obalwanda Health Centre,13950.0,,,3.0,,3.0,
mifeiXAkWps,Ober Kabuoch Health Center,13952.0,,,11.0,,11.0,
JVl5vd8v985,Ober Kamoth Sub County Hospital,13954.0,,,12.0,,12.0,
vtSyjpamKrj,Ober Level 4 Hospital,13953.0,,,4.0,,4.0,
sxMelmjaLmt,Oboch Dispensary,13955.0,,1.0,5.0,,6.0,16.666666666666664
sjhSrlzV4w6,Obumba Health Centre,13956.0,,,1.0,,1.0,
VBp82lP8VqD,Obunga Health Centre,13957.0,,,1.0,2.0,3.0,
rpUTHHEQGUC,Obuya Health Centre,19866.0,,,6.0,,6.0,
FBo2ApNsBge,Obwanda Health Centre,13958.0,,,3.0,,3.0,
EzccfHE7VSe,Obware Dispensary,20568.0,,,5.0,,5.0,
RPdnWtp0vRd,Ochuna Dispensary,13959.0,,,5.0,,5.0,
OnMW8Kn4YDf,Ogada Health Centre,13960.0,Situated in Suba West and a its FBO Health Centre.,,5.0,1.0,6.0,
JRvC1h1WCBh,Ogam Dispensary,13961.0,IN USIGU DIVISION,,4.0,,4.0,
pnLsN07Qaut,Ogande Dispensary,13962.0,,,9.0,1.0,10.0,
LYauDwfdLGf,Ogen Dispensary,13965.0,,,3.0,,3.0,
JNXlOJYD4Z2,Ogongo Level 4 Hospital,13967.0,,,15.0,1.0,16.0,
Q5GF0n7TnBZ,Ogra Health Centre,13968.0,,,18.0,,18.0,
Oh2bAGRnSwV,Ogwedhi Health Centre,13969.0,situated in Suba East Division and its  a GOK Facility,,5.0,,5.0,
xSUP8uKu35W,Ojola Sub County Hospital,13971.0,,,9.0,3.0,12.0,
l5KKveuX5KY,Ojwando Health Centre,20152.0,,7.0,12.0,,19.0,36.84210526315789
BPUDPYELno3,Okiki Amayo Health Centre,13972.0,,,3.0,,3.0,
Ma6T0CLHZnh,Okok Health Center,16259.0,,,25.0,,25.0,
kWww1M8MQU0,Ol-Jorai Health Center,15406.0,,,1.0,1.0,2.0,
zTlKBhagpJY,Olando Health Centre,13974.0,,,2.0,,2.0,
FIDsgV3ezn0,Olasi Dispensary,13975.0,,,7.0,1.0,8.0,
gYDBnsFssH6,Olasi Dispensary (Nyando),13976.0,Dispensary,,4.0,,4.0,
ZqmBdrwI59g,Olborosat Dispensary,10911.0,,,1.0,1.0,2.0,
v9kycSh3X4O,Olchorro Health Centre,15389.0,,,1.0,,1.0,
cLBvS1WGEQF,Old Mawingu Health Centre,10912.0,,,1.0,,1.0,
qc3yUukscvt,Olenguruone Sub County Hospital,15398.0,,2.0,3.0,2.0,7.0,28.57142857142857
nN3Po5pIV4t,Oljabet Health Centre,15404.0,,,4.0,,4.0,
QaCEAVVfwZE,Olmekenyu Health Centre,15414.0,,,2.0,,2.0,
dxZgFuOryf4,Olmoran Health Centre,15417.0,,,1.0,1.0,2.0,
xGTMrXGuKGB,Ololulunga Sub County Hospital,15423.0,,,6.0,1.0,7.0,
a6ZP7RjG0JA,Olps Clinic,13977.0,,,7.0,3.0,10.0,
fC39oEywEQk,Ombek Health Centre,13978.0,,,4.0,1.0,5.0,
FpS8TixqWn4,Ombo Kowiti Dispensary,17039.0,,,6.0,,6.0,
OWLIOQ1qkOt,Omboga Health Centre,13980.0,,,13.0,,13.0,
leauT4PYfDm,Omiro Health Centre,13981.0,,,1.0,,1.0,
p6QLmTAlmyU,Onding Dispensary,17515.0,,,1.0,,1.0,
Uvv85m35TMs,Ondong Dispensary,16277.0,situated in Suba East Division and its  a GOK Facility,,1.0,2.0,3.0,
ttfohow6fXP,Oneno Health Centre,16985.0,,,2.0,,2.0,
RW8fKrzu1Ka,Ong'ielo Model Health Centre,13987.0,,,13.0,,13.0,
nTGZm5lNyzY,Ongata Rongai Sub County Hospital,15440.0,,1.0,22.0,1.0,24.0,4.166666666666666
pS72TtLnCvM,Ongito Dispensary,13988.0,,,5.0,2.0,7.0,
ImG6wgclN06,Ongo Sub County Hospital,13989.0,,,9.0,,9.0,
OlwzlLibvzd,Onyuongo Dispensary,20209.0,Dispensary,,2.0,,2.0,
zeG49V2oKJ1,Opapla Health Centre,13990.0,,1.0,4.0,,5.0,20.0
mC9U2woN9J3,Oresi Sub County Hospital,13991.0,,,17.0,1.0,18.0,
Abx1zrqutJ6,Oriang (SDA) Health Centre,16284.0,,,3.0,,3.0,
IDjYKFT9aaF,Oriang Kanyadwera Dispensary,18422.0,,,1.0,,1.0,
Btt2n49zIB0,Oriang' Alwala Dispensary,18086.0,,,3.0,,3.0,
WdXqR4s4oYz,Oridi Health Center,16767.0,,,6.0,,6.0,
fjQDkluQIse,Oroche Dispensary,13992.0,,,4.0,,4.0,
cZQlPWrhosA,Oruba Nursing and Maternity Home,13993.0,,,2.0,,2.0,
grOgz9Y2EUz,Orwaki Dispensary,13994.0,,,1.0,,1.0,
VYN9LBa4AE4,Osani Community Dispensary,17726.0,,,11.0,,11.0,
y1WqAJwDmmi,Osewre Dispensary,20069.0,,,1.0,,1.0,
LWoO0Z47tGZ,Osieko Dispensary,17680.0,,,4.0,,4.0,
G4FemD36hGF,Osingo Dispensary,13996.0,situated in Suba East Division and its  a GOK Facility,,5.0,,5.0,
DmDKo97EhtM,Osogo Dispensary,13997.0,,,3.0,,3.0,
nNxsnNursRY,Otacho Dispensary,13998.0,,4.0,4.0,,8.0,50.0
K7MbyOwY6BH,Otange Health Center,18877.0,,,7.0,,7.0,
V6P9Brv9LmO,Otati Dispensary,13999.0,,,2.0,3.0,5.0,
O1VQBaVQvat,Othach Dispensary,14000.0,NEAR BOARDER USIGU DIVISION  AND SIAYA DISTRICT,,3.0,,3.0,
AoO1uzcsLs0,Othaya Sub County Hospital,10922.0,,,6.0,,6.0,
hpkiX97MN3B,Othoch Rakuom Dispensary,14001.0,,,12.0,,12.0,
eogI9KAaTj9,Othoro Level 4 Hospital (Rachuonyo),14002.0,,,12.0,1.0,13.0,
HIbQsMgPQm0,Othoro Sub County Hospital,14003.0,,,6.0,1.0,7.0,
tEu5VkVwaK7,Our Lady of Lourdes Mutomo Hospital,12604.0,,1.0,6.0,,7.0,14.285714285714285
lna5hD9un4O,Our Lady of Lourdes Mwea Hospital,10808.0,,,8.0,,8.0,
xHrYMm0ZsQu,Ouya Dispensary,14005.0,IN NYANGOMA DIVISION,,5.0,,5.0,
CDCeYZgAB3g,Oyamo Dispensary,14007.0,ISLAND IN NYANGOMA DIVISION,,2.0,,2.0,
WV0WSrN5Wki,Oyani (SDA) Dispensary,14008.0,,,5.0,1.0,6.0,
EVf9vo84kFZ,Oyani Sub County Hospital,14009.0,,1.0,7.0,2.0,10.0,10.0
PNrZ6dCwfLs,Oyuma Health Centre (Rachuonyo),17852.0,,,,1.0,1.0,
qJwEgqDnkAC,Pala Level 4 Hospital,14011.0,,,6.0,,6.0,
kuBecESrd0Y,Pala Masogo Health Centre,19859.0,,,4.0,,4.0,
iBuAKaM0WO2,Pand Pieri Community Dispensary,14012.0,,5.0,5.0,2.0,12.0,41.66666666666667
ybNHUZ8G4xz,Pap Kodero Health Centre,14013.0,,,9.0,,9.0,
udyfhz4XKDn,Patanisho Maternity and Nursing Home,12977.0,,,1.0,,1.0,
XgnBT8Pug4r,PCEA Chogoria Hospital,11970.0,,,10.0,,10.0,
IoqOztEzEQu,Pedo Dispensary,18725.0,,1.0,5.0,1.0,7.0,14.285714285714285
z3nMgma1Kt1,Piny Owacho Dispensary,17343.0,,,4.0,,4.0,
krlkd35ayXK,Pioneer Health Centre,15463.0,,,10.0,2.0,12.0,
RpW4L3sZsvi,Plateau Hospital,15464.0,,,4.0,,4.0,
fyLoVZ0U7xq,Police Line Dispensary (Garissa),13420.0,,,,1.0,1.0,
PtapijBoEPe,Ponge Health Center,14015.0,,,1.0,,1.0,
WcObK0U8pXU,Ponge Health Centre (Suba North),14016.0,,3.0,,,3.0,100.0
pOzVvOXQ6TL,Port Florence Hospital,14017.0,,1.0,15.0,,16.0,6.25
K6JHRvs7bAu,Port Reitz Sub County Hospital,11740.0,,,4.0,1.0,5.0,
vqZ76KANEWN,Port Victoria Hospital,16091.0,,,25.0,2.0,27.0,
LSjjW2Uph1L,Pstc Health Centre,13153.0,,,2.0,,2.0,
qNJkz8G7pfV,Pumwani Majengo Dispensary,13155.0,,,12.0,,12.0,
DAfqnwB2Uhh,Pumwani Maternity Hospital,13156.0,,,32.0,,32.0,
eMMojDvhND0,Rabai Sub County Hospital,11748.0,,,10.0,3.0,13.0,
bejbJuEmJLP,Rabar Health Centre,14018.0,,,14.0,,14.0,
aCOEeeYEcsO,Rabondo Dispensary,14019.0,,,7.0,,7.0,
xHpOSfsb09z,Rabuor Sub County Hospital,14020.0,Hospital,,28.0,1.0,28.0,
ieD6w3xqG0G,Rachar Sugar Belt Hospital,14021.0,,,3.0,3.0,6.0,
Psa3nl6S4SK,Rachuonyo County Hospital,14022.0,,,39.0,8.0,47.0,
t68YwvegZ4I,Rachuonyo East Sub County Hospital,13638.0,,,14.0,,14.0,
szk9vzhrYeY,Radienya Dispensary,18722.0,Near Radienya primary school,,3.0,1.0,4.0,
JcrbB7yUiAC,Radier Dispensary,14023.0,IN USIGU DIVISION,,5.0,,5.0,
AqD7UCCUGCh,Rae Dispensary,14024.0,,,4.0,,4.0,
ILrXVyvqFwX,Raganga Health Centre,14025.0,,,3.0,,3.0,
mRPHsiYtXeO,Rageng'ni Dispensary,14026.0,,,3.0,,3.0,
mbaB7dMts46,Ragwe Health Centre,18530.0,Dispensary,,8.0,,8.0,
uNfRv08L7NJ,Railways Dispensary (Kisumu),14027.0,,1.0,13.0,,14.0,7.142857142857142
iM48NtgCfPO,Railways Dispensary (Mombasa),18211.0,,,1.0,,1.0,
JRzEwsiGNOs,Ram Hospital,14028.0,,,2.0,,2.0,
w6gmsyy7sL6,Rambugu Dispensary (Rarieda),17437.0,,,4.0,,4.0,
vyIRQtMwS3K,Rambula Dispensary,16789.0,,,7.0,,7.0,
I12ueCqFUQG,Ramula Health Centre,14030.0,,,7.0,,7.0,
tKxiY0VjNrr,Randago Dispensary,17521.0,,1.0,7.0,1.0,9.0,11.11111111111111
yLorzTZpbmc,Randung' Health Centre,14031.0,,,6.0,,6.0,
I2z6MT7pHrX,Ranen (SDA) Dispensary,14032.0,,7.0,7.0,,14.0,50.0
ytVjSxVQbQ2,Rangala Health Centre,14033.0,,1.0,14.0,,15.0,6.666666666666667
qoY3GWB320k,Rangwe (SDA) Dispensary,14035.0,,,14.0,,14.0,
o8qbdITAWcU,Rangwe Sub-County Hospital,14036.0,,,10.0,,10.0,
RpoDr08py8E,Rapcom Nursing and Maternity Home,14037.0,,,10.0,1.0,15.0,
CHWDHwHN1da,Rariw Health Centre,14038.0,,,6.0,,6.0,
aTQwZSIIxPA,Ratta Health Centre,14040.0,,,7.0,,7.0,
jC5xoC8BnPT,Regaol Barnabas Medical Centre,14102.0,,,10.0,,10.0,
rsvp3dkcgmQ,Remba Health Centre,17593.0,,,8.0,,8.0,
p6Sle8EB5TO,Rera Health Centre,14042.0,,,7.0,,7.0,
XIIEtZGP1iY,Rhonda Health centre,20137.0,,1.0,11.0,6.0,18.0,5.555555555555555
PduUv9FH59L,Riana Health Centre,14045.0,,,1.0,,1.0,
RuEWpmWUmCM,Riat Dispensary,14046.0,,,2.0,,2.0,
g8H5Hr3A1QX,Riat Dispensary (Migori),14047.0,,,5.0,,5.0,
ueSbUJtjGM9,Ringiti Health Centre,17710.0,,,1.0,1.0,2.0,
ZyVu64QtPyq,Riotanchi Health Centre,14054.0,,,2.0,,2.0,
GOxptySBE5j,Riruta Hospital,13165.0,,,22.0,2.0,24.0,
xOk8BwV5Uta,Rodi Health Centre,14057.0,,,7.0,1.0,8.0,
EumBiY0A93D,Rombo Health Centre,15490.0,,,1.0,,1.0,
IZ78jKxuNvk,Rongai Health Centre,15495.0,,,5.0,3.0,8.0,
KV7mZo1P75i,Rongo Sub County Hospital,14058.0,,1.0,38.0,3.0,42.0,2.380952380952381
t5ezj03HWYj,Roret Sub County Hospital,15498.0,,,3.0,,3.0,
E5fkFJ09xpE,Rota Health Centre,14060.0,,1.0,2.0,,3.0,33.33333333333333
G2SApeuVqIS,Royal Medical Hospital and Maternity Home Limited,14061.0,,,9.0,,9.0,
QtLL3zPlb1l,RTC Medical Centre,21648.0,,,2.0,,2.0,
MEh9RhjHr40,Ruai (EDARP) Clinic,13169.0,,,5.0,2.0,7.0,
tdskla3Fuag,Ruai Health Centre,13171.0,,,9.0,,9.0,
pk6P7fleFU8,Ruaraka Uhai Neema Hospital,18485.0,,,9.0,,9.0,
d62fP00Szyv,Ruiru Sub-County Hospital,10973.0,,1.0,31.0,4.0,36.0,2.7777777777777777
KK9ISvjjUvP,Rukala Model Health Centre,16095.0,,,1.0,,1.0,
JXcyxGXlL9O,Rumbiye Dispensary,16096.0,,,,1.0,1.0,
OSC2ngoYEYM,Rumuruti District Hospital,15502.0,,,8.0,,8.0,
f8GXUUOSkR6,Runyenjes Sub County Hospital,12719.0,,,10.0,2.0,12.0,
gComlbUf3gB,Rusinga Dispensary,14062.0,,,1.0,,1.0,
gWGorl4dyrC,Rusinga Island of Hope Humanist Health Centre,17594.0,,,9.0,,9.0,
bXn7IY2ZYMz,Rwambwa Sub-county Hospital,14063.0,,1.0,10.0,,11.0,9.090909090909092
OKBBkzppdal,Sabasaba Health Centre,10987.0,,,6.0,,6.0,
m6zhE2pzHWO,Sabatia Sub County Hospital,16098.0,,,9.0,,9.0,
ikKNYc51MsI,Saboti Sub County Hospital,15508.0,,1.0,4.0,,5.0,20.0
q9xXncCEGRK,Sacred Heart Dispensary,10988.0,,,3.0,1.0,4.0,
iHIbDSA0diT,Sagala Health Centre,11764.0,,2.0,,,2.0,100.0
cPU7gAlPGs7,Sagam Community Hospital,14064.0,,,5.0,,5.0,
sm3tsYY05ZR,Sagana Sub County Hospital,10994.0,,,6.0,,6.0,
TDU6t8gEJgE,Sakali Dispensary,19960.0,,,4.0,,4.0,
h1N41fJwQ7f,Sakutiek Health Centre,15516.0,,,1.0,,1.0,
GrY2IDpso5W,Samburu County Referral Hospital,15126.0,,1.0,5.0,,6.0,16.666666666666664
GRZc4EZ9PuV,Samburu Sub County Hospital,11768.0,,1.0,3.0,1.0,5.0,20.0
INSq5Fh6r5M,Sango Natiri Health Centre,17986.0,,,2.0,,2.0,
taNmXyxY87R,Sango Rota Health Centre,14066.0,,1.0,,1.0,2.0,50.0
VqXehjCiW9C,Saradidi Dispensary,14068.0,,,3.0,,3.0,
NpKmhJBECVb,Saro Dispensary,14069.0,Situated in Suba West division and its a GOK Facility,1.0,10.0,,11.0,9.090909090909092
vhGugNZUV3w,Savane Dispensary,16101.0,,,1.0,1.0,2.0,
XBVHcByduVe,Sayyida Fatimah Hospital,11774.0,,,6.0,1.0,7.0,
Q1YHVG2A0U1,Sega Dispensary,14072.0,,,9.0,,9.0,
ntP34s4jDH5,Sega Mission Hospital,14073.0,,,20.0,2.0,22.0,
m9uOfQmxGGw,Segera Mission Dispensary,17029.0,,,,,5.0,
EwpG2Q4y05m,Segere Dispensary,16790.0,,,11.0,,11.0,
XzlKeCEvztb,Sekenani Health Centre,15541.0,,,2.0,,2.0,
tnPObrjA9RC,Sena Level 4 Hospital,14075.0,,,22.0,,22.0,
Wm51OW03KAk,Sengani Health centre,16440.0,,,3.0,1.0,4.0,
TvQQht1n3MH,Serawongo Dispensary,14077.0,IN NYANGOMA DIVISION,,12.0,,12.0,
KZokajoLAXf,Seregeya Dispensary,16102.0,,,2.0,,2.0,
oIfTa0e3Og0,Serem Health Centre,16103.0,,,8.0,2.0,10.0,
amRQYjheywd,Shalom Community Hospital,12730.0,,,3.0,,3.0,
BRIBehwYmcd,Shamakhubu Health Centre,16104.0,,,2.0,1.0,3.0,
dU7dDBWWWDi,Shamata Health Centre,11004.0,,,4.0,,4.0,
UNbhlHZjMF2,Shamberere Health Centre,16105.0,,,2.0,1.0,3.0,
d7xdgRnT1pE,Shianda Dispensary,20194.0,,,2.0,1.0,3.0,
PuVGCzBiYAp,Shibanze Dispensary,16123.0,,,6.0,,6.0,
y1jWd1Ug7ts,Shibwe Sub-County Hospital,16107.0,,1.0,4.0,,5.0,20.0
HqFDy2vEQz6,Shika Adabu (MCM) Dispensary,11785.0,,1.0,2.0,,3.0,33.33333333333333
VymFeOiKKGv,Shikunga Health Centre,16111.0,,,,4.0,4.0,
nNM3ZA9ErqU,Shikusa Health Centre,16112.0,,1.0,,,1.0,100.0
xFwky80rnjq,Shimo La Tewa Annex GK Prison Dispensary,11393.0,,,3.0,,3.0,
gvaEWrl758j,Shimo-La Tewa Health Centre (GK Prison),11395.0,,,5.0,,5.0,
el6wJ3PIq0h,Shining Hope for Communities Mathare Medical Clinic,,Medical center,,13.0,,13.0,
kbg8aYUzgUM,Shinyalu Model Health Centre,17596.0,,,9.0,2.0,12.0,
agO9AbQPxH4,Shiraha Health Centre,16116.0,,,,1.0,1.0,
cF9orSjuiaV,Shirikisho Health Centre,14078.0,,,21.0,,22.0,
HBsqa81tb5L,Shiru Health Centre,16117.0,,,9.0,,9.0,
fB3xG06tgRu,Shisaba Dispensary,16118.0,,,3.0,3.0,5.0,
KzjIbQebF4W,Shiseso Health Centre,16119.0,,,1.0,4.0,1.0,
DN1DpNnTw3q,Shitsitswi Health Centre,16121.0,,,3.0,2.0,5.0,
c6oal13vwWU,Shivanga Health Centre,16122.0,,1.0,1.0,,2.0,50.0
SQ7NgzUYOjt,SHOFCO Medical Clinic (Kibera),17650.0,,,4.0,,4.0,
X6eQyywhuHF,Siala Kaduol,18426.0,,,3.0,,3.0,
b3yukBxVi1J,Siaya County Referral Hospital,14080.0,"In Siaya Town, along Siaya Ugunja road",,38.0,2.0,40.0,
lVnCyawh28t,Siboti Model Health Centre,16124.0,,,1.0,,1.0,
MxwFljO9mmy,Sibuoche Dispensary,14082.0,,,3.0,14.0,17.0,
UDjLzocKru9,Sifuyo Health centre,14084.0,,,5.0,,5.0,
z4pEZ9GMUj7,Sigomere Sub County Hospital,14085.0,,,10.0,1.0,11.0,
MdNfM770c0k,Sigor Sub County Hospital,15564.0,,,4.0,,4.0,
eH1iSu1tL6t,Sigoti Health Centre,14086.0,,,5.0,,5.0,
YLsrbfNIQuI,Sigowet Sub County Hospital,15568.0,,,6.0,,6.0,
BvSVueanUP2,Sikalame Health Centre,14087.0,,,6.0,,6.0,
fGgr17UV6Q6,Sikarira Health Centre,16485.0,,,1.0,,1.0,
OjOnxCLQ1lM,Sikusi Dispensary,18145.0,,,1.0,,1.0,
UmN02RNDmtB,Silanga (MSF Belgium) Dispensary,13186.0,,,15.0,4.0,15.0,
LeiEBPdQtoW,Silibwet Dispensary (Bomet),15570.0,,1.0,4.0,,5.0,20.0
PoAHq41Wjsk,Silibwet Health Centre (Nyandarua West),11009.0,,,,1.0,1.0,
heqPEgGraSS,Simba Health Centre,15574.0,,,2.0,,2.0,
uirOz9L34AZ,Simba Opepo Health Centre,14088.0,,,1.0,,1.0,
R7ltdc1WXOJ,Simbi Health Centre,14089.0,,,6.0,1.0,7.0,
bsWJDHxiuNB,Simenya Health Centre,14091.0,,4.0,3.0,,7.0,57.14285714285714
eDnVQzkzc3B,Sio Port Sub County Hospital,16128.0,,,9.0,3.0,12.0,
fFbd7D0gwb9,Siongiroi Health Centre,15587.0,,,1.0,2.0,3.0,
Gp3mDe3mSdO,Sipili Health Centre,15589.0,,,3.0,,3.0,
uGrCgcX6xGk,Sirimba Dispensary,16129.0,,,1.0,1.0,2.0,
LM6YIpZduiU,Sirisia Sub County Hospital,16130.0,,,5.0,1.0,6.0,
DDiNOmleakD,Siruti Dispensary,17051.0,,,6.0,,6.0,
MnFD3y1T1GX,Sisenye Dispensary,16131.0,,,1.0,1.0,2.0,
p6qxKcVn83Y,Sitatunga Dispensary,17027.0,,2.0,3.0,,5.0,40.0
S42NaQ2x43j,Sogoo Health Centre,15605.0,,,3.0,,3.0,
XMu4DpnN95t,Soin Sub County Hospital,15200.0,,,4.0,2.0,6.0,
Gk01HeIfjsg,Sondu sub county Hospital,14096.0,,,7.0,,7.0,
sR008hvpu5e,Sony Medical Centre,14097.0,,,7.0,,7.0,
zwV7ekHDAwe,Sori Lakeside Nursing and Maternity Home,14098.0,,,11.0,,11.0,
QDmFmtWKepp,Sos Dispensary,13189.0,,,6.0,,6.0,
YTqyEB3FYOe,Sosiot Health Centre,15617.0,,,8.0,1.0,9.0,
zvWQ5tdZfKO,Sotik Health Centre,15619.0,,,7.0,1.0,8.0,
fmLvEUsG5e5,Soweto Kayole Phc Health Centre,13017.0,Near Soweto Kayole Police Station,,8.0,2.0,10.0,
QbU1gBuwzxH,Soy Health Centre,15623.0,,,8.0,4.0,12.0,
Gwo8OLfAeek,Soy Sambu Dispensary,16134.0,,,2.0,,2.0,
ZLiupnhoyzT,Special Treatment Clinic,13193.0,,,7.0,,7.0,
Dsv44iuGboK,St Akidiva Memorial Hospital,14101.0,Situated in Suba Central and a private Hospital.,,2.0,2.0,4.0,
BNuAK6oLAp4,St Alice (EDARP) Dandora Clinic,18219.0,,,15.0,2.0,17.0,
PJESmU1NFjO,St Ann Hospital,12743.0,,,1.0,4.0,3.0,
F3baHs7ruQU,St Barbara Mosocho Health Centre,13822.0,,,2.0,,2.0,
AYsyVI9BxYn,St Barkita Dispensary Utawala,17723.0,,,2.0,,2.0,
DThwjc1ds5J,St Benedetto Health Centre,16526.0,,,,1.0,1.0,
UeRIwewVX7n,St Bridgit Kalemunyang Dispensary,14661.0,,,1.0,,1.0,
JJHQ16uTrPX,St Camillus Mission Hospital,14103.0,,1.0,19.0,2.0,22.0,4.545454545454546
ymVyoLJ8yId,St Catherine Napetet Dispensary,15634.0,,,1.0,,1.0,
gbGbqNrcrFv,St Catherine's Mission Ichuni,20914.0,,,4.0,,4.0,
hCCacTXjCYp,St Charles Lwanga Dispensary,11030.0,,,3.0,2.0,5.0,
zjvUyYZscbf,St Charles Lwanga Health Centre,15957.0,,,,4.0,4.0,
LhqVXAyAmeX,St Clare Bolo Health Centre,14104.0,,,7.0,1.0,8.0,
IKD1KqSlD7j,St Clare Medical Centre,16137.0,,,1.0,1.0,2.0,
ZKVebVoAh99,St Damiano Mission Hospital,16138.0,,,1.0,4.0,5.0,
tTAHvMCQVS1,St Elizabeth Chiga Health Centre,14106.0,FBO,,28.0,,28.0,
nXaMv9GOjWk,St Elizabeth Health Centre,15636.0,,,4.0,2.0,6.0,
O9btQp8H7N8,St Elizabeth Lorugum Health Centre,15089.0,,,1.0,,1.0,
PvuLFowO5Cs,St Elizabeth Lwak Mission Health Centre,13739.0,,1.0,10.0,2.0,13.0,7.6923076923076925
SeLYvjWGi5f,St Francis Community  Hospital,13202.0,,,6.0,,6.0,
TLYxOpSwSUe,St Jairus Hospital,21766.0,,,2.0,,2.0,
MCxYHCi7SKV,St Jane Nursing Home,16870.0,,,3.0,,3.0,
HiYExi21bCp,St John Hospital,13205.0,,,2.0,1.0,3.0,
sFRSyKkdRWy,St John of God Hospital Tigania,12799.0,,,1.0,4.0,5.0,
dQnlgfrAj7g,St Joseph (EDARP) Clinic,13207.0,,,11.0,1.0,12.0,
nI19Olg7c4G,St Joseph Hospital,15647.0,,,2.0,1.0,3.0,
Oa3osQS1OkN,St Joseph Mission Hospital,14110.0,Situated in Suba Central and a its FBO Hospital,1.0,37.0,1.0,39.0,2.564102564102564
ZYF5HlmIFYp,St Joseph Mukasa Dispensary,13208.0,2,,4.0,,4.0,
K9f6OavyAsf,St Joseph W Dispensary (Westlands),13209.0,,,6.0,,6.0,
AHM06z0QKsS,St Joseph's Health Centre (Dagoretti),13210.0,,,8.0,2.0,10.0,
OHZYEciQDBh,St Joseph's Mission Hospital,13936.0,,,1.0,,1.0,
yr1OdefeL3S,St Joseph's Obaga Dispensary,14111.0,,,2.0,,2.0,
iV6KcqpZpNP,St Joseph's Shelter of Hope,11817.0,,,5.0,,4.0,
Dpo1W5ZFOY0,St Lukes ( ACK) Nursing Home(Kaloleni),11818.0,,,13.0,1.0,14.0,
bX5nd5eRa7d,St Mark's Lela Health Centre,14118.0,,,10.0,,10.0,
Y9ozzrFMnYy,St Mary Health Centre (Kiserian),15652.0,,,3.0,,3.0,
Ohe5HjRN8PF,St Mary's Hospital (Gilgil),15654.0,,,3.0,,3.0,
Ohx8SxDgCfo,St Mary's Hospital (Mumias),16141.0,,,13.0,4.0,17.0,
uTKCtfaYGm3,St Mary's Kapsoya Dispensary,15655.0,,,2.0,,2.0,
chXwFzmckgz,St Mary's Mission Hospital,13218.0,,,13.0,,13.0,
tXopH4h3EtN,St Mary's Yala Dispensary,16418.0,,,1.0,,1.0,
KH5TZ2Kiuld,St Mercelline Roo Health centre (Suba),14059.0,,,9.0,2.0,11.0,
yFn8SX1qQbG,St Monica Hospital,14120.0,,,6.0,14.0,20.0,
Cpr8bbDF973,St Monica Hospital (Town Clinic),20836.0,,,8.0,1.0,9.0,
Qv62ysRtBDq,St Monica Nakwamekwi Dispensary,15661.0,,1.0,5.0,2.0,8.0,12.5
gMhjxJKU9mM,St Monica Rapogi Hospital,14121.0,,1.0,25.0,1.0,27.0,3.7037037037037033
umZH5Ae9wN1,St Mulumba Mission Hospital,10765.0,,,5.0,,5.0,
L3W78DWaVfN,St Patrick Health Care Centre,13222.0,,,1.0,,1.0,
bPtuj3SUxZm,St Patrick Kanamkemer Dispensary,15662.0,,1.0,6.0,2.0,9.0,11.11111111111111
Xac1eOb2dTq,St Paul Dispensary,14123.0,,,10.0,1.0,11.0,
QDx1Cr19K3c,St Paul's Mission Hospital,14124.0,,,23.0,,23.0,
COpiQeVtvEL,St Pius Musoli Health Centre,16145.0,,1.0,3.0,,4.0,25.0
yE0YJfPxCUc,St Raphael's Clinic,17683.0,,,2.0,,2.0,
XzQQ1Kwv9lP,St Teresa Catholic Dispensary,11069.0,,,4.0,,4.0,
nGyonUvdpOm,St Theresa Hospital (Kiirua),12303.0,,,5.0,5.0,10.0,
zm8SMP2MmKm,St Therese Dispensary,15667.0,,,4.0,2.0,6.0,
jNY1DdzbBDr,St Veronica EDARP Clinic,18409.0,FBO,1.0,11.0,2.0,14.0,7.142857142857142
dEPpmoSHG1v,St Vincent Catholic Clinic,13230.0,,,6.0,4.0,10.0,
OaoMmCrvSNm,St Vincents De Paul Health Centre,14128.0,,,7.0,2.0,9.0,
MsF0OYgs0ut,St. Monica Eregi Mission Health Centre,15881.0,,,1.0,,1.0,
nmHHcE1kOsS,St. Peters Clever Health Centre,13795.0,,,4.0,,4.0,
fUwtOHR3iUn,St.Mary's Ringa Health Centre,20364.0,,,7.0,,7.0,
LqjMvQa9FEg,St.Raphael Dispensary (Matisi),18515.0,,,1.0,2.0,3.0,
yY09wUgxTvI,St.Scholastica Uzima Hospital,13246.0,,,6.0,,6.0,
zkY1vTT6ZhX,Star Maternity & Nursing Home,14129.0,,,4.0,,4.0,
bKNoJXJZYXg,State House Dispensary (Mombasa),11831.0,,,1.0,,1.0,
rLTST5T975t,Suba North Sub-County Hospital,13798.0,,,29.0,4.0,33.0,
bPtrtamWTmT,Suba Sub County Hospital,14130.0,,,30.0,,30.0,
v0GRG4yvnRW,Subukia Sub County Hospital,15678.0,,1.0,6.0,2.0,9.0,11.11111111111111
Cl76IbPa084,Suguta Health Centre,14131.0,,,5.0,,5.0,
t75KnRpIucJ,Sultan Hamud Sub County Hospital,12777.0,,,12.0,2.0,14.0,
r7hNHZYd4pj,Sumba Community Dispensary,14133.0,,,5.0,,5.0,
xKOxyxxlXk1,Suna Nursing and Maternity Home,14134.0,,,4.0,,4.0,
hcF52HKSsCR,Suna Rabuor Dispensary,14135.0,situated in Suba East Division and its  a GOK Facility,,7.0,,7.0,
Sepsy4Bb35C,Suna Ragana Dispensary,14136.0,Situated in Suba Central and its a GOK Facilily,1.0,12.0,2.0,15.0,6.666666666666667
XgCDq1zkmPu,Sunga Dispensary,17175.0,,,2.0,,2.0,
NxWEAdV6b7a,Suwerwa Health Centre,15692.0,,,4.0,,4.0,
Pz39ORJFqm7,Swindon St Elizabeth Clinic,14138.0,,,8.0,,8.0,
erge4sMabaa,Tabaka Mission Hospital,14139.0,,,13.0,2.0,15.0,
B7uMXQhtT6l,Tabitha Medical Clinic,13234.0,,,7.0,2.0,9.0,
a4s2wKfJc30,Takaungu Dispensary,11836.0,,,,3.0,3.0,
QFr0QG0e4r6,Takawiri Health Centre,14140.0,,,1.0,,1.0,
ZZNxSbbRSpF,Takitech Dispensary,15700.0,,,5.0,,5.0,
Jp842VS9qqy,Tala Health Centre,17170.0,,,4.0,,4.0,
AXYL3o00Lq2,Tambach Sub-County Hospital,15703.0,,,1.0,,1.0,
PENvTx4fphA,Tamu Health Centre,14141.0,,,,2.0,2.0,
yLBn5USmgz1,Tanaka Nursing Home,16149.0,,,13.0,,13.0,
qThsoxvdyh3,Tarakwa Health centre,15710.0,,1.0,,,1.0,100.0
hVc9GNgGPYF,Taru Dispensary,11838.0,,,4.0,,4.0,
xlKQSUOfy0y,Taveta Sub County Hospital,11840.0,,,6.0,1.0,7.0,
oDO5QS3lXAv,Tawa Sub-County Hospial,12787.0,,,7.0,,7.0,
Wcgkpv2BHcy,Tawfiq Muslim Hospital,11843.0,,,3.0,,3.0,
Ofg6EXpIiv1,Tenges Health Centre,15718.0,,,1.0,,1.0,
YYQm99dJJ7X,Teso North Sub County Hospital,16150.0,,,11.0,2.0,13.0,
CZvhXoH6bT8,The Hope Medical Centre-Awasi,18415.0,Maternity and Nursing home,,1.0,,1.0,
mVjvQPVEjR6,The Mater Misericordiae Hospital (Mukuru),13074.0,,,32.0,,32.0,
rW142rztOPK,Thiba Health Centre,11092.0,,,5.0,,5.0,
KFaSkuOoYYU,Thika Level 5 Hospital,11094.0,,,27.0,5.0,32.0,
sJHMc412zV6,Thim Lich Dispensary,16278.0,,,4.0,,4.0,
X1oLiwDSw9V,Thinu Health Centre,12796.0,,,1.0,,1.0,
x8dwth6BYiK,Tigoi Health Centre,16151.0,,,2.0,,2.0,
jyOgldxx4Ok,Tigoni Level 4 Hospital,11104.0,,,7.0,1.0,8.0,
d0imj0dhHw1,Timau Sub-County Hospital,12802.0,Timau Hospital is off Meru Nanyuki road next to the County Commissioners' office,,1.0,,1.0,
qST1ERiAwNm,Timboni Community Dispensary,11851.0,,,3.0,1.0,4.0,
wbP8qyNnPJ2,Timboroa Health Centre,15725.0,,,4.0,,4.0,
kuzvgtX2kyS,Ting'wangi Health Centre,14148.0,,,11.0,2.0,13.0,
tU8NI8ktS8x,Tinga Health Centre,14146.0,,,2.0,,2.0,
dLWshrUrHts,Tinganga Catholic Dispensary,17094.0,,,5.0,,5.0,
n8Ox0LYd7Di,Tingare Health Centre,14147.0,,,4.0,,4.0,
LFBf0WwBzaX,Tisinye Health Centre,14149.0,,,3.0,,3.0,
gEvZgtrunJY,Tiwi RHTC,11853.0,,,2.0,2.0,4.0,
iUpiwFY2vI7,Tom Mboya Dispensary,15732.0,,1.0,2.0,2.0,5.0,20.0
COhi5Nktve9,Tom Mboya Memorial Level 4 Hospital,14150.0,,,3.0,2.0,5.0,
exNcDMt9Cjs,Tongaren Model Health Centre,16152.0,,1.0,1.0,,2.0,50.0
XNC30RIDLbz,Tononoka Ap Dispensary (Tononoka),11223.0,,,3.0,1.0,4.0,
MkgvUQue97g,Transmara West Sub County Hospital,15739.0,,,10.0,,10.0,
fBY4PYGFVBq,Tseikuru Sub County Hospital,12805.0,,,2.0,,2.0,
QXYRGaSfPBL,Tudor District Hospital (Mombasa),11861.0,,1.0,6.0,3.0,12.0,8.333333333333332
R7cVUaPd35q,Tulwet Health Centre,15747.0,,,1.0,1.0,2.0,
gYw2xH5qMIW,Tumaini Medical Clinic,21624.0,Offering general outpatient services,,1.0,,1.0,
eQ411WldmOy,Tumutumu (PCEA) Hospital,11124.0,,,8.0,1.0,9.0,
eDZupn6owH8,Tunyai Health centre,12813.0,,,1.0,,1.0,
g1sQi5lt96i,Turbo Sub County Hospital,15753.0,,,23.0,6.0,29.0,
hZqDvGaLiEr,Turi (PCEA) Dispensary,16820.0,,,1.0,,1.0,
jbufYjWV5II,Turkwel Health Centre (Loima),15754.0,,,1.0,,1.0,
BnJMDZDz0qa,Uasin Gishu District Hospital,15758.0,,,20.0,7.0,27.0,
weyCAoCYvTj,Ugina Health Centre,14155.0,,,3.0,,3.0,
TftBThfkPx8,Uhembo Dispensary,17532.0,,,1.0,,1.0,
tiYkFi2qKxp,Uhuru Dispensary,15759.0,,,2.0,,2.0,
TXGyS25PjDj,Uhuyi Dispensary,14107.0,,,4.0,,4.0,
izw2qiqKFYI,Ukwala Sub County Hospital,14156.0,,,32.0,,32.0,
i7fRWb47rxA,Ulungo Dispensary,14158.0,in usigu Division . boarders Yala swamp in Siaya District .the facility is very far from the main road almost 8km,,3.0,,3.0,
JR47sh98qKk,Uluthe Dispensary,13799.0,,,3.0,2.0,5.0,
adrt3yquw88,Umer Dispensary,17530.0,,,8.0,,8.0,
zGAtALrJYYg,Umoja Health Centre,13240.0,,,16.0,,16.0,
QEnV6142tKT,Unga Health Center,20242.0,,,4.0,,4.0,
ER9BOdawZcT,Uradi Health Centre,17183.0,,,8.0,2.0,10.0,
mGga9qtmJEk,Urenga Health Centre,14159.0,,,7.0,,7.0,
eNAWFykGp3w,Uriri Sub County Hospital,14161.0,,,25.0,1.0,26.0,
QqzDmPTu1tk,Usao Health Centre,14162.0,,,5.0,,5.0,
U0QSt0gU4Am,Usenge Dispensary,14163.0,in Usigu Division,,6.0,,6.0,
fWva3QHl9PM,Ushirika Medical Clinic,13245.0,,,3.0,2.0,1.0,
Iya3kdsvW1A,Usigu Health Centre,14164.0,in Usigu Division,,17.0,,17.0,
NwNdyVDgAPq,Usoma Health Centre,16664.0,,,4.0,,4.0,
Aor4slMUZ22,Uthiru Health Centre,11141.0,,,8.0,1.0,9.0,
I5TrVHHQiTO,Uwanja Wa ndege Dispensary,23925.0,,,1.0,,1.0,
pdEPFrsSUIf,Uyawi Sub County Hospital,14165.0,in nyangoma Division,,25.0,,25.0,
CFOmFTRmpEp,Vanga Health Centre,11879.0,,,3.0,,3.0,
cd2oXY1uQan,Verna Health Centre,14166.0,,,17.0,,17.0,
mfkFWNnJ5AP,Vigetse Medical Clinic,20692.0,OFF LUSIOLA MARKET ROAD,1.0,2.0,,3.0,33.33333333333333
Yb2CWS6G5vL,Vigurungani Dispensary,11880.0,,,2.0,,2.0,
ZJARL7Ml1Hp,Vihiga County Referral Hospital,16157.0,NEAR GOVERNORS OFFICE,,17.0,,17.0,
dhpZNi2matH,Vihiga Health Centre,16158.0,OFF MAJENGO -KIMA ROAD NEAR VIHIGA POLICE STATION,,2.0,,2.0,
hCnhN2p6C9T,Vipingo Rural Demonstration Health Centre,11881.0,,,3.0,4.0,7.0,
xcPoUmNUMhX,Vyulya Dispensary,12837.0,,,1.0,,1.0,
igio73d1icL,Wagai Health Centre,16792.0,,,4.0,1.0,5.0,
SWsrrwl19XQ,Wagoro Dispensary (Rarieda),17438.0,,,4.0,,4.0,
cEJrVBkq5x3,Wagwe Health Centre,14168.0,,,8.0,,8.0,
HK7E1p1vij4,Waithaka Health Centre,13249.0,,1.0,8.0,3.0,12.0,8.333333333333332
JQyaWox11FU,Wakula Health Centre,14169.0,,,6.0,,6.0,
PjOTQQUb94v,Wamagana Health Centre,11161.0,,,2.0,,2.0,
mz7QyEwYs6W,Wamba Sub County Hospital,15768.0,,,1.0,,1.0,
lDwCRAzs0hC,Wamunyu Health Centre,12841.0,,,2.0,,2.0,
gNujOVxWPWY,Wananchi Nursing Home,11891.0,,,2.0,2.0,4.0,
htS3CRkD3WD,Wanganga Health Centre,18283.0,Health Centre,,1.0,,1.0,
OgKxzrPyq6n,Wangige Sub-County Hospital,11170.0,,,19.0,6.0,25.0,
lqUH9qJYc2r,Wanjohi Health Centre,11173.0,,1.0,2.0,1.0,4.0,25.0
FlMDRiCxNoC,Warazo Rural Health Centre,11176.0,,,1.0,,1.0,
jSsqGE88rMQ,Wath Onger Health Center,14170.0,,,16.0,,16.0,
cW5YDD9s3fq,Waware Health Centre,14171.0,,,7.0,,7.0,
Jfpsre91xXE,Webuye Health Centre,16160.0,,,1.0,,1.0,
niedF4o5ctT,Webuye Hospital,16161.0,,,8.0,5.0,13.0,
QcA3MMostYn,Wema Centre Medical Clinic,11902.0,,,12.0,1.0,13.0,
ntFlGCG7dUY,Wesley Health Centre,15778.0,,,1.0,,1.0,
XqkFtJhq4Db,West Health Centre,15779.0,,2.0,9.0,2.0,13.0,15.384615384615385
a0XwYzX3wfw,Westlands Hospital,13258.0,,,8.0,7.0,15.0,
wCSn2WNV6Gq,Wesu Sub County Hospital,11906.0,,,,1.0,1.0,
MO9z02WLRpY,Wiga Health Centre,14172.0,,,6.0,,6.0,
sNVr5pZoEuQ,Wikondiek Health Centre,19909.0,,,1.0,1.0,2.0,
dW7oScLnDy2,Winjo Dispensary,14173.0,,,2.0,1.0,3.0,
zc2OxGFBTln,Wire Dispensary,14174.0,,,10.0,,10.0,
LNeiFE8eJWb,Wiyeta Dispensary,15783.0,,,3.0,,3.0,
UY3IInX1rgt,Yago Dispensary,16279.0,,,1.0,,1.0,
eaXhspDplci,Yala Health Centre,17069.0,,,14.0,,14.0,
AlbZLFgtUXp,Yala Sub County Hospital,14175.0,,,14.0,,14.0,
ke4moKRIpK6,Ziwa La Ng'ombe Health Centre,22086.0,,,2.0,,2.0,
FiVYprOCJvG,Ziwa Sub County Hospital,15788.0,,,11.0,3.0,12.0,
