organisationunitid,organisationunitname,organisationunitcode,organisationunitdescription,MOH 731 Infected_24mths HV02-47,MOH 731 Uninfected_24mths HV02-48,MOH 731 Unknown_Outcome HV02-49,MOH 731 Net cohort_HEI_24 months HV02-50
SlmxDUIybki,Abidha Health Centre,13461,,,10,,10
tpmeDcmWQWf,Aboloi Dispensary,15789,found in Aboloi location of A ngurai DIV along Awata -Malakisi road,,1,,1
VsK11IQUWdd,Acef Ena Health Centre,12791,,,4,,4
E0sp9SbtPJo,Adiedo Health Centre,13463,,,4,,4
cQB8Va1pD81,Administration Police Dispensary (Kisumu),13464,,,1,,1
pkKPZUYXl5l,Adu Dispensary,11198,,,2,,2
qIuHbZDmYPX,Agawo Health Centre,13466,,,5,,5
orKDpItM56v,Agenga Dispensary,13467,,,5,2,7
iPKeTl8lSAZ,Ahero County Hospital,13468,County hospital,2,39,2,43
TYKsuf1A6HB,Ahero Medical Centre,18291,Medical clinic,1,5,,6
Hz0YZaxawTo,Ahmadiya Hospital,15791,,,1,2,3
AawtXdUefwb,AIC Litein Mission Hospital,14178,mission hospital,,13,,13
Q4h7yLoLe0G,Ainamoi Health Centre,14192,,,1,1,2
oEWhqoUHkvt,Airport Health Centre (Kisumu),13469,,,12,,12
KuftRocWEh1,Ajam Mission Health Centre,18398,,,4,,4
ngzYEraCr33,Akala Health Centre,13471,,,10,,10
p88Dp0k1GH3,Alum Beach Health Centre,13472,,,6,,6
wmUX4Xf6mHU,Alupe Sub County Referral Hospital,15795,"Situated along Busia-Malaba road,6 kms from Busia town",,6,1,6
cjPwf2Grgo9,Alwalidayn Dispensary,22059,,,5,,5
cPDS7MOxcm9,Amaase Dispensary,15797,,1,5,,6
QRZj3gcahYE,Ambira Sub-County Hospital,13476,,,20,5,25
dzlUVt1ajq1,Amoyo Health Center,16768,,,7,,7
L9EJeHLBG1b,Amukura Health Centre,15798,Situated at Amukura market along Nambale-Malaba road about 0.5KM from Amukura junction,1,6,,7
ps5w3QhjIM7,Amurt Health Centre,12870,,1,1,,2
c5gNJhUz9rg,Andersen Medical Centre,14203,,,2,1,3
lfs5qignpT4,Anding'o Opanga Dispensary,13477,,,6,,6
m7VVNB6yflG,Ang'iya Health Centre,13479,,,5,,5
dWATcMI6XJL,Angaga Dispensary,17050,,,2,,2
VRRLwQpnKfY,Angata Health Centre,14205,,,1,,1
allzILkIelH,Angurai Sub County Hospital,15800,,,,2,2
xaQ9Z2jrxRM,Anjego Dispensary,13480,located in suba East division and its a GOK facility,,7,2,9
ETYKLHaZtuG,Annex Hospital (Nakuru),14207,,,1,,1
Tkgo1tPTOv2,Anyuongi Dispensary,13482,level 2 gok facility,,8,,8
tmOunpxPDt9,AP Line Dispensary,15801,,1,10,,11
wP6cPKxmPwl,Approved Dispensary,15804,,,2,4,6
yjdx3bVwjJP,Approved School Dispensary (Machakos),11932,,,1,,1
eGSDTRaBYvN,Aptc Health Centre,12871,,1,1,,2
Ssbkr9jzWWk,Archers Post Catholic Health Centre,14212,,,2,,2
kOFBpSMhe9h,Arito Langi Health Centre,13484,,,3,,3
QiXeOXMmlX0,Arombe Dispensary,13486,Alocated in Suba West Division and its a GOK  facility.,,15,,15
c93Xc1VYJfv,Arroket Dispensary,14215,,1,1,,2
GiQGODA5NZB,Asat Beach Dispensary,13487,,,3,,3
GqpnFjeQXTM,Ashburn Ohuru Nursing Home,17524,,,2,,2
FPGtNGfdSlZ,Asumbi Mission Hospital,13488,,,16,,16
mubdg2NphtL,Atela Health Centre,18610,,,5,,5
bxtsV3tmxZi,Atemo Health Centre,13489,,,2,,2
u8TCfCqeQpJ,Athi Kamunyuni Health Centre,11934,"At Athi Kamunyuni Shopping Centre, 25 km east of Kambu Town, through Daranjani Railway Station",,1,,1
ISsRMwepdm7,Awasi Mission Health Center,13491,Health center,,10,,10
ZBtoRProc6e,Awendo Sub County Hospital,13492,,,23,,23
CzGqegvtcf5,Babadogo (EDARP),12875,,,18,,18
obSn4iRC7wn,Babadogo Health Centre,12876,,,13,1,13
X7szCNmxLXn,Bahai Dispensary,17190,,,,1,1
cQa0PvCvbxM,Bahati District Hospital,14224,,,9,7,16
emnI9dqORPt,Bahati Hospital,12879,,1,17,6,24
hHFDDKwv5UN,Bahati Rural Health Centre,14223,,,,2,2
kZP86ulsOJr,Bama Hospital,13493,,,5,1,6
IKdUHYliWr5,Bamboo Health Centre,10044,,,4,,4
dO93Ue6OwRr,Bamburi Dispensary,11239,,,7,3,10
hLMDMOsAv6Y,Bande Dispensary,13494,,,5,,5
oYc9S0YvbLH,Banja Health Centre,15805,,,1,,1
RrxywQuOoio,Baolala Dispensary,11244,,,1,1,2
DqwooToZ1N9,Bar Achuth Dispensary,13495,,,8,,8
gFFdF6hGiFe,Bar Agulu Dispensary,13496,,,11,,11
yonouRgu7l7,Bar Aluru Dispensary (Rarieda),13497,,,8,,8
lq9mb305HDu,Bar Korwa Health Centre,13498,,,7,,7
bhfD7RGs2gk,Bar Ndege Dispensary,16784,,,9,,9
sK3DDy5tVCy,Bar Olengo Dispensary,13499,,,9,,9
ZL7FkyG3uwc,Bar Sauri Health Centre,16785,,,2,,2
tBD7EcDrqR8,Baraka Dispensary (Nairobi),12881,,,13,4,17
jetCZf5Uzd1,Barding Dispensary,18396,,,1,,1
yQujnfNnzQJ,Baricho Subcounty Hospital,10049,,,1,,1
NcCkDlIqJuM,Baringo County Referral Hospital,14607,,1,9,1,11
vG1iOKniT2c,Beacon of Hope Clinic (Ongata Rongai),16667,,,4,,4
YjzBFHmaVTv,Benga Dispensary,16786,,,2,,2
m1CfptepCVX,Bennedict XVI Hospital,10056,,,1,,1
oyMHYuegTO3,Beta Care Nursing Home,10058,,,4,,4
PaKMtCzMDnk,Biafra Lions Dispensary,12883,,,3,,3
dzY2ptkmDAC,Bishop Kioko Catholic Hospital,11955,,,4,,4
aZCS6UZRpdL,Bitare Dispensary,13502,,,2,,2
Jzb6ev63ccp,Blue House (AHF) Dispensary,12885,,,5,7,12
gYaEWAxDwbL,Bodi Health Centre,13503,,,11,,11
a6KR1c7QXeL,Bokole CDF Dispensary,11254,,,2,3,5
L7s7lF6nv95,Bokoli  Sub-County Hospital,15808,,,1,4,5
J92hsLeBV21,Bomet Health Centre,14261,,,1,,1
OtnHULC4QwB,Bomu Medical Centre (Likoni),11259,,,20,1,21
w5udNAfZvrb,Bomu Medical Centre (Mariakani),18267,,,8,1,9
BsbMOs77eO2,Bomu Medical Hospital (Changamwe),11258,,,36,4,38
vPGUu3uwSan,Bondeni Dispensary (Nakuru Central),14263,,,3,,3
kF4aaglTa6T,Bondeni Health Centre (Trans Nzoia - Saboti),14264,,,1,2,3
BxIp7V5DU9D,Bondeni Sub County Hospital,14265,,2,11,3,16
Z6fKUbscAbZ,Bondo County Referral Hospital,13507,level 4 facility in Maranda division. Is the Sub County reffaral Hospital,16,30,3,49
xHviPII2Tc3,Boro Dispensary,13513,,,6,,6
mZ5dBUXvXqh,Bosiango Health Centre,13514,,,1,,1
X43Tf1LIRXh,Brother Andre Medial Centre,12887,,,3,1,4
WYaAkILOP16,Buchangu Dispensary,15810,Dispensary,,1,,1
Y1wbtycY0V8,Budalangi Dispensary,15811,,,4,,4
gkvsBoZvbH1,Bugina Health Centre,15815,,2,,,2
OQUMus9IsA1,Bugumbe Health Centre,13517,,1,4,,5
ndBnE6yUjoy,Bukaya Health Centre,15817,,,5,1,6
lSB8vsporuH,Bukembe Dispensary,15819,,,5,,5
wcM6pww7h2a,Bukura Health Centre,15820,,,6,1,7
VIFQ1jyMX4e,Bulondo Dispensary,15821,,,2,,2
aMTxgqDmizK,Bumala A Health Centre,15823,,,21,4,25
nuEpF1eboYN,Bumala B Sub County Hospital,15824,,,8,2,10
Gci6fQrejup,Bumula Sub County Hospital,15825,,1,3,1,5
mSjyGBo4Rqu,Bumutiru Dispensary,15826,,,2,,2
OaksTvWzoaf,Bunde Health Centre,13518,Dispensary,,9,,9
wXYxrsjOc8d,Bungasi Health Centre,15827,,,3,2,5
WDJtmgLjGD8,Bungoma County Referral Hospital,15828,,,25,13,38
SWfFxTZ0VGG,Bura Subcounty Hospital,11264,,,4,,4
g73LYiD5P06,Burnt Forest Sub County Hospital,16347,,,3,,5
d23vOh36Pqw,Burumba Dispensary,21041,,,2,,2
vxKshylcIW5,Busagwa Dispensary,21037,,,2,,2
ih3vU3AXadk,Busembe Dispensary,15831,,,1,,1
dI28kasf8Jj,Bushiri Health Centre,15833,health centre,,1,2,3
XsRFIn0FhzA,Busia County Referral Hospital,15834,,,32,4,36
OVV0fHS7fux,Butere Sub County Hospital,15836,,,10,7,17
Tns72Eh3EfT,Butingo Dispensary,20043,,,1,,1
yFrzItHccVH,Butula Mission Health Centre,15838,,,6,,6
wd25QXppWr2,Bware Health Center,13519,,,2,,
Ch9QLIX4Lv4,Cana Family Life Clinic,12889,,,2,,2
T5sPlPfblxx,Cardinal Otunga Health Centre,10019,Faith based organization,,,2,2
HOvK1bxRsNF,Catholic Hospital Wamba,15769,,1,1,,2
tvYS6hl4l6l,Cdc Ganjoni Dispensary,11273,,,3,2,5
ZeHU0vtmrVW,Chaani Catholic Dispensary,23285,,,3,,3
RUBAdXhzucO,Chamuka Dispensary,18782,,,4,,4
CckiDj0RzXx,Chandaria Health Centre,12893,,,2,,2
oGBXTwGNwBb,Chasimba Health Centre,11282,,,2,,2
Va4NxnOtD4e,Chebangang Health Centre,14289,,,2,,2
OpoaPaPsSWF,Chebororwa Health Centre,14301,,,2,,2
E30aVzHdBRU,Chebunyo Dispensary,14304,,,,1,1
JTL8OVhlUqF,Chebwai Mission Dispensary,15849,,,1,,1
Ci1bld843vy,Chekalini Health Centre,15851,,,4,,4
vVYa9Lb6bZ5,Chemelil Health Centre (Muhoroni),13521,,,5,6,11
PeEVPAKDbaC,Chemelil Sugar Health Centre,13522,,,1,,2
hqPkw34FUAM,Chemosot Health Centre,14323,,,3,,3
w2kedceJwpf,Chepareria Sub County Hospital,14330,,,5,,5
ZXeCbiargkA,Chepchoina Dispensary,14332,,,3,2,5
hmwxjORtUnv,Chepkanga Health Centre,14335,,,32,1,3
vibbW67N4uG,Chepkemel Health Centre (Mosop),14339,Health Centre,,,1,
acAHfxFgxVa,Chepkigen Health Centre,14341,,,1,2,3
u2vTqS5F2Fy,Chepkorio Health Centre,14346,,,1,,1
qCpPJL5V2m1,Cheptais Sub County Hospital,15855,moh,,2,,2
ULWedqfO8cB,Cheptalal Sub County Hospital,14366,,,1,,2
wZn5GUHSpIZ,Chepterwai Sub-County Hospital,14369,,1,1,1,3
xmCIA3BSudt,Cherangany Sub County Hospital,14379,,,6,1,7
PiA1cqcwPlf,Chesoen Dispensary,14384,,,1,,1
TFTsjlwBeca,Chianda Dispensary (Rarieda),18564,Dispensry,,1,,1
cMV2EgW6Tza,Chief Milimu Dispensary,16144,,,2,1,3
qNO02IGD3yn,Chiga Sub County Hospital,13524,,,3,,3
kUsA28Yefik,Child Doctor Kenya,19504,,,4,,4
kVVmxGZKCfA,Chinato Health Centre,13526,,,2,,2
Q1cLTOTQ8i7,Christamarianne Mission Hospital,13527,,,20,,20
sD0C4mSXA4H,Chuka County Refferal Hospital,11973,,1,7,2,10
aRWvqnCMOEN,Chulaimbo County Hospital,13528,,,45,2,47
S2nFt5STJyM,Chuowe Health centre,13529,,,2,,2
PjJrujKwMvY,Chuthber Health Centre,13530,,,2,,2
fUo2NrKCikw,Chwele Friends Dispensary,15861,,,,3,1
qZCaWe683G3,Chwele Sub County Hospital,15860,,,3,9,12
ZLKeFpFXbAQ,Cmf Aitong Health Centre,14394,,,1,,1
WQBUBXxXVe5,Coast General Teaching and Referral Hospital,11289,,,14,2,16
kJ5MjZkaoSP,Coast General Teaching and Referral Hospital (Chaani Outreach Centre),11274,,,4,2,5
wi1we3OlD7A,Coast General Teaching and Referral Hospital Vikwatani Outreach Centre,25221,,,15,,15
amP1kWytNm2,Consolata Kyeni Hospital,12413,,,10,,10
Aqw6Dbpsjk6,Consolata Mission Hospital (Mathari),10100,,1,10,2,13
fMexRJbQRAw,Consolata Mission Hospital Nkubu,11976,,1,12,8,21
LtGa9hWTpLy,Coptic Hospital,12905,,,36,14,50
izA6A7pqMPN,Coptic Medical Clinic,12904,,,13,8,21
oic5beVUm72,Coptic Nursing Home,15862,,,3,10,13
XsWdXMDDBpL,Cordis Maria Dispensary,19722,,,9,,9
fMMxisqLyA8,Cottolengo Mission Hospital,11977,,,4,,4
UtipAc6rtV6,Dagoretti Sub-County Hospital Mutuini,13105,,,6,4,10
NXlTHAroEmk,Dallas Health Centre,11984,,,6,,6
VV18KDaWASs,Dandelion Medical Centre,23952,dispensary,,2,,2
FXzBJIjcAZ5,Dandora (EDARP) Clinic,12911,,2,11,7,20
zQh2n2JcWtl,Dandora I Health Centre,12913,,,16,2,19
DBROL4dIIzA,Dandora II Health Centre,12912,,,17,7,24
JAJ7YX1wFAr,David Kayanda Dispensary,11457,,,1,,1
WG7O02P8x4T,Dede Health Centre,13532,,,11,4,15
uhuTgMdpGDx,Diani Health Centre,11304,,,12,3,15
yjW8519Mkn2,Dienya Health Centre,13533,,,7,,7
WP7J5im3gDh,Difathas Health Centre,10110,Difthas market-off Kimbimbi/Nairobi/Embu highway,,1,2,3
LYR8fhhFOaQ,Diruma Dispensary,16268,,,1,,1
H2T8SxOU1zP,Disciples of Mercy Clinic,13534,,6,3,,9
p7wCM1JfI5d,Divine Mercy Aluor Health Centre,13473,,,6,4,10
iQqQPaktVMP,Dolphil Nursing & Maternity Home,13535,,,2,,2
rGgw3l0bHEI,Dreams Center Dispensary,12929,,,7,,7
x2ByD5QP18B,Dundori Health Centre,14424,,,4,,4
y66tzv9tspm,Eagle Health Care,21146,"Medical Clinic  Located at Palace Building 3RD floor OPP Co-op Bank,Kangemi",,5,,5
OkCML3CEtNi,Eastleigh Health Centre,12930,,,6,2,7
t8pVCEXnij3,Ebusiratsi Health Centre,15866,,,3,6,9
QiAHGmf0031,Ebusyubi Dispensary,15867,,,1,,1
hVTJp5M0cGz,EDARP Donholm Clinic,13220,,,28,6,34
u0gDQ38iF5S,EDARP Huruma Clinic,12973,,,5,10,15
r13EdOxFc92,EDARP Komarock Health Centre,17719,,,25,6,31
RVQtRwy75Wt,EDARP Soweto Health Centre,13191,Off Masimba Stage Towards Soweto Market,,17,8,25
Sbo33DobMUY,Egerton University,14426,,,1,,1
LKOhxyWkOuw,Egetuki GOK Dispensary,19984,NEAR EGETUKI MKT,,1,,1
PqsRn07KCKv,Ekalakala Health Centre,11995,,,6,1,7
hYlQ9bF0BNY,Ekerenyo Sub-District Hospital,13540,,,4,,4
KvcLdBE3Qar,Ekwanda Health Centre,15870,,,4,2,4
agm4CQgIwuf,Elburgon Sub County Hospital,14431,,2,9,1,12
XcYVma2H5FV,Eldama Ravine Sub County Hospital,14432,,,4,,4
nvSVIH9Vnhg,Elgon View Medical Cottage,15871,,,,2,2
iWFObHTUbzT,Eluche Dispensary,18361,,,1,2,3
PMtDVZGDXRv,Elwangale Health Centre,16714,,,1,,1
sKHkoTOfodh,Elwasambi Dispensary,15873,,,3,2,5
fVYB9g9ByWU,Elwesero Model Health Centre,15874,,,9,2,11
Lbsm3keaoKp,Emali Sub County Hospital,18260,,,8,,8
RILlb5RVEkC,Ematsuli Dispensary,15875,,,1,1,2
fqT44AXXEda,Embakasi Health Centre,12935,,,19,2,21
wvzZZaYO0Fm,Embonga Health Centre,13543,,,1,,1
ubYSAHlGbvb,Embu Level 5 Hospital,12004,,1,15,2,18
TeKLIwzizL1,Emining Health Centre,14446,,,5,,5
arDVLu1shRK,Emuhaya Sub County Referral Hospital,15876,,,12,3,15
KI0xDaiHbXY,Emurua Dikirr   Sub county Hospital,14452,,1,,,1
DkcS7mBduV7,Emusanda Health Centre,16762,,,2,3,5
bdcsVP2hS8A,Emusire Sub County Hospital,16979,,,,2,2
PnwtJbax3ac,Enabelbel Health Centre,14453,along Narok Nakuru road,,2,,2
I4AiM5QGOvq,Endarasha Rural Health Centre,10170,,,3,,3
CwoN2my0ByS,Endebess Sub- County Hospital,14455,,1,7,,8
ZQT01wKQqiS,Endiba Health Centre,13544,,,1,1,2
UzyDMLPCc1K,Engashura Health Centre,14458,,1,5,,6
fS76SN2mDYs,Engineer County Hospital,10171,,,10,,10
iOaejculBnN,Entarara Health Centre,14467,,,1,,1
TebstKvirIl,Enzaro Health Centre,15879,OFF BOYANI- KIGADAHI JUNCTION,11,,,11
kNAqc0TjwXt,Esageri Health Centre,14477,Health Center,,3,,3
YFxkxX3dyJ0,Esani Sub-County  Hospital,13548,,,4,,4
WKpi4HTOfa6,Eshiabwali Health Centre,19899,,,,1,1
rEKNga4CgFK,Eshikhuyu Dispensary,15882,,,3,,3
ozud4J6eShX,Eshikulu Dispensary,17217,In South Wanga Division,,,1,1
hVOEvLLuWx6,Eshimukoko Health Centre,16114,,,3,,3
dAnPb1AZoKy,Eshinutsa Health Centre,16115,,,1,,1
kH3yXjFQi6C,Esikulu Dispensary,20171,,,1,,1
FHYf7mQFpOT,Etago Sub-county Hospital,13550,,,3,,3
u5q6JCLA4SL,Ewaso Ngiro Health Centre,14485,,,2,1,3
xxV4wmw5vPj,Ewuaso Kedong Health Centre,14486,,,,1,1
dIQa6MENmm5,Fatima Health Centre (Lenkism),14493,,,1,,1
dGGuPEx55Jl,FHOK - Family Care Medical Centre - Nakuru,14177,,,5,,5
obZQ6vqwYzN,Fitc Dispensary,14498,,,8,1,9
BlfBnS88vK8,Flamingo Medical Centre,14551,,,1,2,3
nPUGVm6SU9s,Flax Dispensary,14499,,,2,,2
Q9N0D3AoEOJ,Forttenan Sub County Hospital,14501,,,3,,3
rvY6Idb4l9H,Fremo Medical Centre,18612,,1,,,1
NhqbIqtewwY,Future Life Community Nursing  and Maternity Home,17522,,,3,,3
OjfMUlTYbK1,Gachege Dispensary,10194,Ministry of Health,,1,,1
lHuuAQl16rT,Gachororo Health Centre,18608,,,7,,7
tCDh3rEYIVj,Gachuriri Dispensary,12023,,,,1,1
fvnBMGJT2Sb,Gaichanjiru Hospital,10199,,,3,,3
wpzFaD5rUsJ,Gakawa Dispensary,10200,,2,,,2
LcbKtIpSxFP,Ganda Dispensary,11382,,,,1,1
OZzaTu0NyK2,Ganze Health Centre,11383,,,1,,3
ycopTf0WqXO,Garbatulla Sub County Hospital,12029,,1,,,1
eOwcPUHIpgE,Garissa Level 5 Teaching and Referral Hospital,13346,,,2,1,3
JfanPlPxNKE,Gategi Health Centre,16463,Health centre,,3,,3
ZcNH8iNquIL,Gathambi Health Centre,10213,,,1,,1
wOcT7C4Gqzh,Gathanga Health Centre,10214,,,4,,4
AagM6cS5ef7,Gatimbi Health Centre,12031,,,3,,3
RPNI2yciVPb,Gatimu Health Centre,18781,,,1,,1
IXiFtNKHo5f,Gatithi Dispensary,10221,off Sagana/Karatina highway,,1,,1
WrZYJH3y1Fh,Gatundu Level 5 Hospital,10233,,,10,4,14
dUO3G9O89X7,Gatunyu Dispensary,10234,,,4,,4
KKndGuWgx1c,Gatura Healh Centre,10236,,,1,,1
FkB4lcoQfnz,Gede Sub County Hospital,11387,,,10,1,11
PpQmurYqrCk,Gertrudes Childrens Hospital,12950,,,4,3,7
EaAOtVISoLP,Gesusu Sub-County Referral Hospital,13564,,,8,,8
La4FiUTG0Ed,Geta Bush Health Centre,10244,,,2,,2
TjAizB1Q3zr,Getare Health Centre,13566,,,4,2,6
BSIVRetkq9o,Getongoroma Dispensary,13569,,,1,,1
foKJoeEplXv,Gianchore Health Centre,13572,,,1,,1
JWSHmk8XVoB,Gichiche Health Centre,10249,,,3,,3
suwoJuHlA2b,Gichira Health Centre,10251,,,3,1,4
HdbugkfTIcQ,Gichuru Dispensary,10252,,,,9,9
pUcL23obDlW,Gikono Dispensary,16171,,2,2,,4
dx6XwBdUB2q,Gilgil Sub County Hospital,14510,Sub County Hospital,1,11,3,15
xa8ZMxIarv6,Giribe Dispensary,13576,,,4,1,5
ngqqwzhuvjL,Gita Sub County Hospital,13647,,1,9,1,11
SZgImyX0tp9,Githiga Health Centre,10263,,,3,1,4
bGUaAhlsRqp,Githogoro Runda Baptist Clinic (Getrudes Nairobi),18887,a facility in Githogoro.,,3,,3
XFmkizVkihs,Githongo Sub-County Hospital,12041,,,2,3,5
oau2wlYZlO3,Githumu Hospital,10267,,,2,,2
rg99yzExwVO,Githunguri Health Centre,10269,,,12,3,15
oywqPDtNrTb,Githunguri Health Centre (Ruiru),16748,,,5,2,7
xMHtgmoaubR,Givole Dispensary,17182,,1,,,1
LeATvvxVKcP,Givudimbuli Health Centre,15889,,,1,2,3
hcWdD9jFQQf,GK Farm Prisons Health Centre,14514,,,1,,1
yfk4umSvayX,GK Prison Dispensary (Magarini),11394,,1,5,,6
kIKjM5pMTat,GK Prisons Dispensary (Busia),15891,,,4,,4
yanWZpO1esQ,GK Prisons Dispensary (Kakamega Central),15892,,,2,,2
XdmsyjZT77E,GK Prisons Dispensary (Kibos),13579,,,1,,1
APRSsUJAVrP,Gobei Health Centre,13581,"level 3 facilty in maranda division. By the road Bondo to Kisumu road,just 6 kms from Bondo Town.",,13,,13
G44EhGVs2FX,God Jope Dispensary,13582,situated in Suba East Division,,9,,9
Dp9uga9zfqH,God Kwer Dispensary,13583,Situated in Suba West division and its a GOK Facility,,14,2,16
IlPlC1wPLOt,Godber Health Centre,13584,,,1,,1
TfsKMWO3CEU,Gombato Dispensary (CDF),16546,,,2,,2
KRC06WZHgOL,Gongo Health Centre,13587,,,2,,2
AzOEyXz9Alb,Gongo Health Centre,17516,,,6,,6
hRvE0UfQ1LZ,Gongoni Health Centre,11401,,,7,,7
DPmbpX7Npsj,Good Shepherd Ang'iya,17747,,,18,,18
DVnHWnAZOjR,Got Agulu Sub-District Hospital,13588,within Usigu Division,,14,,14
O3IcMfXrjBu,Got Kamondi Health Centre,18874,,,1,,1
Wd7fRx7kIDT,Got Kojowi Health Centre,13589,,,12,2,14
LUgqcwSvTS4,Got Matar Health Centre,13590,level 3 facility in usigu division,,2,,2
M6pRVexaXwC,Got Osimbo Dispensary,18321,,,2,,2
S3nhzDadRjF,Got Oyaro Health Centre,13592,,,7,,7
dDUH3HhyOUc,Got Regea Dispensary,17520,,,4,,4
Y87ZGSAcivK,Gucha Sub County Referral Hospital,13594,,,17,,17
zwnu6Pa5gLi,Hamisi Sub County Hospital,15894,,1,3,,4
zYY0B4vnqpE,Hamundia Health Centre,16753,,,4,,4
GrfDMFELnO0,Hawinga Health Centre,13600,,,11,,11
bZaDWRI5ubJ,Hindi Magogoni Dispensary,11409,Hindi near DO'S office,,1,,1
wgZ2mHu3aX9,Holo Dispensary,17118,Dispensary,,5,,5
g9QbZTBk5sC,Holy Cross Dispensary,10321,,,1,,1
CmIEKqOW8Lg,Holy family Catholic Hospital (Githunguri),19963,,,4,,4
qZqNL79w8Zg,Holy Family Nangina Mission Hospital,16073,,,18,,18
yYUcfesOy2t,Holy Family Oriang Health Centre   3A,13604,,1,18,1,20
nygh0oNF4ht,Holy Rosary Health Centre,21965,,2,8,,10
q1W718UMFWK,Homa Bay County Teaching and Referral Hospital,13608,,2,51,2,55
N6Z5RiN7cJl,Homa Hills Health Centre,13606,,,8,,8
NkqwenLKRZh,Homa Lime Health Centre,13607,,,6,,6
sL4A85fJAXA,Hongo Ogosa Health Centre,13609,,,11,3,14
AHVXluh93vZ,Hope Compassionate (ACK) Dispensary,16983,,,5,,5
hV3DHVI0Drc,Hope Med C,,,,2,,2
Q4d8psx1iAH,House of Hope Medical Centre,18720,Near Atoyieng'o River,,2,,2
it85wWtSqRp,Huruma District Hospital,14555,,2,11,14,27
m0NMs35zjQP,Huruma Lions Health Centre,12974,Operational,1,22,,23
eu57gimZRDs,Huruma Nursing Home and Maternity,12976,,,2,,2
SAUzCOBQ0Qa,Ibacho Sub-County Hospital,13611,,,2,,2
F5HtXiaPY8b,Ibeno Sub County Hospital,13612,,,1,1,2
hgYuumviWXp,Igara Dispensary,15897,,,2,,2
hpI6fI0SMxI,Igare Medical Clinic,13613,,,1,,1
I0kQUozVjhZ,Igegania Level 4 Hospital,10338,,,6,,6
WVQA3Ztjy6t,Iguhu Sub County Hospital,15899,,,4,,4
tAesyvSssYO,Ijara Sub County Hospital - Masalani,13406,,,1,,1
uBIn3KIzOjH,Ikanga Sub county Hospital,12077,,,5,1,6
eDnqMm7SRAg,Ikombe Health Centre,12078,,,5,,5
PotVOfmjlUJ,Ikonzo Model Health Centre,17165,,,3,1,4
I3Z2QMRd8GN,Ikutha Sub County Hospital,12080,,,6,,6
d4U4gk3e0uD,Ileho Health Centre,15900,,,7,,
UV4fccuhV0R,Imanga Health Centre,18941,,,,1,1
Ez2eGQ08d9R,Immaculate Heart of Mary Hospital,10349,,,,1,1
rVLDPAPrFsC,Imulama Dispensary,16481,,,1,,1
FqsoLjbSI9A,Indangalasia Dispensary,17929,,,,1,1
d01gae2jWRL,Industrial Area Dispensary,14575,,,2,,2
NJ9UDodbyoQ,Inuka Hospital & Maternity Home,13618,,,5,,5
rI8R5Xp4mez,Inyali Dispensary,15903,,,1,,1
y8Mv4FOBkUn,IOM Wellness Clinic,19471,,,7,,7
Xm3UkkgGu65,Ipali Health Centre,15904,,,9,,10
Ww8j3aByxSP,Iranda Sub-County Referral Hospital,13620,,,7,,7
gFC5kCFDDqG,Isebania Sub County Hospital,13625,,,14,1,15
bCCU0zxqG0E,Isecha Sub-County Hospital,13623,,,2,1,3
kgwPDqMydjo,Ishiara Sub-County Hospital,16464,,,2,,2
xbZUlr9VgCK,Isinet Health Centre,14581,,,2,1,3
zDGztuhkhx7,Isinya Health Centre,14582,,,11,,11
qiW2KOBj6AN,Isiolo County and Referral Hospital,12094,Level 4 ( Tier 3),,18,,18
Q5AJ6hof4bq,Iten County Referral Hospital,14586,,,5,2,7
w6so9GSaap0,Ithanga Health Centre,10357,,,7,,7
TK5G8AnqHxV,Itibo Eramani Dispensary,13627,,1,,,1
oCSNlBnL6p2,Iyabe Sub County Hospital,13631,,,4,,4
FvG8gxqqOvf,Jamaa Mission Hospital,12984,,,4,,4
IPuJB69xbia,Jamia Medical Centre,15906,,,1,,1
UZlFjPJGpjz,Jaramogi Oginga Odinga Teaching & Referral Hospital,13939,,3,70,11,84
O9iiqr06g3S,Jaribuni Dispensary,11430,,,1,1,2
JM72QVwNQhk,Jera Dispensary,13634,,,6,,6
XN6yIZhe3bj,Jericho Health Centre,12988,,,10,1,11
tH4jWfv5j99,Jerusalem Dispensary,12989,,,3,,3
naa6PTuNZM4,Jevros Clinic,13635,,,2,,2
INawALMkXAS,JKUAT Hospital,10378,,,2,,2
SiFad15yKhZ,JM Kariuki Memorial County Referral Hospital,10916,,,15,4,19
tiI9qrpW3VL,Johpas Clinic,13636,,,1,,1
MP8fPGLlphd,Jomvu Model Health Centre,11436,,,6,,6
Dy8nOI7jCEX,Joy Nursing Home and Maternity,18594,,,1,1,2
s660dO8z7o6,Juja Farm Health Centre,10386,,,2,,2
y0kyyERURWh,Jumuia Mission Hospital Kaimosi,15913,,,8,,8
lR6W5tK8hAq,Junda Dispensary,20491,,1,,1,2
l6jqUUJvImb,Kabarak Health Centre,14606,,,3,,3
kXKjaWPSN9N,Kabartonjo Referral Hospital,14609,,2,4,,4
ciJFdty24Uw,Kabatini Health Centre,14610,,1,1,1,2
KmYG2XJfp6W,Kabianga Health Centre,14613,,,2,,2
Zzn7r9ALZIk,Kabiemit Health Centre (Mosop),14618,,,1,1,2
XzKZTSICokw,Kabiyet Sub County Hospital,14623,,1,3,,4
IpxTP5z54Zq,Kaborom Dispensary,15910,,,1,1,2
OOXFr1NfIlA,Kabuchai Health Centre,15911,,,1,,1
S1i3cmxCbgX,Kabula Health Centre,15912,,,7,,7
FeUHA7ixSA6,Kabura Uhuyi Dispensary,17531,,,3,,3
WLvYlxbdgy7,Kabutii-Matiret Dispensary,14633,,,13,1,14
WDe0umtdbif,Kabuto Dispensary,13639,,,2,,2
wUI5w5hVFXn,Kachuth Health Center,18876,,,7,,7
Z7ruKy2DyTa,Kadem Tb & Leprosy Dispensary,13640,,,16,,17
iAuQRWVoRpK,Kadenge Ratuoro Health Centre,13641,,,8,,8
i6oyLBSxWfZ,Kadhola Health Center,16769,,,12,,12
My0xFBJaM5c,Kadinda Health Centre,16283,,,9,,9
k1gDvwc81yh,Kadzinuni Dispensary,11447,,,1,,1
BuKsUiPIIkt,Kagaa Health Centre,10394,,,1,,1
CUCTqzLEY0L,Kager Dispensary,13643,,,5,,5
UUbhK0ZeTTz,Kagio Catholic Dispensary (Mary Immucate Catholic Dispensary),10398,Kagio town-off Kutus/Sagana road,,3,,3
L3Cj0eucYCp,Kagumo Health Centre,10402,Kagumo market off Kerugoya/Karatina road,,2,,2
T9MIrcv0VeS,Kagwa Health Centre,13644,,,5,,5
dtRiIn99llQ,Kahawa West Health Centre,12997,,1,13,2,16
q6NwSRm7CoV,Kahembe Health Centre,10419,,,1,,1
MDeK1JwZtsM,Kaibei Dispensary,14639,,,,1,1
xNQuM1wTWrJ,Kaiboi Mission Health Centre,14640,,1,2,,3
LBDUxvoZSdI,Kaikor Sub County Hospital,14643,,,2,,2
lkXTcVtB8kE,Kainuk Health Centre,14645,,,1,,1
tGLKciw2MGf,Kajiado County Referral Hospital,14652,,,6,4,10
Hz3BwMUktOJ,Kakamega County General Hospital,15915,,,19,1,20
kWzAmRGUHal,Kakamega Forest Dispensary,15914,,,1,,1
RUhEEE3keZi,Kakeani Health Centre,12134,,,1,,1
Hkj3pG2XmPE,Kako Health Centre,12135,,,1,,1
Wj1gBKsF1lB,Kakuma Mission Hospital,14655,,,5,2,7
e7MYm1LjA3C,Kalaacha Dispensary,14657,,,2,,2
yFeGs5Liwzi,Kalawa Sub County Hospital,12147,,,3,2,5
T0UkaIvU3F9,Kaliani Dispensary,20579,,,1,,1
JeuBdNUUREJ,Kalimoni Mission Hospital (Juja),10438,,,4,,4
N636nMR9Hsh,Kalokol (AIC) Health Centre,14663,,,2,3,5
h30PQ7TRRWD,Kaloleni Dispensary,12998,Operational,,3,1,4
xhfTwAI9TDu,Kalulini Health Centre (Kibwezi),12156,,,3,,3
SaC88wqvxMt,Kaluo Health Centre,13648,,,11,,11
cgGKqOQ5YLB,Kambajo Dispensary,13651,level 2 facility in maranda division,,10,,10
BEJQPDKe2Mo,Kambare Dispensary,17527,,,4,,4
Qv92hTqycLz,Kambi Ya Waya Dispensary,20771,OPERATIONAL,,3,,3
QUEf4kJAS00,Kambu Catholic Dispensary,11962,,,3,,3
ec7ckAJP9J8,Kambu Sub County Hospital,18596,,,4,,4
NGH1by3UZpG,Kamiti Prison Hospital,13000,,,2,1,3
ZAIMQkZn08B,Kamolo Dispensary,17242,,,1,,1
BpupuJNnQGM,Kamukuywa Dispensary,18346,,,6,1,7
oT7VzeRbscK,Kamutei Health Centre,12166,,,1,,1
y3pJobALcY5,Kamwosor Sub County hospital,14680,,,,1,1
JW0Lexz7zKS,Kanamai Health Care,11454,,,5,,5
VdAAkjhq6Fk,Kandara sub county hospital,10459,,,3,,3
xAqqRiXjUW3,Kandiege Sub-District Hospital,13653,,,6,,6
hxBXSpghyOY,Kangaita Health Centre,10462,Kana]gaita shopping centre,,2,,2
Lpc3U99ALpL,Kangari Health Centre,10465,,,1,,1
RmX34fyMVB3,Kangema Sub-County Hospital,10470,,,3,,3
y42Usl6TdyJ,Kangemi Health Centre,13001,,1,20,10,31
HOt2sRVZXbG,Kangu Dispensary,10471,,1,,,1
F9IW97vowsp,Kangundo Sub county Hospital,12177,,,10,,10
R43KcJMZGP3,Kaningo Health Centre,12178,,,,2,1
OhVOBYmtprM,Kanyagwal Dispensary,13654,,,7,,7
fKR3N7cmgQl,Kanyakine Sub County Hospital,12181,,3,5,1,9
lYQGgd4vdRL,Kanyangi Sub County Hospital,12184,,,1,,1
zUR10GhV7xz,Kanyenyaini Health Centre,10474,,,1,,1
pKwQQQX1kLw,Kanziku Health Centre,12190,,,1,,1
WjEssqA66dw,Kapcherop Health centre,14695,,,3,,3
FabEx0uwlU4,Kapenguria County Referral Hospital,14701,,,9,2,11
vkknkSx0EGT,Kapisimba Dispensary,18506,,,1,,1
nw9YVA9Tx6R,Kapiyo Health Centre,13655,level 3 facility in maranda,,9,,9
cqhuJyqvQEI,Kapkangani Health Centre,14704,,,1,2,3
xq0lRpKYnEm,Kapkateny Dispensary,15922,,,1,,1
GOhRziVaDUw,Kapkatet Sub County Hospital,14706,,,18,,18
O7dzFmz0Df7,Kapkoi Health Center,14720,,,4,2,6
SofFIp5ILCw,Kapkoros Sub-county hospital,14728,,,6,,6
BsRAEfmFfM3,Kapkures Health Centre (Nakuru west),14733,,,4,4,8
DZ6jQqCN4Zo,Kaplamai Health Centre,14734,,,3,,3
Epg5CqAuaHn,Kaplong Hospital,14741,,,6,,6
CCtjKGD19ba,Kapsabet County Referral Hospital,14749,,,15,1,40
P4bWQeI57XU,Kapsara Sub County Hospital,14753,,1,1,2,4
i8iYlkT3T2S,Kapsisiywo Dispensary,14761,,,1,2,3
T4xwbinQdKG,Kapsitwet Dispensary,14762,,,2,,2
syjqhftfG5l,Kapsowar (AIC) Hospital,14767,,,1,,1
WmVkqxdy4xB,Kapsoya Health Centre,14769,,,2,,2
pIRUamww2Tr,Kaptama Health Centre,22508,,,1,,1
hqiyXj3Cfxz,Kaptech Dispensary,16456,,,1,2,3
x7ruP7fXiZQ,Kapteren Health Centre,14781,,,,1,1
u1GwmEW9bNo,Kaptumo Sub-County Hospital,14792,,,,,8
QMdjmr0246S,Karagita Health Centre,14801,,,12,,12
bLeCBUFM3wP,Karatina Sub-county Hospital,10485,,,16,3,19
vzZ53lAMdJp,Karatu level 4 hospital,10489,,2,,1,3
T0QCTzRDCcr,Karen Health Centre,13003,,,12,1,13
Waoec9qt8ol,Karima Health Centre,15927,,,,1,1
EEKdchSCqh9,Kariobangi EDARP,18743,,1,12,3,16
iBcBmbBexUS,Kariobangi Health Centre,13006,,,19,1,20
tlOLq1sNrig,Kariobangi South Dispensary,17434,,,5,1,6
g653XuQUVyj,Karumandi Health Centre,10504,Karumande market-off Kimautugu/Embu road,,1,,1
NRf14PUD9xc,Karungu Sub-County Hospital,13656,,,25,,25
Pa9tT2RsExD,Karuoth Dispensary,17533,,,7,,7
JQnQJCpt8av,Karura Health Centre,13009,Located along Kiambu Road,,2,,2
zYFy90m10i1,Karuri Level 4 Hospital,10507,,1,9,2,12
oaUZAfsPmoJ,Karurumo Rhtc,12203,,,2,1,3
tgcsqKSppEP,Kasaala Health Centre,12204,,,1,,1
FGeEpfWlpMJ,Kasarani Health Centre,13010,,,10,3,13
GJda6nR1YiA,Kasigau Rdch,11455,,,1,,1
D1sNaKhXlyS,Kasongo Dispensary,16282,,,2,,2
GPXXnUS62UB,Katangi Health Centre,12215,,,2,1,3
hORllbg4SRu,Katani Dispensary,12217,,,2,,2
p6OOqwGbiA0,Kathiani Sub County Hospital,12230,,,4,,4
G9Fbh4fc5zU,Kathonzweni Health Centre,12236,,,1,,1
KmXHJRTmJL9,Kathulumbi Health Centre,12238,,,,1,1
BAtfedDlU9v,Katilini Health Centre,12241,,1,,1,2
LXsaR9BQim1,Katilu Sub County Hospital,14818,,,3,1,4
jlWXLaZNtbr,Katito Sub County Hospital,13657,,,26,,26
CZEFya4R7Q9,Katolo-Manyatta Dispensary,18421,,,2,,2
VgkdbpChtIJ,Katulani Sub County Hospital (Kitui),16991,,,3,1,4
AP3Z7jKwro7,Kauma Health Centre (Rachuonyo),13658,,,7,,7
nLISoUBRUAF,Kauwi Sub County Hospital,12255,on the way Kitui-Kanyoonyoo-Thika road near Kabati town,,2,,2
P3f1rMxZYHL,Kaviani Health Centre,12257,,,2,,2
lCVPvilzEK3,Kayaya Dispensary,16710,,,1,2,3
wWnSMqLNWOk,Kayole I Health Centre,13015,Off Kangundo Road,1,16,7,24
xvrQsmtAQsS,Kayole II Sub County Hospital,13016,,,34,10,44
W9Yb3HlYhsB,Kedowa Dispensary,14824,,,1,,1
KvnMTF9ACOd,Kegogi Health Centre,13662,,1,2,,3
X2FnCxPnyEH,Kegondi Health Centre,15928,,,1,,1
NoZjHcIDHGW,Kegonga Sub County Hospital,13663,,,2,,2
dwu3NQizNkT,Kehancha Sub-County Hospital,13726,,,7,3,10
zAs4m0LzAxE,Kemeloi Health Centre,14825,12km East of Serem Market alongKobujoi Serem road.,,3,,1
ide1oUojpWU,Kemri VCT,13019,,,1,,1
EhJ2SBfPRSW,Kendu Adventist Hospital,13667,,,30,,30
lobiB7sMHcN,Kendu Sub-District Hospital,13668,,,10,,10
brSpidcNdoF,Kenyambi Health Centre (Nyamira),16980,,,1,,1
ZWwPSTkiLWX,Kenyatta National Hospital,13023,,,33,3,36
tKlvNnIuqxp,Kenyatta University Dispensary,13024,,,,1,1
B6t2Uc0FqSP,Kenyenya Health Centre (Nyamira),20141,,,1,,1
a1KIkjd2PRa,Kenyenya Sub County Referral Hospital,13673,,1,7,,8
PRImqKybQ8n,Kenyerere Sub County Hospital,13674,,,1,,1
KIcB1UkdXXb,Kenyoro Health Centre,13676,,,1,1,2
IgrMpQRUx5y,Kericho County Referral Hospital,14831,,3,43,5,51
lqtFpfrMOcJ,Keringet Sub County Hospital,14836,,,4,2,6
EqyJ3aErOqW,Kerio Health Centre,14838,Located in Kerio Divison,,1,,1
GqJwyzb70oA,Kerugoya County Refferal Hospital,10520,,,12,2,14
SFjMLzXWaWY,Kesses Health Centre,14841,,,1,3,4
sgKiVsxPcyB,Keumbu Sub County Hospital,13680,,,5,,5
r5bAjjkOcRq,Khalaba Health Centre,15931,,,2,4,6
eHCJ8sB2OJd,Khalwenge Dispensary,22570,,,1,,1
t6T4az63PGl,Khaoya Dispensary,15933,,1,,,1
OwaQqvBExjF,Khasoko Health Centre,15935,,1,2,,3
hbWUwbyiJhb,Khaunga Health centre,15936,,,,2,2
TJnBh1U3GEs,Khunyangu Sub County Hospital,15939,,,20,3,23
kyuG50xCh7R,Khwisero Level IV Hospital,15940,,,6,,6
fyiHrh4tOpQ,Kiamabara Health Centre,10530,,,1,,1
QtkuzgCwZnB,Kiambere Dam Dispensary,12271,,,4,,4
KQKx6gpqt19,Kiambogo Dispensary (Gilgil),14845,,,2,2,4
X3m67s9fYES,Kiambu County Referal Hospital,10539,,,33,4,37
gUMUKtsdh8z,Kiamutugu Health Centre,10545,Kiamutugu shopping centre-off Kutus/Kianyaga road,,1,,1
ba63sP0ArOy,Kiandutu Health Centre,16814,,1,11,7,19
MxxUSfpmXEr,Kianjokoma Health Centre,12279,,,1,,1
fi4t3iRQ5Ng,Kianyaga Sub-County Hospital,10565,,1,2,2,5
bcUwAhP3wRu,Kiaruta Dispensary,13685,,,5,,5
E7Y4bV5AjJV,Kiasa Health Center,13686,,,11,1,12
PZKXP2PYFKX,Kibera Community Health Centre (Amref),13028,,1,35,4,40
mi7ORwgRy3S,Kibera D.O. Dispensary,13029,,,5,,5
SXegfern6PF,Kibigori Dispensary,13687,,,9,,9
CbWO3Te8Tut,Kibirichia Sub-District Hospital,12282,,,3,,3
xlpkJEXcIDZ,Kibisi Dispensary,15943,,,,3,3
tWQw1jmjWO4,Kibogo Dispensary,13688,,,10,,10
rVDOiFMpHlD,Kibugu Health Centre,12287,,,2,1,3
WCjUg04KkUY,Kibung'a Sub County Hospital,23887,,,1,,1
dzNztOh9T5P,Kibwezi Sub County Hospital,12291,At Kibwezi Town along Kalimani - Kitui Road. 500m from the main Nairobi-Mombasa road,,5,,11
EZAag3FkBnY,Kiganjo Health centre,10581,,,3,,3
F7WS5lx7cG9,Kiganjo Health Centre,10582,,,4,,4
GdJBEHyjtcF,Kigumo Sub County Hospital,10588,,,2,3,5
bxheWBppb9H,Kihara Sub County Hospital,10591,,,13,1,14
HVOJPKtJhsG,Kijabe (AIC) Hospital,10602,,,1,,1
IIw7XjguWks,Kijabe (AIC) Hospital Marira Medical Clinic,10693,,,9,,9
OQ9TVd3E10r,Kijani (Mirera) Dispensary,17821,,,1,1,2
toOGtwnm0oz,Kijauri Sub County Hospital,13692,,,6,,5
L5vghcuxIpC,Kijawa Health Centre,16765,,,5,,5
ZbuU0YQiDug,Kikesa Health Centre,12305,,,1,,1
pjoG55x2KMq,Kikoko Mission Hospital,12306,,,1,,1
UrRsO2NsxHZ,Kikoneni Health Centre,11472,,,3,,3
HO8XXXER1ZS,Kikuyu (PCEA) Hospital,10603,,,8,,8
OjwX5IrpWkM,Kilala Health Centre,12309,,,4,,4
nyNZg4aC19J,Kilibwoni Health Centre,14866,,,1,,1
HVsXeh7EatU,Kilifi County Hospital,11474,,,18,6,24
uGkRT5JzUwe,Kilili Health Centre,12312,,,1,,1
DdPmglUPme3,Kilingili Health Centre,15945,,,2,2,4
HKuDiBH4yTb,Kilungu Sub County Hospital,12314,,,12,,6
OwA3FdxjmkQ,Kima Mission Hospital,15946,,,2,,2
XbRB4QvjEBy,Kimaeti Health centre,15947,,1,3,1,5
yUxuh0HkWnr,Kimalewa Health Centre,15948,,,1,,1
Y9qucizTmZG,Kimana Health Centre,14868,,,6,1,7
ZAp1tGmL6oO,Kimbimbi Sub-County Hospital,10609,,,12,,12
Bs89THDd5QL,Kimilili Subcounty Hospital,15950,,,6,3,9
KgRIBuqUqbj,Kiminini Cottage Mission Hospital,14872,,1,3,,4
BBja2vvFgHY,Kimnai Dispensary,14874,,,3,,3
JBUB73WGzNi,Kimondi Forest Dispensary,14876,,,1,,1
p0zbkFwLKIu,Kimonge Health Centre,13693,,,4,,4
trxPkQIiUSK,Kina Dispensary,12319,,,4,,4
KT34EaG36YR,Kinango Sub County Hospital,11480,I200 metres from Kinango Town Market,,6,,6
aSPafr5E6SG,Kinasia Dispensary,13694,Dispensay,,1,,1
vycaQ7VRJxH,Kineni Dispensary,22257,,,,1,1
EkOzgHoE8yb,Kinna Health Centre,12323,,,1,,1
wEmj5Y6nGNJ,Kinondo Kwetu Community Clinic,16547,,,10,2,10
F0Uf3SJ6y5k,Kinoru Dispensary,12326,,,2,,2
psJYcZgeJQ6,Kiobegi Dispensary (Bobasi),19917,,,2,,2
FWlciiBqhQn,Kiogoro Sub County Hospital,13696,,,6,,6
r1ZedtoM2sn,Kionyo Health Centre,13697,,,5,,5
LPKh4nXw3jE,Kipingi Dispensary,16269,,,1,,1
rDsVgG318og,Kipkelion Sub County Hospital,14897,,,1,2,3
OTu4xNrbdX0,Kipsonoi Health Centre,14920,,,,1,1
bnQePNfUZB8,Kiptere Dispensary,14928,,,1,,1
jlIvgmGm0gR,Kipwastuiyo Health Centre,14935,,,,2,2
l1J71xfA3v7,Kiria-Ini Mission Hospital,10627,,,7,1,8
dzPtnXVHu7C,Kiritiri Health Centre,16466,,,8,1,9
XIQZfo5zeey,Kisasi Health Centre (Kitui Rural),12340,,,1,2,3
RztzXSmM6Zu,Kisau Sub County Hospital,12341,,,3,1,4
YJtzYxZ8W75,Kisauni Health Centre,17911,,,6,,6
SAca0wPRzA8,Kisii Teaching And Referral Hospital (Level 6),13703,,8,11,,19
CSFHkngjmkK,Kisiiki Health Centre,12347,,,1,1,2
t2EKhTeMUOr,Kisima Health Centre,14943,Health Centre,1,2,,3
uBfCuhllvg3,Kisumu County Hospital,13704,located within Winam Division. GOK,,64,,64
Lhf5atPasou,Kitalale Dispensary,14946,,1,1,,2
zPojcAQtw2L,Kitale County Referral Hospital,14947,,1,54,7,62
WqgsRsVlbaG,Kitengela GK Prison Dispensary,14517,,,3,2,5
PHJHqpSpfRc,Kitengela Medical Services,14951,,,10,1,11
AW4Fs3TsAtO,Kitengela Sub-County Hospital,14950,,,25,,25
f3XukP1v8uT,Kitere Health Centre,17341,,,3,,3
p6yj2NscPQ5,Kithimani Health Centre,12357,,,10,1,11
MtUXQriAX6H,Kithimu Health Centre,12359,,,1,,1
G5ftbR0paKv,Kithyoko Health Centre,12362,,,1,,1
dtWdw8ogYzJ,Kitui County Referral Hospital,12366,,,6,1,7
syMX95GoW0g,Kituka Dispensary,13706,,,6,,6
AuletUO24bE,Kitutu Chache North Sub County Referral Hospital,13772,,,4,2,6
w0QBLXNdhK1,Kiumbu Health Centre,10641,Kiumbu shopping centre,,1,,1
Og5UEnRkvyU,Kivaa Health Centre,12375,,,4,,4
CUebFxNlAzb,Kivaani Health Centre,12376,,,3,,3
ekQxVaIMErv,Kivuli Dispensary,13036,,,2,,2
WQRkoXjzOCr,Kiwamu Health Centre,14954,,,2,,2
FYGO2TZZWuq,Kiwandani Dispensary,11493,,,4,1,5
xfNWSEyv3de,Kobodo Health Center,20241,,,5,,5
CwjlYsZ5UbP,Kobuya Health Centre,13708,,,3,,3
Q4XkYFvskeI,Kodiaga Prison Health Centre,13709,,,4,1,5
KPgXAJQ4rkD,Kodingo Health Centre,13727,,,5,,5
KgZZAFbhdee,Koduogo Health Centre,19861,,,10,,10
XZwiXe6lGnE,Kogelo Dispensary,13710,,,18,,18
JvTAtefBKPX,Kogweno Oriang' Dispensary,13711,,,2,,2
J645cFsNOCM,Koilot Health Centre,14965,,,1,,1
uXqhVeVab1Y,Koiwa Sub County Hospital,14970,,,2,,2
LYay7WMzdXz,Kokech Mirondo Health Center,21212,,,3,,3
DICdQoX6MX6,Kokuro Health Centre,14975,,,,2,2
Eiae4BkyI7w,Kokwanyo Health Centre,13712,,,5,,5
tHIuPy0T8F8,Kolenyo Health Centre,17172,,,1,,1
iX9MCYrhHOP,Koloo Dispensary,17038,,,11,1,12
UMrj6jMVGcj,Kolunga Health Centre,13642,,1,4,,5
Cm5Cyjgr17X,Kolwal Dispensary,17344,,,1,,
UaSLLKNersa,Komarock Modern Medical Care,17717,,,1,1,
WPhMyqa7tMP,Kombato Dispensary,16270,,,6,,6
tMymqzXY5dg,Kombewa County Referral Hospital,13714,Located on the Kisumu Bondo road,,42,1,43
clZmNWCEkGG,Kome Health Center,20347,,1,,,1
iIngX6G2Ezq,Kongoni Health Centre,15955,,,4,,4
f7VNgpLhVwW,Kongowea Health Centre,11499,,,4,3,7
MQcFGwW1QsE,Kopanga Dispensary (CHAK),13718,Situated in Suba West division and its a FBO Facility,,5,1,4
UF9HJO258Yp,Korogocho Health Centre,18895,,1,2,6,9
UnUk7uMZeBz,Koru Mission Health Centre,13719,,,3,,3
j6QLHcTeO6f,Korwenje Dispensary,13720,,,4,1,5
guIhLrHfgZq,Kory Family HospitaI (Kimilili),23738,Operational,,6,5,9
KYUD8eEHcCn,Kosele Health Centre,13721,,1,1,,2
DNnvCXUMH4v,Kowino Dispensary,13722,,,7,,7
aWpElDmioIw,Kuja Dispensary,13724,,,4,,4
tgRwAp3Oey9,Kunya Dispensary,13725,,,4,,4
kVf9NYAIaiL,Kunyak Dispensary,15001,,,1,,1
TAPp4w4qSDy,Kuoyo Kaila Health Centre,17171,,,1,,1
zeoRrDlbcNF,Kurangurik Health Centre,15002,,1,5,1,7
ZQBkmrdOpuC,Kuresoi Health Centre,16683,,,1,1,2
wWCwq9j5JFU,Kutus Dispensary,10647,Kutus town-Kutus mjini,,1,1,2
G26gYDAw5R1,Kwakavisi Dispensary,12398,,,1,,1
gbQw8OQtjpj,Kwale Sub County Hospital,11507,,,2,,2
mzBw4T72sa5,Kwamo Health Center,13728,,,2,,2
kbdzFwfqYb8,Kwanza Sub County Hospital,15003,,1,6,5,12
vshyHFPS1Mo,Kware Dispensary,23414,,,,1,1
FH1lPSOnK9z,Kwoyo Kodalo Dispensary,13729,,,3,,3
kUoL1ezN7NN,KYC Transmara,21206,,,4,,4
u27OZ3b9ijq,Kyuasini Health Centre,16254,,1,1,,2
Qpyxl9nhTo8,Kyumbi Health centre,21027,,,4,,4
YZuzvi5zGPy,Kyuso Sub County Hospital,12420,,,4,,4
f1mpqnM6p8W,Laare Health Centre,12422,,,5,4,9
MGXReb42dmA,Lambwe Health Centre,13731,,,5,,5
xMrLIAS6Y17,Lanet Health Centre,15008,,,15,,15
KyonjDmOEi9,Lang'ata Health Centre (Ruiru),18762,,,15,10,25
dPEyAJaDVPX,Langalanga Sub County Hospital,15009,,2,10,2,14
pyVe7DfRPnj,Langas RCEA Health Center,15011,,4,11,6,21
m516aDmFUUI,Langata Subcounty Hospital (Mugumoini),13041,,,9,3,12
QTbpZ8fdTZG,Langi Kawino Dispensary,18250,,,3,,3
Ku5nAnBOjpw,Langi Kodera Dispensary,25260,,,8,,8
QPi8HppUeQL,Lare Health Centre,15013,,,3,,3
v7AyMzU9144,Lari Level 4 Hospital,10655,,,2,,2
QaPgykvnQjc,Lea Toto (Kariobangi North),13045,,,121,12,133
k9ZL4QIqbiJ,Lea Toto Zimmerman,18828,,,112,,110
QW6vvfY5L0U,Lela community Health Centre,13733,,,3,,3
RmvqxZei2rD,Lemotit Dispensary,15026,,,2,,2
U6cuWLDIg1T,Lessos Comprehensive Health Centre,15030,,,4,,4
zKDQjMY6KLK,Lidha Dispensary,17525,,,4,,4
ZFly5uT5UHQ,Lieta Health Centre (Rarieda),17439,,,2,,2
XedKlZAN2O9,Ligala Dispensary,18320,,1,6,,7
AlQczmsgUJn,Ligega Health Centre,13735,,3,6,,9
NE6kXJlu9lG,Lihanda Health Centre,17512,,,3,,3
EOwZKRgVff8,Likii Dispensary,15035,,,2,,1
GwLVDDMCfyU,Likindu Dispensary,15960,,,2,,2
bvUg2vPkLWw,Likoni Subcounty Hospital,11522,,,13,,13
AbSJUr5oge2,Likuyani Sub-County Hospital,15961,,,3,3,7
DoFGg4toGRt,Limuru Health Centre,10661,,,7,,7
Y4WPy8CHdAl,Lipton Central Hospital,15761,,,5,,5
cydsug5htZ9,Live With Hope Dispensary,17589,,,48,,48
B9XQn7IBaMW,Loco Dispensary,13051,Dispensary,,6,,6
IDGEt81zZin,Lodwar County Referral Hospital,15049,,,16,2,18
Cx6s78Ev9QT,Loitokitok Sub County Hospital,15051,,,6,1,7
aKjGXxIWmX3,Lokichar (RCEA) Health Centre,15057,,,3,1,4
sfUb61y4eOl,Lokori Primary Health Care Programme,16324,,,2,,2
Qxt1FTtPDX9,Lolgorian Sub County Hospital,15068,,,,1,1
ttSQ3WmIuow,Lolwe Health Centre,21262,,,2,,2
feqZZjDHYmo,Londiani Sub County Hospital,15074,,,8,3,11
SuxAmnVfsiA,Longisa County Referral Hospital,15077,,2,9,2,7
qIGDrvFNv3H,Luanda Town Dispensary,15963,,,2,2,3
QwmMZVZSkRy,Lugari Forest Dispensary,15964,,,1,,1
GzJU2wkfa30,Lugulu Friends Mission Hospital,15965,,,11,1,12
cmnkbtwBEkZ,Lugumek Dispensary,15100,,,2,,3
H0082HeDWgo,Lukhome Dispensary (Kabuchai),15966,,,1,1,2
IrL6Uu2RpKO,Lukhome Health Centre,15101,,,1,1,2
dJlnXGDCdFE,Lukhuna Dispensary,15967,,,1,1,2
Uzbi7NX6aVo,Lukolis Model Health Centre,15968,,,1,,1
k0yug2XqYRT,Lumakanda County Hospital,15969,,1,2,5,8
r8z0MeOdroa,Lumani Dispensary,15970,,,,2,2
Z65JvisTm4o,Lumino Dispensary,18624,,,1,,1
qa07L6R8UeS,Lumumba Sub County Hospital,13738,Sub County Hospital,,46,7,47
V4mRikko5vW,Lung'anyiro Health Centre,15972,,,2,2,4
oveetILWJK3,Lunga Lunga Health Centre,13053,,,17,,17
mz64odxfFPq,Lungalunga Sub County Hospital,11526,,,2,,2
VuP1KLi79Bn,Lupida sub county hospital,15975,,,5,,5
kODtFznDC4N,Lurare Dispensary,15976,,,1,,
vlaFA7e0Boh,Lusheya Health Centre,15977,,,3,1,4
AKhVrrqumM6,Lusigetti sub-county hospital,10666,,,4,3,7
Z4h8itV1gpt,Lwala Community Hospital,13740,,2,21,,23
lkn5DPoeGjs,Lwala Kadawa Health Centre,17174,,,3,,3
enFogPQF7aZ,Lwanda Awiti Health Center,16770,,,5,,5
YFSNlKvGVDj,Lwanda Dispensary,13741,,1,9,1,11
UK55eWU12tC,Lwanda Gwassi Health Centre,13742,,,3,,3
EhyrEz0u06R,Lwanda Kobita Health Center,20285,,,6,,6
fCqYyRV7PKi,Lwandanyi Dispensary,15980,,,1,,1
QPgGjJSA4pB,Lyanaginga Model Health Centre,15982,OFF MAHANGA-KERONGO ROARD,,,1,1
PJpy4XMrHPm,Mabinju Dispensary,13743,level 2 facility in nyangoma division,,11,,11
dkDsAHgijLc,Mabole Health Centre,17297,,,2,2,4
aTrw18DrKW1,Mabusi Health Centre,15983,,,6,1,7
BXOrXdOZoWE,Macalder Sub-County Hospital,13745,,,16,,16
fG07wRWF4mw,Machakos Level 5 Hospital,12438,Near machakos town next to the bus station along machakos -wote road,,22,6,28
AitdgAZ8GD5,Madende Model Health Centre,15985,,,3,,3
NFVVCDVuAkk,Madiany Sub County  Hospital,13747,,,22,,22
RELmuAM0tcj,Madunguni Dispensary,11534,,,,1,1
hnveIA9HE5L,Magadi Hospital,15107,,1,1,,2
eZ1lHxSAjET,Magena Health Centre,13748,,,5,,5
CSHDsXBlP7m,Magenche Health Centre,13749,,,2,,2
gpUX2gUBsc9,Mageta Health Centre,13750,level 3 facility  in the island usigu division,,6,,6
IsPfFl0jTyA,Magina Health Center,18430,Health Center,,4,1,5
XfoCce2vn0n,Magina Health Centre,13751,,,8,,8
sgK5aw8tN1y,Mago Care Health Centre,21115,Situated along Chavakali Kaimosi road adjacent to Mago polytechnic,,1,,1
FcIvchcbwUH,Magombo Community Dispensary,17134,,,1,,1
nrZfcIAiyRx,Magombo Health Centre,13752,,,1,,1
ThT4PxgmYQL,Magongo (MCM) Dispensary,11538,,1,8,,9
vBqYUbQHTyR,Magunga Level IV Hospital,13753,,1,13,,14
fXf88nqZeKn,Magutuni Sub County Hospital,12445,,,5,,5
t0zCVxe2wkB,Mahaya Health Centre (Rarieda),13757,,,7,,7
D1MRmsEeJs8,Mai Mahiu Health Centre,15108,,,4,4,8
fdUe86MgnlP,Maiela Health Centre,15106,,,2,,2
dzOCj3AlCqe,Mailisaba Dispensary,20002,,1,,1,2
PuE4XHg3mFm,Maina Village Dispensary,10672,,,3,,3
DsOK1u3aO6G,Mainga Health Centre,21208,,,2,,2
qmZ0gpAyEdq,Makadara Hospital,13056,Along gogoo Road Opposite Hamza Makadara Railaw station,,20,4,24
ENCv690Yryw,Makadara Mercy Sisters Dispensary,13057,,,10,,10
MWWddpdCM6G,Makengi Dispensary (Embu),12453,,,1,,1
BDrlSp3SHoq,Makhonge Health Centre,15990,,,4,,4
NQrGfGGhV0g,Makindu Dispensary,13759,,,1,,1
aA0u9LbIY9e,Makindu Sub County Hospital,12455,,,11,,11
aQqBjPqT0jU,Makongeni Dispensary,18432,,,7,3,9
Bhr4Rlyp4dt,Makongeni Level 4,19858,,1,4,,5
PkLRGRtOY62,Maktau Health Centre,11549,,,2,,2
YgHyNJOU8hs,Makueni County Referral Hospital,12457,,,8,,8
WHog7fSSmKt,Makunga Sub-County Hospital,15991,,1,4,3,8
OochC7lpTbO,Makutano Health Centre,15992,,,1,2,3
ZHKA6zNeUk2,Makuyu Health Centre,10674,,,8,,8
a0qvQ3FrCD8,Malaba Health center,15993,,,5,2,7
sS7IzDF2Tm1,Malaha Dispensary,17150,,,1,,1
HAD4hll0ALY,Malakisi Health Centre,15994,,,3,,3
LG4e3brI9u7,Malanga Health Centre,13760,,,10,,10
pxlVNltvIME,Malava County Hospital,15996,,,8,4,12
J7EO2t0VKCs,Malela Level 4 Hospital,13761,,,4,,4
qqhDXan6YY4,Maliera SDA Dispensary,20013,,,1,,1
vzRh9ON9ZsM,Malindi Sub-County Hospital,11555,,,17,6,23
CQFAYq3arhb,Mama Anns Odede Community Health Centre,18912,,1,3,,4
EmMu340uBVZ,Mama Lucy Kibaki Hospital (Embakasi),17411,,6,18,10,34
ZSjZcx0lxrz,Mama Plister Blair Health Centre,17121,,,17,,17
O8cO0JfUo2l,Mambrui Dispensary,11559,,,2,,2
S0pNUj8UTsw,Manda Dispensary,17681,,,1,,1
jqrGlRD2MbV,Mandera County Refferal Hospital,13402,,,2,,2
gO4F9cwk5WB,Manga Sub County Hospital,13766,,,2,,2
KysFcG0IQYZ,Manunga Health Centre,10681,,,2,,2
Jq3sWm3tMJy,Manyala Sub County Hospital,15999,,,7,2,9
Nkbsp23UkM3,Manyatta (SDA) Dispensary,13769,,,6,1,7
EZCHSlG09NE,Manyuanda Health Centre (Rarieda),13771,,1,14,,15
gzocEzWT73W,Manyuanda Sub county Hospital,13770,,,22,,22
kKVNAgtxsgI,Marafa Sub County Hospital,11562,,,3,,3
WMjR7Dtk7aj,Maragua Sub County Hospital,10686,,,16,2,18
dsaHh6LxrRQ,Maram Health Center,16258,,,33,1,34
Jm2yFzjQT78,Marenyo Health Centre,13773,,,10,,10
xFk3GI5SCCl,Marereni Dispensary,11563,,,4,1,5
TXorfZmnbmS,Maria Immaculate Hospital Lavington,13062,,,2,,2
mITAGtWnWEK,Mariakani Sub County Hospital,11566,Along mombasa -Nairobi highway past Mazeras from Mombasa,,16,,16
vgvLvqu6Xfc,Marigat Catholic Mission Hospital,15137,,,,1,1
TGSQz8SdKu1,Marigat Sub County Referral Hospital,15138,,,4,,4
tLVjdEE6IX2,Marimanti Sub County Hospital,12795,,,3,,3
t0xZjkBr5NR,Marindi Sub County Hospital,13777,,,28,7,35
gAKWWlzco2t,Maringo Clinic,13069,Operational,,,,4
LGgFPRuWpws,Mariwa Health Centre,13778,,,7,,7
FzCzyHnlX47,Marurui Health Centre,13071,,6,3,1,4
hMj9Y1CRfLV,Mary Help of The Sick Hospital,10698,,1,3,,4
gQOARcEQVeO,Mary Immaculate Hospital (Nyeri North),10700,,,2,,2
sSoQItUt4xV,Masaba Hospital Kisumu,18414,,,2,1,3
Kp2Kfseofdd,Masaba Sub-County  Hospital,13678,,1,6,2,9
ltcUO2beWif,Masala Dispensary,13780,,1,2,,3
iGeBkKapn5s,Masendebale Dispensary,17157,,,1,1,2
gEEJqBQ2vqX,Maseno Mission Hospital,13781,,,15,,15
PjStrCd2jns,Mashambani Health Centre,17111,,,1,,1
RFhDgy6Fjq4,Mashuuru Sub County Hospital,15150,,,2,,2
eVIeDQ3j9kW,Masii Health Centre,12475,,,6,,6
dTKM4VbCSvA,Masimba Sub-County Hospital,13783,,,1,,1
QicfgXP0eIq,Masinga Sub County Hospital,12476,,,1,1,2
w8NTKsoCH8b,Masogo Dispensary (Gem),17518,,,3,,3
lTByU1FuxtM,Masogo Health Centre,13784,,,5,,5
FDrUcAP4Sn4,Masogo Sub County Hospital,13785,,,12,,12
hwIHYJWkZ6t,Masongaleni Health Centre,12477,,,2,,2
UVAVSmgmLgj,Masongo Dispensary,13786,,,1,,1
eBEloHL6afC,Mata Dispensary (Taveta),11577,,,1,,1
Ox532fak7j5,Matangwe Community Health Centre,13787,,,5,,5
FXOdrZAa7bo,Matanya Dispensary,15152,,,11,,
GSBiP2fM5zp,Matata Nursing Hospital,13789,,8,8,,16
Ki3E4GNuj27,Matayos Sub County Hospital,16004,,,6,4,8
rxOzjXrbCkg,Matete Level 4 Hospital,16005,,,3,1,4
QyiacDkIae3,Mathare 3A (EDARP),13075,,1,13,2,16
Ea0rQYGCbYx,Mathare North Hospital,13077,,1,27,1,29
bT26O2JfFSB,Mathare Police Depot,13078,,1,,,
YaNze2Y77ss,Mathari Hospital,13076,,,3,,3
YdthQZVh45c,Matibabu Ukwala Clinic,17529,,,4,,4
YBUNnyEh8fI,Matiliku Sub County Hospital,12485,,,1,1,2
VdppIFvYta4,Matongo Health Centre,13790,,,7,,7
bi747puqsrA,Matoso Health Clinic,13793,,,1,,1
ttGIIqGqFOt,Matsangoni Model Health Centre,11580,,,4,,4
ofrW88rUDJw,Matunda Sub County Hospital,16364,,,4,,4
iuatmqJAf90,Matunda Sub County Hospital,16008,,,4,,4
MdJ4Zb1k9o6,Matungu Sub County Hospital,16037,G.O.K,,8,2,10
KKCH0q292Wz,Matungulu Health Centre,16439,,1,2,,3
ilI3ROaTEuf,Maturu Dispensary,16009,,,,4,4
ZYwmqGDRgY5,Matuu Level 4 Hospital,12488,,1,14,,15
evV553fu7J8,Matuu Mission Health Centre,12489,,,1,3,4
FJLwPzKpxiy,Mau Narok Health Centre,15156,,,2,6,8
pnELrefcHxQ,Maua Methodist Hospital,12492,,,17,5,22
s7kF3iHFhmi,Mautuma Sub County Hospital,16010,,1,4,1,6
N41yfPxtAlL,Mavivye Model Health Centre,17256,,,3,,3
bHv5fWNPV64,Mavoko Level 4 Hospital,11936,,,18,7,25
q2YkoU00i0A,Mawere Dispensary,13796,in maranda Division. Near the boarder of Siaya and Bondo,,2,,2
Lmx5JKQupiP,Mayanja Dispensary,16489,,,4,1,5
JtllB0zMEYx,Mayenje Dispensary,21042,,,1,1,2
pnHduTXb4hB,Mazeras Health centre,11585,,,2,,2
HG5fUsbdzk6,Mbaga Health Centre,13797,,,7,,7
mu9d9jNXA6Y,Mbagathi County Referral Hospital,13080,,,18,5,23
DbCCiO4AXdh,Mbale Rural Health Training Centre,16012,SITUATED OPPOSITE MUNG'OMA CHEMIST,1,7,1,10
Kr5Vxuz1yLl,Mbeere Sub-County Hospital,16467,Public Hospital situated in Siakago Town,,1,,1
LNxAuLQveoD,Mbenuu H Centre,12499,,,1,,1
QGDYhPfwBWt,Mbeu Sub-District Hospital,12500,,,1,,1
x8kNXLmgEDu,Mbitini Health Centre,12521,,,6,,6
V0TLwliVcEl,Mbiuni Health Centre,12503,,,1,,1
pCUabLDKcQM,Mbooni Sub County Hospital,12508,,,6,,6
hJ2Hv8MfMKI,Mbungoni Catholic Dispensary (CBHC),18043,,,12,4,16
DkqZGBy1IPy,Mbuta Model Health Centre,11592,,,1,1,2
C5PLq7spOnB,Mechimeru Model Health Center,16014,,,2,,2
WNMTHpw5zHA,Med 25 International Kenya,17690,,,6,6,12
oJcCDwp7HnM,Megwara Dispensary,15168,,,4,,4
R0DV22i3suI,Melwa Health Centre,15170,,,2,,2
iuldhpF2IHo,Menengai Dispensary,20138,,,3,,3
dcnhTpMFSDo,Mercy Hospital,15174,,2,2,,4
SZSRCK3TjZN,Merewet Dispensary,15177,,,1,,1
aL5ylUzJokH,Merigi Health Centre,15178,,,6,,6
uwvOG2N2Cmt,Meru Teaching And Referral Hospital,12516,,1,25,5,31
h3ZRAclZqK8,Meteitei Sub-District Hospital,15181,Sub-County Hospital,1,3,3,5
Hu1BwBlNLr6,Metropolitan Hospital Nairobi,13090,,,4,,4
r1TbCZwi10y,Mewa Hospital,11600,,,1,,1
ZSphtl0DYFq,Miambani Health Centre,12519,,,1,2,3
pP9chFqKMHb,Miathene District Hospital,16234,,1,,1,2
UlOy160zonh,Midida Dispensary,17342,,,5,3,8
q3Hiw70svzH,Midoti Dispensary,13804,situated in Suba East Division and its  a GOK Facility,,5,,5
dOTpdQwrYeN,Migori County Referral Hospital,13805,Situated in Suba Central and its a GOK Facilily,,35,10,45
zZdbrp6Tyiv,Migosi Sub County Hospital,13807,Facility upgraded from Health Center to Sub County Hospital,,26,5,31
Mi0pnaEXWh2,Migwani Sub County Hospital,12523,,,7,,7
PoGRaH97BVF,Mihuu Dispensary,16016,,,1,1,2
Zbiixb1PWrk,Mikindani (MCM) Dispensary,11613,,1,4,2,5
FdzyWE8bSST,Mikindani Catholic Dispensary,11614,,,12,,12
jobx0qAOpoC,Mikinduri Sub-District Hospial,12525,,,4,,4
fkW2AtRyW2I,Mikumbune Sub-District Hospital,12526,,1,,1,2
kPQ0eHv8sXA,Milo Health Centre,16018,,,1,,1
Myq1ZTOEgEg,Miluki Dispensary,16019,,,2,,2
PIXoJMTOosr,Mindhine Dispensary,13803,,,2,1,3
bMTnmUmmVzc,Miniambo Health Centre,16766,,1,12,,13
RuVa3z3qxpv,Minyenya Health Centre,13809,,,3,,3
ibwx3O2yztO,Miranga Sub County Hospital,13810,,2,8,6,16
ClfJQm3Docv,Mirangine Health Centre,10732,,,,1,1
wTvF9os0GY9,Mirere Health Centre,17931,,,1,,1
WF04P1pRp2f,Miritini CDF Health Centre,11620,,,6,2,8
DJbGPQhE93o,Miriu Health Centre,13812,,1,21,,22
FL59pgqDXol,Mirogi Health Centre,13813,,1,25,,26
h01C8P5M7cJ,Mirugi Kariuki Sub County Hospital,15188,,,3,1,4
T6kjXKie5KZ,Misesi Sub County Hospital,13814,,,2,,2
ttjlT9tfGCj,Misori Dispensary,13815,,,5,,5
WK5p6zkEhfX,Mitaboni Health Centre,12530,,,4,2,6
I4rhKKyqMjo,Mitume Dispensary,18752,,,1,,1
Z5NeINoTgxS,Miwani Health Centre,13816,,,3,,3
THNDq8DTAhT,Mkongani Health Centre,11629,,,1,,1
ebxBpxNXZP1,Mlaleo CDF Health Centre,18210,,,11,,11
JLycfrnh9yB,Mlaleo Medical Clinic,11634,,,10,,10
oFxoGR6nj0P,Mlolongo Health Centre,18581,,1,8,1,10
U5xbK4LZeYP,Mnara Dispensary,13817,,,,1,1
hU0HsTvk8eo,Mochongoi Health Centre,15192,,,,4,4
oXSYWYUv3SN,Modambogho Dispensary,17126,,,2,,2
O2EIvcf2efM,Mogogosiek Health Centre,15195,Health Centre,,6,1,6
sDgMJ46sG5P,Mogori-Komasimo Health Centre,16721,,,2,1,3
Dh04YKYYrWd,Mogotio Sub County Hospital (Baringo),20005,,1,,,1
guF7zg2Bdcy,Moi County Referral Hospital (Voi),11641,,,9,2,11
I3B5p98nl4j,Moi Ndabi Dispensary,15203,,,1,,1
R4pTsCSueeh,Moi Teaching Refferal Hospital,15204,,,47,14,61
cxqZPcA0nwV,Moi's Bridge Health Centre,15209,,1,7,6,10
M7BDO72aXZy,Moiben Health Centre,15206,,,5,,5
IbIpYe5FyiE,Mokomoni Health Centre,13820,,,1,,1
cSzox9dcQlU,Molo Sub County Hospital,15212,,,15,8,23
qXXmA7kcfgg,Momoniat Health Centre,15219,,,3,1,4
FNIEbT5nfml,Mongorisi Health Centre,16982,,,1,,1
Vddks98p1ro,Monianku Health Centre,13821,,,1,,1
vi6T7toguA4,Mosiro Health Centre (Kajiado West),15226,,,,2,2
VBjJasa8Ln3,Mosocho Market Dispensary,20114,,,3,,3
uBH5mlmn9vz,Mosoriot Sub County Hospital,15229,,,16,,16
Kj2rML8tFk2,Mother Angela Huruma Hospital,14553,,,4,1,5
mz4h1YkqvAc,Mother Franciscan Mission Health Centre,15231,,,3,2,5
V5geBYzVbgD,Mother Kevin Hospital (Catholic),15232,,,7,,7
vn36KyrP17l,Moticho Health Centre,13825,,,5,,5
xWXdDXkBeiy,Mowlem Health Centre,24272,,2,7,,7
Wftkk5ibasq,Mpinzinyi Health Centre,11650,,1,,,1
musLWYtdRpQ,Mrima Maternity Hospital,19606,,1,10,3,14
nUFNIok7EwF,Msambweni County Referral Hospital,11655,,,5,1,6
US2758TQo9n,Mt Elgon National Park Dispensary,15240,,,1,1,1
x0iSqHsozPd,Mt Elgon Sub County Hospital,16025,,,6,,6
EjGDFOdiRTy,Mt Kenya (ACK) Hospital,10738,,,3,,3
mdMk0zMyY5Y,Mt Kenya Sub County Hospital,10739,District Hospital,,8,,8
UuRk6DvdifM,Mtito Andei Sub County Hospital,12547,,,4,,4
jCgLoLmPlKC,Mtongwe Dispensary,11669,,,5,2,7
xO3P9qyihvm,Mtwapa Nursing Home,11673,,,,1,1
g93vSYftyjR,Mtwapa Sub County Hospital,11672,,1,18,9,28
UptqVvZaPxr,Mugomari Dispensary,17597,,,2,,2
Qvul0TKYFSw,Muhaka Health Centre,16027,,,6,1,7
p1xtagfLUyQ,Muhoroni County Hospital,13831,,,5,2,7
cLo2mMOlSkq,Muhuru Sub-County Hospital,13833,,,11,8,19
G4fYKBYErXO,Mukhobola Health Centre,16029,,,12,1,13
tENZF6BO4Q7,Mukumu Hospital,16030,,,7,2,9
a7wnPPpUHuA,Mukunike Health Centre,16435,,,1,,1
Fc0JkHQA1og,Mukuru Health Centre,18463,,,21,2,23
l2TrhYBtbC8,Mukuru Mmm Clinic,13101,,,7,4,11
hBqir19pkDS,Mukurweini Sub-county Hospital,10763,,1,10,3,14
z9FKHisHLl1,Mukuyu Dispensary,16031,,,4,,4
UpaNvtGWEZi,Mukuyuni Health Centre,28609,,,2,,2
ZMBAIXYo4VE,Mukuyuni Sub County Hospital,12565,,,1,,1
swdibQaVyEC,Mulaha Dispensary,13834,,,11,,11
dLQjsqOgttT,Mulango (AIC) Health Centre,12566,,,1,,1
xWpiITvlGmC,Mulutu Mission Dispensary,12569,,,1,,1
KWE4k0FdpyQ,Mulwanda Health Centre,16033,,,1,,1
gZJrIrVhQiq,Mumbuini Dispensary,10766,"off Embu/Nairobi road, past Murinduko health centre",,2,,2
pyNcZj1SiiO,Mumias Model Health Centre,16035,,,5,,5
O5OayPfeVWC,Mundika Nursing Home,20062,,1,4,8,13
Xcn5Q2e73rw,Mundobelwa Health Centre,20516,,,3,,3
Sl09BVeTcZl,Mundoli Health Centre,16040,,,1,,1
eFmuvjEF89U,Mung'ang'a Health centre,16041,,,,1,1
yBE1qjhnu5Q,Mung'ung'u Dispensary,16042,,,,1,1
QwqmynrcOV7,Munyu Health Centre,10774,,,2,2,4
Tf9HS4ZXH3Z,Mur Malanga Dispensary,17523,,,3,,3
A19e0CHhTj3,Murang'a County Refferal Hospital,10777,,,18,5,19
faNJdzJAvKw,Mureru Dispensary,10780,,,1,,1
JPl6BiRGUjp,Murungaru Health Centre,10786,,,4,,4
HLBR8Fm8NHq,Musembe Dispensary,16865,,,2,,2
cFRuOTWF3ur,Musembe Dispensary (Lugari),16051,,,1,1,2
Ve2zZoZ9dvj,Muthale Mission Hospital,12587,off Kitui-Kabati-Mwingi road North East of Tulia town,1,2,,3
iLfGXM4vg6l,Muthambi Health Centre,12589,,,3,2,5
ELHafKamFIR,Muthara Sub-District Hospital,12591,,,2,2,4
ySJxoRMN3tm,Muthetheni Health Centre,12593,,,1,,1
kv6VZcAEqRF,Mutithi Health Centre,10798,,,7,,7
gKXNQonSJV4,Mutituni  Level 4 Hospital,12602,,1,10,,11
qEsCuWc2eMM,Mutuati Sub Couty Hospital,12605,,1,8,1,10
faEkuP9l1mp,Mutyambua Sub County Hospital,12610,,,1,,1
i091Ei10XBM,Muyeye Health Centre (Municipal),11677,Old Municipal Clinic,,11,1,12
SkwAFqB5xbI,Mvita Health Centre,11679,,,1,,1
Ukppsz4Mj3M,Mwala Subcounty Hospital,12618,,,2,2,4
eVzFQKlvAjO,Mwashuma Dispensary (CDF),16554,,,1,1,2
fcY1fkS6bL1,Mwatate Sub-District Hospital,11695,,,4,1,5
cfROZdjYJFC,Mweiga Health Centre,10809,,,3,,3
R9fTJQSUjAc,Mwer Dispensary,16788,,,6,,6
cSJA4hwmlLm,Mwihila Mission Hospital,16058,,,2,,2
VFkTXLKIbBT,Mwikalikha Health Centre,17410,,,1,,1
ClVMQmETF4u,Mwingi Level IV Hospital,12626,,1,12,,13
eEVi7Ji3nke,Mwongori Dispensary,13836,,,3,,3
uj2UMJenimd,Nabongo Dispensary,16059,,1,5,1,7
QY0YH92HfWO,Nairagie Enkare Sub-County Hospital,15277,,1,1,,2
BtD2riFtR1r,Nairobi Remand Prison Health Centre,13161,Dispensary,,3,,3
fuHWUdVeIZl,Naisoya Dispensary,15279,,,1,,1
FhqUs6aRJoX,Naitiri Sub-County Hospital,16061,,,10,4,14
m6ITwjXu5J5,Naivasha (AIC) Medical Centre,15282,,,12,,12
RU2jRqYCp2E,Naivasha District Hospital,15280,,1,36,5,42
rwmAZ2gLzS7,Naivasha GK Prison Annex Dispensary,14516,,,1,,1
OCkGCPhF8Gs,Nakuru Provincial General Hospital,15288,At Hospital road,,34,22,56
tlcvZ4jzPwM,Nakuru West (PCEA) Health Centre,15290,,,1,,1
DIvySewPpEf,Nakuru West Health Centre,15365,,1,6,1,8
gvplllzYFPk,Nakwamoru Health Centre,15292,,,2,,2
DIonv0JYDFH,Nala Maternity and Nursing Home,16062,,,2,,2
Gs3YhBmcHwO,Nalondo Health Centre (Model),17117,,,1,,1
bm0xjIsElOx,Namagara Dispensary,16064,,,4,2,6
T8ykBEN4kyI,Namanga Health Centre,15294,,1,3,1,4
Bq8H9szTsYf,Namanjalala Dispensary,17994,,,,1,1
z6NaFzIMBFT,Namasoli Health Centre,16065,,,3,,3
SPfT81d1gVx,Namba Kodero Dispensary,16273,,,9,,9
wwBB7XKIgr8,Nambale Sub County Hospital,16066,,,11,,11
G8avY4Gzra8,Namboboto Dispensary,16067,,,1,,1
vpcUN6fhhfX,Nambuku Model Health Centre,16068,,,3,5,8
Nq0dWw681Qs,Namelok Health Centre,15296,,,2,,2
NaNOAO9vdQF,Namirama Dispensary,17178,dispensary,,,1,1
q7a1TH1APLe,Namuduru Dispensary,16069,,,2,,2
DwUrEH0QR9t,Namukuse Dispensary,15301,,,2,,2
s10bI57eZ6v,Namulungu Dispensary,16070,,,1,,1
Ru5RPDkbVTR,Namusala Dispensary,21059,,,1,,1
FVZSGQeGAWy,Nandarasi Dispensary,10820,,,1,,1
ucpxRXJhTuE,Nandi Hills County Hospital,14179,In Nandi Hills town,,7,,4
EGS0saGNDoS,Nangina Dispensary,16072,,,7,,7
wZYYhq8qsZ0,Nanyuki Teaching and Referral Hospital,15305,,1,6,8,15
eUG9sXdwHag,Narok County Referral Hospital,15311,,1,16,8,25
gz6H3xfyKgn,Naromoru Level 4 Hospital,10822,,,1,,1
PpgMAHSg9Oq,Nasewa Health Centre,16074,,,3,,3
MWcwkURjOjR,Nasira Dispensary,19887,,,2,,2
Vl9yeiqpaUd,Nasusi Dispensary,16076,,,1,,1
Rvu6KPuh0ci,National Youth Service Hq Dispensary (Ruaraka),13130,,,2,,2
MPbxqvaEWLa,Navakholo Sub County Hospital,16078,hospital,1,5,3,9
NxtPmGX4kQD,Naya Health Centre,13837,,,15,,15
RG4eEDBQ8tm,Nazareth Hospital,10825,,1,12,1,14
GmnUAmcCmsV,Nazareth Hospital (Ruiru),17490,,,4,,4
ohJAsPklBdW,Ndabibi Dispensary,15318,,,2,2,4
YipErGJiLow,Ndalu Health Centre,16079,,,5,1,6
nltKVAqijoC,Ndanai Sub County Hospital,15322,,,7,,7
uAmB8MLWUbq,Ndaragwa Health Centre,10829,,,4,2,6
kIkn9YIz4Qj,Ndeda Dispensary,13839,Island in nyangoma Division,,4,,4
ZqF7NG3gANx,Ndeiya Health Centre,10831,,1,1,,2
uECirbmK3vj,Ndemi Health Centre,10832,,,2,,2
BTkvpaSEq55,Ndere Health Centre,13840,,,3,,3
XYDcUKlknf5,Ndhiwa Sub County Hospital,13841,,,23,,23
PMaCD9epy9o,Ndhuru Health Centre,13842,,,2,,2
DoHbN85NkUa,Ndindika Health Centre,15325,,,4,,4
gqskItE0Gka,Ndiru Level 4 Hospital,13843,,,10,,10
oGlCWuv7jU7,Ndisi Health Center,16771,,,5,1,6
JdqOvfWtH49,Ndiwa Dispensary,13844,,,6,1,7
QYhKgi9NMUr,Ndori Health Centre,13845,,,18,,18
DUoMcSbpU37,Ndovu Health Centre,11705,,,6,2,8
h0a0zgZUPlq,Nduga Health Centre,19868,,,1,,1
GBhUzlGBAgx,Nduru Dispensary,16787,,,4,,4
VNthlMGjt7T,Nduru Kadero Health Centre,13848,,,,1,1
AfrL9Cw3W2v,Nduru Sub County Referral Hospital,13847,,,4,,4
hWr7kmALfeT,Neissuit Dispensary,15331,,,1,,1
mZq9BpNMPFG,Nembure Health Centre,12642,,2,5,,7
kKYdOJ0uRod,New Mawingu Health Centre,10851,,,,1,
wY8b3t2QsEL,Ng'Iya Health Centre,13852,,,9,2,11
B8Y8xuk4MFf,Ng'ong'a Dispensary,17052,,,5,,5
CDd0j0WKbeJ,Ngaira Rhodes Dispensary,13121,Dispensary,,1,,1
GuFAWSVAJtr,Ngalasia Dispensary,16081,,,1,,1
yeGUcHoOF0W,Ngano Health Centre,10856,,,2,3,5
HUsIFF3CxlZ,Ngara Health Centre (City Council of Nairobi),13122,Health Centre,,8,1,9
r874ehM9tS8,Ngarua Health Centre,15339,,,3,,3
pGJgEAZ6DkV,Ngegu Health Centre,13849,,,9,,9
zJh1VaiwSDZ,Ngelel Tarit Dispensary,17829,,,6,,6
x34xUVEFge4,Ngenda Health Centre,10864,,,3,1,4
leXuCmyYwWX,Ngere Health Centre,13850,,,6,1,7
YZyIlJ1KHHA,Ngeta Health Centre,20168,Dispensary,,1,,1
dsbD2Xdq2Zg,Ngewa Health Centre,10865,,2,4,,6
XWycxNbm28F,Ngodhe Dispensary,13853,,,6,,6
fhUqSZR2MaN,Ngoliba Health Centre,10869,,,4,1,4
sk9ycClAxDu,Ngomeni Health Centre,12654,,,2,1,3
peOeXgYmRoo,Ngong Road Dispensary,13123,,,2,,2
WzIfzN4cqMu,Ngong Sub-County Hospital,15351,,,20,3,22
JpOeRsaZHoG,Ngorika health centre,10871,,,,1,1
HIEF04AulGc,Ngorongo Health Centre,10872,Ministry of Health,,1,,1
mYCbfDe5PSK,Nguku Health Center,13855,,,,11,11
O5xsvwvsy27,Nguluni Health Centre,12657,,,12,3,15
Hk4RzoagEQy,Nguni Health Centre,12658,,,10,3,13
M3drLV2Qeob,Ngwata Health Centre,12663,,,4,,5
E4jVwDn9VtO,Nightingale Medical Centre,13856,,,5,1,6
DbOdUfzRcBN,Njabini Catholic Dispensary,17560,,,3,,3
JWdMKPTg0HL,Njabini Health Centre,10878,,,5,,5
A1LHwsmDMUX,Njiru (EDARP) Clinic,17548,,,7,3,10
qvpYnC3UQ7z,Njiru Hospital,13126,,1,24,1,26
pLq3t6aiqUC,Njoro Subcounty Hospital,15358,,,22,2,24
gCRidS1x9ty,North Kinangop Catholic Hospital,10887,,,11,3,14
SezKPZmA70j,North-Lake Rocco Medical Centre,15489,,,1,,1
qzp1rXyNKFL,Nthongoni Sub County Hospital,12676,,,,4,3
xt2lltkTLza,Ntimaru Sub County Hospital,13858,,,2,,4
yHbqGh3xWsy,Nyabiosi Health Centre,16880,,,3,,3
UA0iSIHHIpp,Nyabioto Dispensary,16423,,,3,,3
T4fYNeKF5gb,Nyabondo Mission Hospital,13864,,,19,,19
vGsSZnuccgd,Nyache Health Centre,11720,,,1,,1
difHM52kujJ,Nyacheki Sub County Hospital,13867,,,4,,4
nKDcsLqOt81,Nyadhi Dispensary,17535,,,2,,2
q1fSSC4w9pO,Nyagancha Dispensary,16266,,,1,,1
UKLTU9SVDp3,Nyagoko Dispensary,13874,,,7,,7
HIEDhEPPVCE,Nyagoro Health Centre,13875,,,4,,4
Sl1MkMfCluS,Nyagoto Health Centre,13876,,,1,,1
NETZipsOma4,Nyaguda Health Center,13877,upgraded to serve as Health Center,,9,,9
jO55LWzNxCv,Nyahera Sub County Hospital,13880,,1,19,,20
dAPS3WNKy1K,Nyahururu District Hospital,10890,,,9,,9
zdklzerrVxH,Nyakach (AIC) Dispensary,13881,,1,5,,6
ffLvCT7DuPc,Nyakach County Hospital,13921,,,3,,3
D3gE54sbiH8,Nyakiambi Dispensary,15370,,,1,,1
J3865NY4ur6,Nyakongo health Centre,13884,Dispensary,,10,,10
WlgH5Q5Y6kZ,Nyakuru Dispensary,13885,,,9,4,13
uMzpY2vfUnF,Nyalenda Health Centre,13887,,,8,,8
H2Cpb3vTyOe,Nyalgosi Health Centre,13889,,1,3,,4
wUU4WZrUUgK,Nyalkinyi Health Centre,16986,,,1,,1
bSJkg11sPh7,Nyalunya Health Centre,13890,,,11,,11
gXJXJvMm9Jg,Nyamache Sub County Referral Hospital,13891,,,3,,3
kNz883gc5n8,Nyamagundo sub county hospital,13892,,,2,,2
o8IOlvEXsMe,Nyamaiya Health Centre,13894,,,4,1,5
BEJwbly8xZS,Nyamamithi Dispensary,15372,,,3,,3
UMheUvXia9d,Nyamanga Dispensary (Nyatike),13896,,,3,,3
NDFVW6VFCnE,Nyamaraga Sub County Hospital,13897,Situated in Suba West division and its a GOK Facility,,9,3,9
jYceYXy2rBf,Nyamarimba Sub County Hospital,13899,,,2,,2
pJP2SYBe0bB,Nyamasare Dispensary,13900,,,7,,7
AvzELEbLhhW,Nyamasi Health Centre,13902,,,2,,2
q0HFYe46rHe,Nyambare Health Centre,13904,,,4,,4
KCKQZfmxuKS,Nyambene Sub County Hospital,12684,,1,18,1,20
hKvUlAHlVJx,Nyamira County Referral Hospital,13912,,,12,3,15
Fb6QnAUP1Gf,Nyamonye Mission Dispensary,13914,is a Catholic dispensary in Usigu Division,,9,,9
ag64ujDJHs6,Nyanchwa Adventist Hospital,13918,,,4,3,7
mvhjOGeHZbK,Nyandago Koweru Dispensary,13919,,,10,2,12
okma2mhy9sc,Nyandiwa Level IV Hospital,13920,,,21,,21
C3hcs594UwF,Nyang'oma Mission Health Centre,13929,In Nyangoma Division.,,11,,11
Fiw6j6VJOPf,Nyang'oma Sub County Hospital,13928,,,21,,21
bNpQPT4CPfW,Nyangajo health Centre,20172,Dispensary,,18,1,19
gdjJjF3h8HT,Nyangande Sub County Hospital,13923,,,24,,24
c1b5UpHXXU7,Nyangena Hospital,13925,,,4,,4
UvpDlU8kdC9,Nyangiela Sub County Hospital,13926,,,16,3,19
WggQjuiAZV8,Nyangu Dispensary,13930,,,8,,8
OymqGMFUQan,Nyansakia Health Centre,13933,,1,,,1
vlWTrWMtRy1,Nyaoga Health Centre,16876,,,8,3,11
PLczdqs5KKm,Nyaporo Dispensary,17082,,,,2,2
sAMKlirWAu6,Nyarongi Dispensary,13940,Situated in Suba Central and its a GOK Facilily,,5,1,6
JndRLlEOlBD,Nyathengo Dispensary,13944,,,3,,3
VsubFRDKyLR,Nyathuna Level 4 Hospital,10895,,,1,,1
MTG9Ipne1mz,Nyatike Health Centre,13945,,1,1,1,3
Uma5NXphDL5,Nyawango Health Centre,18051,,2,1,,3
Oy12OVa3NVS,Nyawara Health Centre,13947,,,8,,8
JjIbDDg4pZ6,Nyawawa Health Centre,19863,,,1,,1
cKbuV6z4EJ9,Nyawita Health Centre,19864,,,2,2,4
dSXVo1RmpPp,Nyenye Misori Dispensary,13948,NEAR UHANYA BEACH IN USIGU DIVISION,,7,,7
e8KbBUYLOqY,Nyeri Provincial General Hospital (PGH),10903,,,17,,17
EddKiEXCXSD,Nyeri Town Health Centre,10905,,,10,4,14
CmRdI5qiyot,Nziu Health Centre,12693,,,3,,3
wCYNSByDP30,Nzoia Matete Dispensary,16086,,1,1,,2
Pkek2ZB6Gt3,Nzoia Sugar Dispensary,16085,,,2,,2
NymjRjDIu9W,Obalwanda Health Centre,13950,,,3,,3
mifeiXAkWps,Ober Kabuoch Health Center,13952,,,11,,11
JVl5vd8v985,Ober Kamoth Sub County Hospital,13954,,,12,,12
vtSyjpamKrj,Ober Level 4 Hospital,13953,,,4,,4
sxMelmjaLmt,Oboch Dispensary,13955,,1,5,,6
sjhSrlzV4w6,Obumba Health Centre,13956,,,1,,1
VBp82lP8VqD,Obunga Health Centre,13957,,,1,2,3
rpUTHHEQGUC,Obuya Health Centre,19866,,,6,,6
FBo2ApNsBge,Obwanda Health Centre,13958,,,3,,3
EzccfHE7VSe,Obware Dispensary,20568,,,5,,5
RPdnWtp0vRd,Ochuna Dispensary,13959,,,5,,5
OnMW8Kn4YDf,Ogada Health Centre,13960,Situated in Suba West and a its FBO Health Centre.,,5,1,6
JRvC1h1WCBh,Ogam Dispensary,13961,IN USIGU DIVISION,,4,,4
pnLsN07Qaut,Ogande Dispensary,13962,,,9,1,10
LYauDwfdLGf,Ogen Dispensary,13965,,,3,,3
JNXlOJYD4Z2,Ogongo Level 4 Hospital,13967,,,15,1,16
Q5GF0n7TnBZ,Ogra Health Centre,13968,,,18,,18
Oh2bAGRnSwV,Ogwedhi Health Centre,13969,situated in Suba East Division and its  a GOK Facility,,5,,5
xSUP8uKu35W,Ojola Sub County Hospital,13971,,,9,3,12
l5KKveuX5KY,Ojwando Health Centre,20152,,7,12,,19
BPUDPYELno3,Okiki Amayo Health Centre,13972,,,3,,3
Ma6T0CLHZnh,Okok Health Center,16259,,,25,,25
kWww1M8MQU0,Ol-Jorai Health Center,15406,,,1,1,2
zTlKBhagpJY,Olando Health Centre,13974,,,2,,2
FIDsgV3ezn0,Olasi Dispensary,13975,,,7,1,8
gYDBnsFssH6,Olasi Dispensary (Nyando),13976,Dispensary,,4,,4
ZqmBdrwI59g,Olborosat Dispensary,10911,,,1,1,2
v9kycSh3X4O,Olchorro Health Centre,15389,,,1,,1
cLBvS1WGEQF,Old Mawingu Health Centre,10912,,,1,,1
qc3yUukscvt,Olenguruone Sub County Hospital,15398,,2,3,2,7
nN3Po5pIV4t,Oljabet Health Centre,15404,,,4,,4
QaCEAVVfwZE,Olmekenyu Health Centre,15414,,,2,,2
dxZgFuOryf4,Olmoran Health Centre,15417,,,1,1,2
xGTMrXGuKGB,Ololulunga Sub County Hospital,15423,,,6,1,7
a6ZP7RjG0JA,Olps Clinic,13977,,,7,3,10
fC39oEywEQk,Ombek Health Centre,13978,,,4,1,5
FpS8TixqWn4,Ombo Kowiti Dispensary,17039,,,6,,6
OWLIOQ1qkOt,Omboga Health Centre,13980,,,13,,13
leauT4PYfDm,Omiro Health Centre,13981,,,1,,1
p6QLmTAlmyU,Onding Dispensary,17515,,,1,,1
Uvv85m35TMs,Ondong Dispensary,16277,situated in Suba East Division and its  a GOK Facility,,1,2,3
ttfohow6fXP,Oneno Health Centre,16985,,,2,,2
RW8fKrzu1Ka,Ong'ielo Model Health Centre,13987,,,13,,13
nTGZm5lNyzY,Ongata Rongai Sub County Hospital,15440,,1,22,1,24
pS72TtLnCvM,Ongito Dispensary,13988,,,5,2,7
ImG6wgclN06,Ongo Sub County Hospital,13989,,,9,,9
OlwzlLibvzd,Onyuongo Dispensary,20209,Dispensary,,2,,2
zeG49V2oKJ1,Opapla Health Centre,13990,,1,4,,5
mC9U2woN9J3,Oresi Sub County Hospital,13991,,,17,1,18
Abx1zrqutJ6,Oriang (SDA) Health Centre,16284,,,3,,3
IDjYKFT9aaF,Oriang Kanyadwera Dispensary,18422,,,1,,1
Btt2n49zIB0,Oriang' Alwala Dispensary,18086,,,3,,3
WdXqR4s4oYz,Oridi Health Center,16767,,,6,,6
fjQDkluQIse,Oroche Dispensary,13992,,,4,,4
cZQlPWrhosA,Oruba Nursing and Maternity Home,13993,,,2,,2
grOgz9Y2EUz,Orwaki Dispensary,13994,,,1,,1
VYN9LBa4AE4,Osani Community Dispensary,17726,,,11,,11
y1WqAJwDmmi,Osewre Dispensary,20069,,,1,,1
LWoO0Z47tGZ,Osieko Dispensary,17680,,,4,,4
G4FemD36hGF,Osingo Dispensary,13996,situated in Suba East Division and its  a GOK Facility,,5,,5
DmDKo97EhtM,Osogo Dispensary,13997,,,3,,3
nNxsnNursRY,Otacho Dispensary,13998,,4,4,,8
K7MbyOwY6BH,Otange Health Center,18877,,,7,,7
V6P9Brv9LmO,Otati Dispensary,13999,,,2,3,5
O1VQBaVQvat,Othach Dispensary,14000,NEAR BOARDER USIGU DIVISION  AND SIAYA DISTRICT,,3,,3
AoO1uzcsLs0,Othaya Sub County Hospital,10922,,,6,,6
hpkiX97MN3B,Othoch Rakuom Dispensary,14001,,,12,,12
eogI9KAaTj9,Othoro Level 4 Hospital (Rachuonyo),14002,,,12,1,13
HIbQsMgPQm0,Othoro Sub County Hospital,14003,,,6,1,7
tEu5VkVwaK7,Our Lady of Lourdes Mutomo Hospital,12604,,1,6,,7
lna5hD9un4O,Our Lady of Lourdes Mwea Hospital,10808,,,8,,8
xHrYMm0ZsQu,Ouya Dispensary,14005,IN NYANGOMA DIVISION,,5,,5
CDCeYZgAB3g,Oyamo Dispensary,14007,ISLAND IN NYANGOMA DIVISION,,2,,2
WV0WSrN5Wki,Oyani (SDA) Dispensary,14008,,,5,1,6
EVf9vo84kFZ,Oyani Sub County Hospital,14009,,1,7,2,10
PNrZ6dCwfLs,Oyuma Health Centre (Rachuonyo),17852,,,,1,1
qJwEgqDnkAC,Pala Level 4 Hospital,14011,,,6,,6
kuBecESrd0Y,Pala Masogo Health Centre,19859,,,4,,4
iBuAKaM0WO2,Pand Pieri Community Dispensary,14012,,5,5,2,12
ybNHUZ8G4xz,Pap Kodero Health Centre,14013,,,9,,9
udyfhz4XKDn,Patanisho Maternity and Nursing Home,12977,,,1,,1
XgnBT8Pug4r,PCEA Chogoria Hospital,11970,,,10,,10
IoqOztEzEQu,Pedo Dispensary,18725,,1,5,1,7
z3nMgma1Kt1,Piny Owacho Dispensary,17343,,,4,,4
krlkd35ayXK,Pioneer Health Centre,15463,,,10,2,12
RpW4L3sZsvi,Plateau Hospital,15464,,,4,,4
fyLoVZ0U7xq,Police Line Dispensary (Garissa),13420,,,,1,1
PtapijBoEPe,Ponge Health Center,14015,,,1,,1
WcObK0U8pXU,Ponge Health Centre (Suba North),14016,,3,,,3
pOzVvOXQ6TL,Port Florence Hospital,14017,,1,15,,16
K6JHRvs7bAu,Port Reitz Sub County Hospital,11740,,,4,1,5
vqZ76KANEWN,Port Victoria Hospital,16091,,,25,2,27
LSjjW2Uph1L,Pstc Health Centre,13153,,,2,,2
qNJkz8G7pfV,Pumwani Majengo Dispensary,13155,,,12,,12
DAfqnwB2Uhh,Pumwani Maternity Hospital,13156,,,32,,32
eMMojDvhND0,Rabai Sub County Hospital,11748,,,10,3,13
bejbJuEmJLP,Rabar Health Centre,14018,,,14,,14
aCOEeeYEcsO,Rabondo Dispensary,14019,,,7,,7
xHpOSfsb09z,Rabuor Sub County Hospital,14020,Hospital,,28,1,28
ieD6w3xqG0G,Rachar Sugar Belt Hospital,14021,,,3,3,6
Psa3nl6S4SK,Rachuonyo County Hospital,14022,,,39,8,47
t68YwvegZ4I,Rachuonyo East Sub County Hospital,13638,,,14,,14
szk9vzhrYeY,Radienya Dispensary,18722,Near Radienya primary school,,3,1,4
JcrbB7yUiAC,Radier Dispensary,14023,IN USIGU DIVISION,,5,,5
AqD7UCCUGCh,Rae Dispensary,14024,,,4,,4
ILrXVyvqFwX,Raganga Health Centre,14025,,,3,,3
mRPHsiYtXeO,Rageng'ni Dispensary,14026,,,3,,3
mbaB7dMts46,Ragwe Health Centre,18530,Dispensary,,8,,8
uNfRv08L7NJ,Railways Dispensary (Kisumu),14027,,1,13,,14
iM48NtgCfPO,Railways Dispensary (Mombasa),18211,,,1,,1
JRzEwsiGNOs,Ram Hospital,14028,,,2,,2
w6gmsyy7sL6,Rambugu Dispensary (Rarieda),17437,,,4,,4
vyIRQtMwS3K,Rambula Dispensary,16789,,,7,,7
I12ueCqFUQG,Ramula Health Centre,14030,,,7,,7
tKxiY0VjNrr,Randago Dispensary,17521,,1,7,1,9
yLorzTZpbmc,Randung' Health Centre,14031,,,6,,6
I2z6MT7pHrX,Ranen (SDA) Dispensary,14032,,7,7,,14
ytVjSxVQbQ2,Rangala Health Centre,14033,,1,14,,15
qoY3GWB320k,Rangwe (SDA) Dispensary,14035,,,14,,14
o8qbdITAWcU,Rangwe Sub-County Hospital,14036,,,10,,10
RpoDr08py8E,Rapcom Nursing and Maternity Home,14037,,,10,1,15
CHWDHwHN1da,Rariw Health Centre,14038,,,6,,6
aTQwZSIIxPA,Ratta Health Centre,14040,,,7,,7
jC5xoC8BnPT,Regaol Barnabas Medical Centre,14102,,,10,,10
rsvp3dkcgmQ,Remba Health Centre,17593,,,8,,8
p6Sle8EB5TO,Rera Health Centre,14042,,,7,,7
XIIEtZGP1iY,Rhonda Health centre,20137,,1,11,6,18
PduUv9FH59L,Riana Health Centre,14045,,,1,,1
RuEWpmWUmCM,Riat Dispensary,14046,,,2,,2
g8H5Hr3A1QX,Riat Dispensary (Migori),14047,,,5,,5
ueSbUJtjGM9,Ringiti Health Centre,17710,,,1,1,2
ZyVu64QtPyq,Riotanchi Health Centre,14054,,,2,,2
GOxptySBE5j,Riruta Hospital,13165,,,22,2,24
xOk8BwV5Uta,Rodi Health Centre,14057,,,7,1,8
EumBiY0A93D,Rombo Health Centre,15490,,,1,,1
IZ78jKxuNvk,Rongai Health Centre,15495,,,5,3,8
KV7mZo1P75i,Rongo Sub County Hospital,14058,,1,38,3,42
t5ezj03HWYj,Roret Sub County Hospital,15498,,,3,,3
E5fkFJ09xpE,Rota Health Centre,14060,,1,2,,3
G2SApeuVqIS,Royal Medical Hospital and Maternity Home Limited,14061,,,9,,9
QtLL3zPlb1l,RTC Medical Centre,21648,,,2,,2
MEh9RhjHr40,Ruai (EDARP) Clinic,13169,,,5,2,7
tdskla3Fuag,Ruai Health Centre,13171,,,9,,9
pk6P7fleFU8,Ruaraka Uhai Neema Hospital,18485,,,9,,9
d62fP00Szyv,Ruiru Sub-County Hospital,10973,,1,31,4,36
KK9ISvjjUvP,Rukala Model Health Centre,16095,,,1,,1
JXcyxGXlL9O,Rumbiye Dispensary,16096,,,,1,1
OSC2ngoYEYM,Rumuruti District Hospital,15502,,,8,,8
f8GXUUOSkR6,Runyenjes Sub County Hospital,12719,,,10,2,12
gComlbUf3gB,Rusinga Dispensary,14062,,,1,,1
gWGorl4dyrC,Rusinga Island of Hope Humanist Health Centre,17594,,,9,,9
bXn7IY2ZYMz,Rwambwa Sub-county Hospital,14063,,1,10,,11
OKBBkzppdal,Sabasaba Health Centre,10987,,,6,,6
m6zhE2pzHWO,Sabatia Sub County Hospital,16098,,,9,,9
ikKNYc51MsI,Saboti Sub County Hospital,15508,,1,4,,5
q9xXncCEGRK,Sacred Heart Dispensary,10988,,,3,1,4
iHIbDSA0diT,Sagala Health Centre,11764,,2,,,2
cPU7gAlPGs7,Sagam Community Hospital,14064,,,5,,5
sm3tsYY05ZR,Sagana Sub County Hospital,10994,,,6,,6
TDU6t8gEJgE,Sakali Dispensary,19960,,,4,,4
h1N41fJwQ7f,Sakutiek Health Centre,15516,,,1,,1
GrY2IDpso5W,Samburu County Referral Hospital,15126,,1,5,,6
GRZc4EZ9PuV,Samburu Sub County Hospital,11768,,1,3,1,5
INSq5Fh6r5M,Sango Natiri Health Centre,17986,,,2,,2
taNmXyxY87R,Sango Rota Health Centre,14066,,1,,1,2
VqXehjCiW9C,Saradidi Dispensary,14068,,,3,,3
NpKmhJBECVb,Saro Dispensary,14069,Situated in Suba West division and its a GOK Facility,1,10,,11
vhGugNZUV3w,Savane Dispensary,16101,,,1,1,2
XBVHcByduVe,Sayyida Fatimah Hospital,11774,,,6,1,7
Q1YHVG2A0U1,Sega Dispensary,14072,,,9,,9
ntP34s4jDH5,Sega Mission Hospital,14073,,,20,2,22
m9uOfQmxGGw,Segera Mission Dispensary,17029,,,,,5
EwpG2Q4y05m,Segere Dispensary,16790,,,11,,11
XzlKeCEvztb,Sekenani Health Centre,15541,,,2,,2
tnPObrjA9RC,Sena Level 4 Hospital,14075,,,22,,22
Wm51OW03KAk,Sengani Health centre,16440,,,3,1,4
TvQQht1n3MH,Serawongo Dispensary,14077,IN NYANGOMA DIVISION,,12,,12
KZokajoLAXf,Seregeya Dispensary,16102,,,2,,2
oIfTa0e3Og0,Serem Health Centre,16103,,,8,2,10
amRQYjheywd,Shalom Community Hospital,12730,,,3,,3
BRIBehwYmcd,Shamakhubu Health Centre,16104,,,2,1,3
dU7dDBWWWDi,Shamata Health Centre,11004,,,4,,4
UNbhlHZjMF2,Shamberere Health Centre,16105,,,2,1,3
d7xdgRnT1pE,Shianda Dispensary,20194,,,2,1,3
PuVGCzBiYAp,Shibanze Dispensary,16123,,,6,,6
y1jWd1Ug7ts,Shibwe Sub-County Hospital,16107,,1,4,,5
HqFDy2vEQz6,Shika Adabu (MCM) Dispensary,11785,,1,2,,3
VymFeOiKKGv,Shikunga Health Centre,16111,,,,4,4
nNM3ZA9ErqU,Shikusa Health Centre,16112,,1,,,1
xFwky80rnjq,Shimo La Tewa Annex GK Prison Dispensary,11393,,,3,,3
gvaEWrl758j,Shimo-La Tewa Health Centre (GK Prison),11395,,,5,,5
el6wJ3PIq0h,Shining Hope for Communities Mathare Medical Clinic,,Medical center,,13,,13
kbg8aYUzgUM,Shinyalu Model Health Centre,17596,,,9,2,12
agO9AbQPxH4,Shiraha Health Centre,16116,,,,1,1
cF9orSjuiaV,Shirikisho Health Centre,14078,,,21,,22
HBsqa81tb5L,Shiru Health Centre,16117,,,9,,9
fB3xG06tgRu,Shisaba Dispensary,16118,,,3,3,5
KzjIbQebF4W,Shiseso Health Centre,16119,,,1,4,1
DN1DpNnTw3q,Shitsitswi Health Centre,16121,,,3,2,5
c6oal13vwWU,Shivanga Health Centre,16122,,1,1,,2
SQ7NgzUYOjt,SHOFCO Medical Clinic (Kibera),17650,,,4,,4
X6eQyywhuHF,Siala Kaduol,18426,,,3,,3
b3yukBxVi1J,Siaya County Referral Hospital,14080,"In Siaya Town, along Siaya Ugunja road",,38,2,40
lVnCyawh28t,Siboti Model Health Centre,16124,,,1,,1
MxwFljO9mmy,Sibuoche Dispensary,14082,,,3,14,17
UDjLzocKru9,Sifuyo Health centre,14084,,,5,,5
z4pEZ9GMUj7,Sigomere Sub County Hospital,14085,,,10,1,11
MdNfM770c0k,Sigor Sub County Hospital,15564,,,4,,4
eH1iSu1tL6t,Sigoti Health Centre,14086,,,5,,5
YLsrbfNIQuI,Sigowet Sub County Hospital,15568,,,6,,6
BvSVueanUP2,Sikalame Health Centre,14087,,,6,,6
fGgr17UV6Q6,Sikarira Health Centre,16485,,,1,,1
OjOnxCLQ1lM,Sikusi Dispensary,18145,,,1,,1
UmN02RNDmtB,Silanga (MSF Belgium) Dispensary,13186,,,15,4,15
LeiEBPdQtoW,Silibwet Dispensary (Bomet),15570,,1,4,,5
PoAHq41Wjsk,Silibwet Health Centre (Nyandarua West),11009,,,,1,1
heqPEgGraSS,Simba Health Centre,15574,,,2,,2
uirOz9L34AZ,Simba Opepo Health Centre,14088,,,1,,1
R7ltdc1WXOJ,Simbi Health Centre,14089,,,6,1,7
bsWJDHxiuNB,Simenya Health Centre,14091,,4,3,,7
eDnVQzkzc3B,Sio Port Sub County Hospital,16128,,,9,3,12
fFbd7D0gwb9,Siongiroi Health Centre,15587,,,1,2,3
Gp3mDe3mSdO,Sipili Health Centre,15589,,,3,,3
uGrCgcX6xGk,Sirimba Dispensary,16129,,,1,1,2
LM6YIpZduiU,Sirisia Sub County Hospital,16130,,,5,1,6
DDiNOmleakD,Siruti Dispensary,17051,,,6,,6
MnFD3y1T1GX,Sisenye Dispensary,16131,,,1,1,2
p6qxKcVn83Y,Sitatunga Dispensary,17027,,2,3,,5
S42NaQ2x43j,Sogoo Health Centre,15605,,,3,,3
XMu4DpnN95t,Soin Sub County Hospital,15200,,,4,2,6
Gk01HeIfjsg,Sondu sub county Hospital,14096,,,7,,7
sR008hvpu5e,Sony Medical Centre,14097,,,7,,7
zwV7ekHDAwe,Sori Lakeside Nursing and Maternity Home,14098,,,11,,11
QDmFmtWKepp,Sos Dispensary,13189,,,6,,6
YTqyEB3FYOe,Sosiot Health Centre,15617,,,8,1,9
zvWQ5tdZfKO,Sotik Health Centre,15619,,,7,1,8
fmLvEUsG5e5,Soweto Kayole Phc Health Centre,13017,Near Soweto Kayole Police Station,,8,2,10
QbU1gBuwzxH,Soy Health Centre,15623,,,8,4,12
Gwo8OLfAeek,Soy Sambu Dispensary,16134,,,2,,2
ZLiupnhoyzT,Special Treatment Clinic,13193,,,7,,7
Dsv44iuGboK,St Akidiva Memorial Hospital,14101,Situated in Suba Central and a private Hospital.,,2,2,4
BNuAK6oLAp4,St Alice (EDARP) Dandora Clinic,18219,,,15,2,17
PJESmU1NFjO,St Ann Hospital,12743,,,1,4,3
F3baHs7ruQU,St Barbara Mosocho Health Centre,13822,,,2,,2
AYsyVI9BxYn,St Barkita Dispensary Utawala,17723,,,2,,2
DThwjc1ds5J,St Benedetto Health Centre,16526,,,,1,1
UeRIwewVX7n,St Bridgit Kalemunyang Dispensary,14661,,,1,,1
JJHQ16uTrPX,St Camillus Mission Hospital,14103,,1,19,2,22
ymVyoLJ8yId,St Catherine Napetet Dispensary,15634,,,1,,1
gbGbqNrcrFv,St Catherine's Mission Ichuni,20914,,,4,,4
hCCacTXjCYp,St Charles Lwanga Dispensary,11030,,,3,2,5
zjvUyYZscbf,St Charles Lwanga Health Centre,15957,,,,4,4
LhqVXAyAmeX,St Clare Bolo Health Centre,14104,,,7,1,8
IKD1KqSlD7j,St Clare Medical Centre,16137,,,1,1,2
ZKVebVoAh99,St Damiano Mission Hospital,16138,,,1,4,5
tTAHvMCQVS1,St Elizabeth Chiga Health Centre,14106,FBO,,28,,28
nXaMv9GOjWk,St Elizabeth Health Centre,15636,,,4,2,6
O9btQp8H7N8,St Elizabeth Lorugum Health Centre,15089,,,1,,1
PvuLFowO5Cs,St Elizabeth Lwak Mission Health Centre,13739,,1,10,2,13
SeLYvjWGi5f,St Francis Community  Hospital,13202,,,6,,6
TLYxOpSwSUe,St Jairus Hospital,21766,,,2,,2
MCxYHCi7SKV,St Jane Nursing Home,16870,,,3,,3
HiYExi21bCp,St John Hospital,13205,,,2,1,3
sFRSyKkdRWy,St John of God Hospital Tigania,12799,,,1,4,5
dQnlgfrAj7g,St Joseph (EDARP) Clinic,13207,,,11,1,12
nI19Olg7c4G,St Joseph Hospital,15647,,,2,1,3
Oa3osQS1OkN,St Joseph Mission Hospital,14110,Situated in Suba Central and a its FBO Hospital,1,37,1,39
ZYF5HlmIFYp,St Joseph Mukasa Dispensary,13208,2,,4,,4
K9f6OavyAsf,St Joseph W Dispensary (Westlands),13209,,,6,,6
AHM06z0QKsS,St Joseph's Health Centre (Dagoretti),13210,,,8,2,10
OHZYEciQDBh,St Joseph's Mission Hospital,13936,,,1,,1
yr1OdefeL3S,St Joseph's Obaga Dispensary,14111,,,2,,2
iV6KcqpZpNP,St Joseph's Shelter of Hope,11817,,,5,,4
Dpo1W5ZFOY0,St Lukes ( ACK) Nursing Home(Kaloleni),11818,,,13,1,14
bX5nd5eRa7d,St Mark's Lela Health Centre,14118,,,10,,10
Y9ozzrFMnYy,St Mary Health Centre (Kiserian),15652,,,3,,3
Ohe5HjRN8PF,St Mary's Hospital (Gilgil),15654,,,3,,3
Ohx8SxDgCfo,St Mary's Hospital (Mumias),16141,,,13,4,17
uTKCtfaYGm3,St Mary's Kapsoya Dispensary,15655,,,2,,2
chXwFzmckgz,St Mary's Mission Hospital,13218,,,13,,13
tXopH4h3EtN,St Mary's Yala Dispensary,16418,,,1,,1
KH5TZ2Kiuld,St Mercelline Roo Health centre (Suba),14059,,,9,2,11
yFn8SX1qQbG,St Monica Hospital,14120,,,6,14,20
Cpr8bbDF973,St Monica Hospital (Town Clinic),20836,,,8,1,9
Qv62ysRtBDq,St Monica Nakwamekwi Dispensary,15661,,1,5,2,8
gMhjxJKU9mM,St Monica Rapogi Hospital,14121,,1,25,1,27
umZH5Ae9wN1,St Mulumba Mission Hospital,10765,,,5,,5
L3W78DWaVfN,St Patrick Health Care Centre,13222,,,1,,1
bPtuj3SUxZm,St Patrick Kanamkemer Dispensary,15662,,1,6,2,9
Xac1eOb2dTq,St Paul Dispensary,14123,,,10,1,11
QDx1Cr19K3c,St Paul's Mission Hospital,14124,,,23,,23
COpiQeVtvEL,St Pius Musoli Health Centre,16145,,1,3,,4
yE0YJfPxCUc,St Raphael's Clinic,17683,,,2,,2
XzQQ1Kwv9lP,St Teresa Catholic Dispensary,11069,,,4,,4
nGyonUvdpOm,St Theresa Hospital (Kiirua),12303,,,5,5,10
zm8SMP2MmKm,St Therese Dispensary,15667,,,4,2,6
jNY1DdzbBDr,St Veronica EDARP Clinic,18409,FBO,1,11,2,14
dEPpmoSHG1v,St Vincent Catholic Clinic,13230,,,6,4,10
OaoMmCrvSNm,St Vincents De Paul Health Centre,14128,,,7,2,9
MsF0OYgs0ut,St. Monica Eregi Mission Health Centre,15881,,,1,,1
nmHHcE1kOsS,St. Peters Clever Health Centre,13795,,,4,,4
fUwtOHR3iUn,St.Mary's Ringa Health Centre,20364,,,7,,7
LqjMvQa9FEg,St.Raphael Dispensary (Matisi),18515,,,1,2,3
yY09wUgxTvI,St.Scholastica Uzima Hospital,13246,,,6,,6
zkY1vTT6ZhX,Star Maternity & Nursing Home,14129,,,4,,4
bKNoJXJZYXg,State House Dispensary (Mombasa),11831,,,1,,1
rLTST5T975t,Suba North Sub-County Hospital,13798,,,29,4,33
bPtrtamWTmT,Suba Sub County Hospital,14130,,,30,,30
v0GRG4yvnRW,Subukia Sub County Hospital,15678,,1,6,2,9
Cl76IbPa084,Suguta Health Centre,14131,,,5,,5
t75KnRpIucJ,Sultan Hamud Sub County Hospital,12777,,,12,2,14
r7hNHZYd4pj,Sumba Community Dispensary,14133,,,5,,5
xKOxyxxlXk1,Suna Nursing and Maternity Home,14134,,,4,,4
hcF52HKSsCR,Suna Rabuor Dispensary,14135,situated in Suba East Division and its  a GOK Facility,,7,,7
Sepsy4Bb35C,Suna Ragana Dispensary,14136,Situated in Suba Central and its a GOK Facilily,1,12,2,15
XgCDq1zkmPu,Sunga Dispensary,17175,,,2,,2
NxWEAdV6b7a,Suwerwa Health Centre,15692,,,4,,4
Pz39ORJFqm7,Swindon St Elizabeth Clinic,14138,,,8,,8
erge4sMabaa,Tabaka Mission Hospital,14139,,,13,2,15
B7uMXQhtT6l,Tabitha Medical Clinic,13234,,,7,2,9
a4s2wKfJc30,Takaungu Dispensary,11836,,,,3,3
QFr0QG0e4r6,Takawiri Health Centre,14140,,,1,,1
ZZNxSbbRSpF,Takitech Dispensary,15700,,,5,,5
Jp842VS9qqy,Tala Health Centre,17170,,,4,,4
AXYL3o00Lq2,Tambach Sub-County Hospital,15703,,,1,,1
PENvTx4fphA,Tamu Health Centre,14141,,,,2,2
yLBn5USmgz1,Tanaka Nursing Home,16149,,,13,,13
qThsoxvdyh3,Tarakwa Health centre,15710,,1,,,1
hVc9GNgGPYF,Taru Dispensary,11838,,,4,,4
xlKQSUOfy0y,Taveta Sub County Hospital,11840,,,6,1,7
oDO5QS3lXAv,Tawa Sub-County Hospial,12787,,,7,,7
Wcgkpv2BHcy,Tawfiq Muslim Hospital,11843,,,3,,3
Ofg6EXpIiv1,Tenges Health Centre,15718,,,1,,1
YYQm99dJJ7X,Teso North Sub County Hospital,16150,,,11,2,13
CZvhXoH6bT8,The Hope Medical Centre-Awasi,18415,Maternity and Nursing home,,1,,1
mVjvQPVEjR6,The Mater Misericordiae Hospital (Mukuru),13074,,,32,,32
rW142rztOPK,Thiba Health Centre,11092,,,5,,5
KFaSkuOoYYU,Thika Level 5 Hospital,11094,,,27,5,32
sJHMc412zV6,Thim Lich Dispensary,16278,,,4,,4
X1oLiwDSw9V,Thinu Health Centre,12796,,,1,,1
x8dwth6BYiK,Tigoi Health Centre,16151,,,2,,2
jyOgldxx4Ok,Tigoni Level 4 Hospital,11104,,,7,1,8
d0imj0dhHw1,Timau Sub-County Hospital,12802,Timau Hospital is off Meru Nanyuki road next to the County Commissioners' office,,1,,1
qST1ERiAwNm,Timboni Community Dispensary,11851,,,3,1,4
wbP8qyNnPJ2,Timboroa Health Centre,15725,,,4,,4
kuzvgtX2kyS,Ting'wangi Health Centre,14148,,,11,2,13
tU8NI8ktS8x,Tinga Health Centre,14146,,,2,,2
dLWshrUrHts,Tinganga Catholic Dispensary,17094,,,5,,5
n8Ox0LYd7Di,Tingare Health Centre,14147,,,4,,4
LFBf0WwBzaX,Tisinye Health Centre,14149,,,3,,3
gEvZgtrunJY,Tiwi RHTC,11853,,,2,2,4
iUpiwFY2vI7,Tom Mboya Dispensary,15732,,1,2,2,5
COhi5Nktve9,Tom Mboya Memorial Level 4 Hospital,14150,,,3,2,5
exNcDMt9Cjs,Tongaren Model Health Centre,16152,,1,1,,2
XNC30RIDLbz,Tononoka Ap Dispensary (Tononoka),11223,,,3,1,4
MkgvUQue97g,Transmara West Sub County Hospital,15739,,,10,,10
fBY4PYGFVBq,Tseikuru Sub County Hospital,12805,,,2,,2
QXYRGaSfPBL,Tudor District Hospital (Mombasa),11861,,1,6,3,12
R7cVUaPd35q,Tulwet Health Centre,15747,,,1,1,2
gYw2xH5qMIW,Tumaini Medical Clinic,21624,Offering general outpatient services,,1,,1
eQ411WldmOy,Tumutumu (PCEA) Hospital,11124,,,8,1,9
eDZupn6owH8,Tunyai Health centre,12813,,,1,,1
g1sQi5lt96i,Turbo Sub County Hospital,15753,,,23,6,29
hZqDvGaLiEr,Turi (PCEA) Dispensary,16820,,,1,,1
jbufYjWV5II,Turkwel Health Centre (Loima),15754,,,1,,1
BnJMDZDz0qa,Uasin Gishu District Hospital,15758,,,20,7,27
weyCAoCYvTj,Ugina Health Centre,14155,,,3,,3
TftBThfkPx8,Uhembo Dispensary,17532,,,1,,1
tiYkFi2qKxp,Uhuru Dispensary,15759,,,2,,2
TXGyS25PjDj,Uhuyi Dispensary,14107,,,4,,4
izw2qiqKFYI,Ukwala Sub County Hospital,14156,,,32,,32
i7fRWb47rxA,Ulungo Dispensary,14158,in usigu Division . boarders Yala swamp in Siaya District .the facility is very far from the main road almost 8km,,3,,3
JR47sh98qKk,Uluthe Dispensary,13799,,,3,2,5
adrt3yquw88,Umer Dispensary,17530,,,8,,8
zGAtALrJYYg,Umoja Health Centre,13240,,,16,,16
QEnV6142tKT,Unga Health Center,20242,,,4,,4
ER9BOdawZcT,Uradi Health Centre,17183,,,8,2,10
mGga9qtmJEk,Urenga Health Centre,14159,,,7,,7
eNAWFykGp3w,Uriri Sub County Hospital,14161,,,25,1,26
QqzDmPTu1tk,Usao Health Centre,14162,,,5,,5
U0QSt0gU4Am,Usenge Dispensary,14163,in Usigu Division,,6,,6
fWva3QHl9PM,Ushirika Medical Clinic,13245,,,3,2,1
Iya3kdsvW1A,Usigu Health Centre,14164,in Usigu Division,,17,,17
NwNdyVDgAPq,Usoma Health Centre,16664,,,4,,4
Aor4slMUZ22,Uthiru Health Centre,11141,,,8,1,9
I5TrVHHQiTO,Uwanja Wa ndege Dispensary,23925,,,1,,1
pdEPFrsSUIf,Uyawi Sub County Hospital,14165,in nyangoma Division,,25,,25
CFOmFTRmpEp,Vanga Health Centre,11879,,,3,,3
cd2oXY1uQan,Verna Health Centre,14166,,,17,,17
mfkFWNnJ5AP,Vigetse Medical Clinic,20692,OFF LUSIOLA MARKET ROAD,1,2,,3
Yb2CWS6G5vL,Vigurungani Dispensary,11880,,,2,,2
ZJARL7Ml1Hp,Vihiga County Referral Hospital,16157,NEAR GOVERNORS OFFICE,,17,,17
dhpZNi2matH,Vihiga Health Centre,16158,OFF MAJENGO -KIMA ROAD NEAR VIHIGA POLICE STATION,,2,,2
hCnhN2p6C9T,Vipingo Rural Demonstration Health Centre,11881,,,3,4,7
xcPoUmNUMhX,Vyulya Dispensary,12837,,,1,,1
igio73d1icL,Wagai Health Centre,16792,,,4,1,5
SWsrrwl19XQ,Wagoro Dispensary (Rarieda),17438,,,4,,4
cEJrVBkq5x3,Wagwe Health Centre,14168,,,8,,8
HK7E1p1vij4,Waithaka Health Centre,13249,,1,8,3,12
JQyaWox11FU,Wakula Health Centre,14169,,,6,,6
PjOTQQUb94v,Wamagana Health Centre,11161,,,2,,2
mz7QyEwYs6W,Wamba Sub County Hospital,15768,,,1,,1
lDwCRAzs0hC,Wamunyu Health Centre,12841,,,2,,2
gNujOVxWPWY,Wananchi Nursing Home,11891,,,2,2,4
htS3CRkD3WD,Wanganga Health Centre,18283,Health Centre,,1,,1
OgKxzrPyq6n,Wangige Sub-County Hospital,11170,,,19,6,25
lqUH9qJYc2r,Wanjohi Health Centre,11173,,1,2,1,4
FlMDRiCxNoC,Warazo Rural Health Centre,11176,,,1,,1
jSsqGE88rMQ,Wath Onger Health Center,14170,,,16,,16
cW5YDD9s3fq,Waware Health Centre,14171,,,7,,7
Jfpsre91xXE,Webuye Health Centre,16160,,,1,,1
niedF4o5ctT,Webuye Hospital,16161,,,8,5,13
QcA3MMostYn,Wema Centre Medical Clinic,11902,,,12,1,13
ntFlGCG7dUY,Wesley Health Centre,15778,,,1,,1
XqkFtJhq4Db,West Health Centre,15779,,2,9,2,13
a0XwYzX3wfw,Westlands Hospital,13258,,,8,7,15
wCSn2WNV6Gq,Wesu Sub County Hospital,11906,,,,1,1
MO9z02WLRpY,Wiga Health Centre,14172,,,6,,6
sNVr5pZoEuQ,Wikondiek Health Centre,19909,,,1,1,2
dW7oScLnDy2,Winjo Dispensary,14173,,,2,1,3
zc2OxGFBTln,Wire Dispensary,14174,,,10,,10
LNeiFE8eJWb,Wiyeta Dispensary,15783,,,3,,3
UY3IInX1rgt,Yago Dispensary,16279,,,1,,1
eaXhspDplci,Yala Health Centre,17069,,,14,,14
AlbZLFgtUXp,Yala Sub County Hospital,14175,,,14,,14
ke4moKRIpK6,Ziwa La Ng'ombe Health Centre,22086,,,2,,2
FiVYprOCJvG,Ziwa Sub County Hospital,15788,,,11,3,12
